<?xml version="1.0" encoding="UTF-8"?>
<kml xmlns="http://www.opengis.net/kml/2.2">
  <Document>
    <name>Estación Central Case Study</name>
    <description/>
    <Style id="icon-1739-0288D1-normal">
      <IconStyle>
        <color>ffd18802</color>
        <scale>1</scale>
        <Icon>
          <href>https://www.gstatic.com/mapspro/images/stock/503-wht-blank_maps.png</href>
        </Icon>
      </IconStyle>
      <LabelStyle>
        <scale>0</scale>
      </LabelStyle>
    </Style>
    <Style id="icon-1739-0288D1-highlight">
      <IconStyle>
        <color>ffd18802</color>
        <scale>1</scale>
        <Icon>
          <href>https://www.gstatic.com/mapspro/images/stock/503-wht-blank_maps.png</href>
        </Icon>
      </IconStyle>
      <LabelStyle>
        <scale>1</scale>
      </LabelStyle>
    </Style>
    <StyleMap id="icon-1739-0288D1">
      <Pair>
        <key>normal</key>
        <styleUrl>#icon-1739-0288D1-normal</styleUrl>
      </Pair>
      <Pair>
        <key>highlight</key>
        <styleUrl>#icon-1739-0288D1-highlight</styleUrl>
      </Pair>
    </StyleMap>
    <Style id="icon-1739-DB4436-normal">
      <IconStyle>
        <color>ff3644db</color>
        <scale>1</scale>
        <Icon>
          <href>https://www.gstatic.com/mapspro/images/stock/503-wht-blank_maps.png</href>
        </Icon>
      </IconStyle>
      <LabelStyle>
        <scale>0</scale>
      </LabelStyle>
    </Style>
    <Style id="icon-1739-DB4436-highlight">
      <IconStyle>
        <color>ff3644db</color>
        <scale>1</scale>
        <Icon>
          <href>https://www.gstatic.com/mapspro/images/stock/503-wht-blank_maps.png</href>
        </Icon>
      </IconStyle>
      <LabelStyle>
        <scale>1</scale>
      </LabelStyle>
    </Style>
    <StyleMap id="icon-1739-DB4436">
      <Pair>
        <key>normal</key>
        <styleUrl>#icon-1739-DB4436-normal</styleUrl>
      </Pair>
      <Pair>
        <key>highlight</key>
        <styleUrl>#icon-1739-DB4436-highlight</styleUrl>
      </Pair>
    </StyleMap>
    <Style id="icon-1899-0F9D58-normal">
      <IconStyle>
        <color>ff589d0f</color>
        <scale>1</scale>
        <Icon>
          <href>https://www.gstatic.com/mapspro/images/stock/503-wht-blank_maps.png</href>
        </Icon>
        <hotSpot x="32" xunits="pixels" y="64" yunits="insetPixels"/>
      </IconStyle>
      <LabelStyle>
        <scale>0</scale>
      </LabelStyle>
    </Style>
    <Style id="icon-1899-0F9D58-highlight">
      <IconStyle>
        <color>ff589d0f</color>
        <scale>1</scale>
        <Icon>
          <href>https://www.gstatic.com/mapspro/images/stock/503-wht-blank_maps.png</href>
        </Icon>
        <hotSpot x="32" xunits="pixels" y="64" yunits="insetPixels"/>
      </IconStyle>
      <LabelStyle>
        <scale>1</scale>
      </LabelStyle>
    </Style>
    <StyleMap id="icon-1899-0F9D58">
      <Pair>
        <key>normal</key>
        <styleUrl>#icon-1899-0F9D58-normal</styleUrl>
      </Pair>
      <Pair>
        <key>highlight</key>
        <styleUrl>#icon-1899-0F9D58-highlight</styleUrl>
      </Pair>
    </StyleMap>
    <Style id="icon-1899-FFD600-nodesc-normal">
      <IconStyle>
        <color>ff00d6ff</color>
        <scale>1</scale>
        <Icon>
          <href>https://www.gstatic.com/mapspro/images/stock/503-wht-blank_maps.png</href>
        </Icon>
        <hotSpot x="32" xunits="pixels" y="64" yunits="insetPixels"/>
      </IconStyle>
      <LabelStyle>
        <scale>0</scale>
      </LabelStyle>
      <BalloonStyle>
        <text><![CDATA[<h3>$[name]</h3>]]></text>
      </BalloonStyle>
    </Style>
    <Style id="icon-1899-FFD600-nodesc-highlight">
      <IconStyle>
        <color>ff00d6ff</color>
        <scale>1</scale>
        <Icon>
          <href>https://www.gstatic.com/mapspro/images/stock/503-wht-blank_maps.png</href>
        </Icon>
        <hotSpot x="32" xunits="pixels" y="64" yunits="insetPixels"/>
      </IconStyle>
      <LabelStyle>
        <scale>1</scale>
      </LabelStyle>
      <BalloonStyle>
        <text><![CDATA[<h3>$[name]</h3>]]></text>
      </BalloonStyle>
    </Style>
    <StyleMap id="icon-1899-FFD600-nodesc">
      <Pair>
        <key>normal</key>
        <styleUrl>#icon-1899-FFD600-nodesc-normal</styleUrl>
      </Pair>
      <Pair>
        <key>highlight</key>
        <styleUrl>#icon-1899-FFD600-nodesc-highlight</styleUrl>
      </Pair>
    </StyleMap>
    <Style id="poly-558B2F-1201-125-nodesc-normal">
      <LineStyle>
        <color>ff2f8b55</color>
        <width>1.201</width>
      </LineStyle>
      <PolyStyle>
        <color>7d2f8b55</color>
        <fill>1</fill>
        <outline>1</outline>
      </PolyStyle>
      <BalloonStyle>
        <text><![CDATA[<h3>$[name]</h3>]]></text>
      </BalloonStyle>
    </Style>
    <Style id="poly-558B2F-1201-125-nodesc-highlight">
      <LineStyle>
        <color>ff2f8b55</color>
        <width>1.8015</width>
      </LineStyle>
      <PolyStyle>
        <color>7d2f8b55</color>
        <fill>1</fill>
        <outline>1</outline>
      </PolyStyle>
      <BalloonStyle>
        <text><![CDATA[<h3>$[name]</h3>]]></text>
      </BalloonStyle>
    </Style>
    <StyleMap id="poly-558B2F-1201-125-nodesc">
      <Pair>
        <key>normal</key>
        <styleUrl>#poly-558B2F-1201-125-nodesc-normal</styleUrl>
      </Pair>
      <Pair>
        <key>highlight</key>
        <styleUrl>#poly-558B2F-1201-125-nodesc-highlight</styleUrl>
      </Pair>
    </StyleMap>
    <Style id="poly-BDBDBD-1-255-nodesc-normal">
      <LineStyle>
        <color>ffbdbdbd</color>
        <width>0.001</width>
      </LineStyle>
      <PolyStyle>
        <color>ffbdbdbd</color>
        <fill>1</fill>
        <outline>1</outline>
      </PolyStyle>
      <BalloonStyle>
        <text><![CDATA[<h3>$[name]</h3>]]></text>
      </BalloonStyle>
    </Style>
    <Style id="poly-BDBDBD-1-255-nodesc-highlight">
      <LineStyle>
        <color>ffbdbdbd</color>
        <width>0.0015</width>
      </LineStyle>
      <PolyStyle>
        <color>ffbdbdbd</color>
        <fill>1</fill>
        <outline>1</outline>
      </PolyStyle>
      <BalloonStyle>
        <text><![CDATA[<h3>$[name]</h3>]]></text>
      </BalloonStyle>
    </Style>
    <StyleMap id="poly-BDBDBD-1-255-nodesc">
      <Pair>
        <key>normal</key>
        <styleUrl>#poly-BDBDBD-1-255-nodesc-normal</styleUrl>
      </Pair>
      <Pair>
        <key>highlight</key>
        <styleUrl>#poly-BDBDBD-1-255-nodesc-highlight</styleUrl>
      </Pair>
    </StyleMap>
    <Folder>
      <name>Demandas</name>
      <Placemark>
        <name>punto_1</name>
        <description><![CDATA[latitud: -33.4575314<br>longitud: -70.6989419<br>demanda: 131]]></description>
        <styleUrl>#icon-1739-0288D1</styleUrl>
        <ExtendedData>
          <Data name="latitud">
            <value>-33.4575314</value>
          </Data>
          <Data name="longitud">
            <value>-70.6989419</value>
          </Data>
          <Data name="demanda">
            <value>131.0</value>
          </Data>
        </ExtendedData>
        <Point>
          <coordinates>
            -70.6989419,-33.4575314,0
          </coordinates>
        </Point>
      </Placemark>
      <Placemark>
        <name>punto_2</name>
        <description><![CDATA[latitud: -33.4576617<br>longitud: -70.6975203<br>demanda: 134]]></description>
        <styleUrl>#icon-1739-0288D1</styleUrl>
        <ExtendedData>
          <Data name="latitud">
            <value>-33.4576617</value>
          </Data>
          <Data name="longitud">
            <value>-70.6975203</value>
          </Data>
          <Data name="demanda">
            <value>134.0</value>
          </Data>
        </ExtendedData>
        <Point>
          <coordinates>
            -70.6975203,-33.4576617,0
          </coordinates>
        </Point>
      </Placemark>
      <Placemark>
        <name>punto_3</name>
        <description><![CDATA[latitud: -33.4577183<br>longitud: -70.6815119<br>demanda: 221]]></description>
        <styleUrl>#icon-1739-0288D1</styleUrl>
        <ExtendedData>
          <Data name="latitud">
            <value>-33.4577183</value>
          </Data>
          <Data name="longitud">
            <value>-70.6815119</value>
          </Data>
          <Data name="demanda">
            <value>221.0</value>
          </Data>
        </ExtendedData>
        <Point>
          <coordinates>
            -70.6815119,-33.4577183,0
          </coordinates>
        </Point>
      </Placemark>
      <Placemark>
        <name>punto_4</name>
        <description><![CDATA[latitud: -33.4582411<br>longitud: -70.6882664<br>demanda: 307]]></description>
        <styleUrl>#icon-1739-0288D1</styleUrl>
        <ExtendedData>
          <Data name="latitud">
            <value>-33.4582411</value>
          </Data>
          <Data name="longitud">
            <value>-70.6882664</value>
          </Data>
          <Data name="demanda">
            <value>307.0</value>
          </Data>
        </ExtendedData>
        <Point>
          <coordinates>
            -70.6882664,-33.4582411,0
          </coordinates>
        </Point>
      </Placemark>
      <Placemark>
        <name>punto_5</name>
        <description><![CDATA[latitud: -33.4578761<br>longitud: -70.6998511<br>demanda: 180]]></description>
        <styleUrl>#icon-1739-0288D1</styleUrl>
        <ExtendedData>
          <Data name="latitud">
            <value>-33.4578761</value>
          </Data>
          <Data name="longitud">
            <value>-70.6998511</value>
          </Data>
          <Data name="demanda">
            <value>180.0</value>
          </Data>
        </ExtendedData>
        <Point>
          <coordinates>
            -70.6998511,-33.4578761,0
          </coordinates>
        </Point>
      </Placemark>
      <Placemark>
        <name>punto_6</name>
        <description><![CDATA[latitud: -33.4583358<br>longitud: -70.6889153<br>demanda: 328]]></description>
        <styleUrl>#icon-1739-0288D1</styleUrl>
        <ExtendedData>
          <Data name="latitud">
            <value>-33.4583358</value>
          </Data>
          <Data name="longitud">
            <value>-70.6889153</value>
          </Data>
          <Data name="demanda">
            <value>328.0</value>
          </Data>
        </ExtendedData>
        <Point>
          <coordinates>
            -70.6889153,-33.4583358,0
          </coordinates>
        </Point>
      </Placemark>
      <Placemark>
        <name>punto_7</name>
        <description><![CDATA[latitud: -33.4579636<br>longitud: -70.6987506<br>demanda: 221]]></description>
        <styleUrl>#icon-1739-0288D1</styleUrl>
        <ExtendedData>
          <Data name="latitud">
            <value>-33.4579636</value>
          </Data>
          <Data name="longitud">
            <value>-70.6987506</value>
          </Data>
          <Data name="demanda">
            <value>221.0</value>
          </Data>
        </ExtendedData>
        <Point>
          <coordinates>
            -70.6987506,-33.4579636,0
          </coordinates>
        </Point>
      </Placemark>
      <Placemark>
        <name>punto_8</name>
        <description><![CDATA[latitud: -33.4584239<br>longitud: -70.6976375<br>demanda: 689]]></description>
        <styleUrl>#icon-1739-0288D1</styleUrl>
        <ExtendedData>
          <Data name="latitud">
            <value>-33.4584239</value>
          </Data>
          <Data name="longitud">
            <value>-70.6976375</value>
          </Data>
          <Data name="demanda">
            <value>689.0</value>
          </Data>
        </ExtendedData>
        <Point>
          <coordinates>
            -70.6976375,-33.4584239,0
          </coordinates>
        </Point>
      </Placemark>
      <Placemark>
        <name>punto_9</name>
        <description><![CDATA[latitud: -33.4583872<br>longitud: -70.6815522<br>demanda: 70]]></description>
        <styleUrl>#icon-1739-0288D1</styleUrl>
        <ExtendedData>
          <Data name="latitud">
            <value>-33.4583872</value>
          </Data>
          <Data name="longitud">
            <value>-70.6815522</value>
          </Data>
          <Data name="demanda">
            <value>70.0</value>
          </Data>
        </ExtendedData>
        <Point>
          <coordinates>
            -70.6815522,-33.4583872,0
          </coordinates>
        </Point>
      </Placemark>
      <Placemark>
        <name>punto_10</name>
        <description><![CDATA[latitud: -33.4581725<br>longitud: -70.6826431<br>demanda: 54]]></description>
        <styleUrl>#icon-1739-0288D1</styleUrl>
        <ExtendedData>
          <Data name="latitud">
            <value>-33.4581725</value>
          </Data>
          <Data name="longitud">
            <value>-70.6826431</value>
          </Data>
          <Data name="demanda">
            <value>54.0</value>
          </Data>
        </ExtendedData>
        <Point>
          <coordinates>
            -70.6826431,-33.4581725,0
          </coordinates>
        </Point>
      </Placemark>
      <Placemark>
        <name>punto_11</name>
        <description><![CDATA[latitud: -33.4587356<br>longitud: -70.6939769<br>demanda: 284]]></description>
        <styleUrl>#icon-1739-0288D1</styleUrl>
        <ExtendedData>
          <Data name="latitud">
            <value>-33.4587356</value>
          </Data>
          <Data name="longitud">
            <value>-70.6939769</value>
          </Data>
          <Data name="demanda">
            <value>284.0</value>
          </Data>
        </ExtendedData>
        <Point>
          <coordinates>
            -70.6939769,-33.4587356,0
          </coordinates>
        </Point>
      </Placemark>
      <Placemark>
        <name>punto_12</name>
        <description><![CDATA[latitud: -33.4584594<br>longitud: -70.6835028<br>demanda: 211]]></description>
        <styleUrl>#icon-1739-0288D1</styleUrl>
        <ExtendedData>
          <Data name="latitud">
            <value>-33.4584594</value>
          </Data>
          <Data name="longitud">
            <value>-70.6835028</value>
          </Data>
          <Data name="demanda">
            <value>211.0</value>
          </Data>
        </ExtendedData>
        <Point>
          <coordinates>
            -70.6835028,-33.4584594,0
          </coordinates>
        </Point>
      </Placemark>
      <Placemark>
        <name>punto_13</name>
        <description><![CDATA[latitud: -33.4584906<br>longitud: -70.6847603<br>demanda: 305]]></description>
        <styleUrl>#icon-1739-0288D1</styleUrl>
        <ExtendedData>
          <Data name="latitud">
            <value>-33.4584906</value>
          </Data>
          <Data name="longitud">
            <value>-70.6847603</value>
          </Data>
          <Data name="demanda">
            <value>305.0</value>
          </Data>
        </ExtendedData>
        <Point>
          <coordinates>
            -70.6847603,-33.4584906,0
          </coordinates>
        </Point>
      </Placemark>
      <Placemark>
        <name>punto_14</name>
        <description><![CDATA[latitud: -33.4583028<br>longitud: -70.6996428<br>demanda: 164]]></description>
        <styleUrl>#icon-1739-0288D1</styleUrl>
        <ExtendedData>
          <Data name="latitud">
            <value>-33.4583028</value>
          </Data>
          <Data name="longitud">
            <value>-70.6996428</value>
          </Data>
          <Data name="demanda">
            <value>164.0</value>
          </Data>
        </ExtendedData>
        <Point>
          <coordinates>
            -70.6996428,-33.4583028,0
          </coordinates>
        </Point>
      </Placemark>
      <Placemark>
        <name>punto_15</name>
        <description><![CDATA[latitud: -33.4584789<br>longitud: -70.6918122<br>demanda: 105]]></description>
        <styleUrl>#icon-1739-0288D1</styleUrl>
        <ExtendedData>
          <Data name="latitud">
            <value>-33.4584789</value>
          </Data>
          <Data name="longitud">
            <value>-70.6918122</value>
          </Data>
          <Data name="demanda">
            <value>105.0</value>
          </Data>
        </ExtendedData>
        <Point>
          <coordinates>
            -70.6918122,-33.4584789,0
          </coordinates>
        </Point>
      </Placemark>
      <Placemark>
        <name>punto_16</name>
        <description><![CDATA[latitud: -33.4586592<br>longitud: -70.6900181<br>demanda: 272]]></description>
        <styleUrl>#icon-1739-0288D1</styleUrl>
        <ExtendedData>
          <Data name="latitud">
            <value>-33.4586592</value>
          </Data>
          <Data name="longitud">
            <value>-70.6900181</value>
          </Data>
          <Data name="demanda">
            <value>272.0</value>
          </Data>
        </ExtendedData>
        <Point>
          <coordinates>
            -70.6900181,-33.4586592,0
          </coordinates>
        </Point>
      </Placemark>
      <Placemark>
        <name>punto_17</name>
        <description><![CDATA[latitud: -33.4590628<br>longitud: -70.6948417<br>demanda: 227]]></description>
        <styleUrl>#icon-1739-0288D1</styleUrl>
        <ExtendedData>
          <Data name="latitud">
            <value>-33.4590628</value>
          </Data>
          <Data name="longitud">
            <value>-70.6948417</value>
          </Data>
          <Data name="demanda">
            <value>227.0</value>
          </Data>
        </ExtendedData>
        <Point>
          <coordinates>
            -70.6948417,-33.4590628,0
          </coordinates>
        </Point>
      </Placemark>
      <Placemark>
        <name>punto_18</name>
        <description><![CDATA[latitud: -33.4584019<br>longitud: -70.6986411<br>demanda: 80]]></description>
        <styleUrl>#icon-1739-0288D1</styleUrl>
        <ExtendedData>
          <Data name="latitud">
            <value>-33.4584019</value>
          </Data>
          <Data name="longitud">
            <value>-70.6986411</value>
          </Data>
          <Data name="demanda">
            <value>80.0</value>
          </Data>
        </ExtendedData>
        <Point>
          <coordinates>
            -70.6986411,-33.4584019,0
          </coordinates>
        </Point>
      </Placemark>
      <Placemark>
        <name>punto_19</name>
        <description><![CDATA[latitud: -33.4587708<br>longitud: -70.6926106<br>demanda: 68]]></description>
        <styleUrl>#icon-1739-0288D1</styleUrl>
        <ExtendedData>
          <Data name="latitud">
            <value>-33.4587708</value>
          </Data>
          <Data name="longitud">
            <value>-70.6926106</value>
          </Data>
          <Data name="demanda">
            <value>68.0</value>
          </Data>
        </ExtendedData>
        <Point>
          <coordinates>
            -70.6926106,-33.4587708,0
          </coordinates>
        </Point>
      </Placemark>
      <Placemark>
        <name>punto_20</name>
        <description><![CDATA[latitud: -33.4585981<br>longitud: -70.6826522<br>demanda: 159]]></description>
        <styleUrl>#icon-1739-0288D1</styleUrl>
        <ExtendedData>
          <Data name="latitud">
            <value>-33.4585981</value>
          </Data>
          <Data name="longitud">
            <value>-70.6826522</value>
          </Data>
          <Data name="demanda">
            <value>159.0</value>
          </Data>
        </ExtendedData>
        <Point>
          <coordinates>
            -70.6826522,-33.4585981,0
          </coordinates>
        </Point>
      </Placemark>
      <Placemark>
        <name>punto_21</name>
        <description><![CDATA[latitud: -33.4594019<br>longitud: -70.6957753<br>demanda: 204]]></description>
        <styleUrl>#icon-1739-0288D1</styleUrl>
        <ExtendedData>
          <Data name="latitud">
            <value>-33.4594019</value>
          </Data>
          <Data name="longitud">
            <value>-70.6957753</value>
          </Data>
          <Data name="demanda">
            <value>204.0</value>
          </Data>
        </ExtendedData>
        <Point>
          <coordinates>
            -70.6957753,-33.4594019,0
          </coordinates>
        </Point>
      </Placemark>
      <Placemark>
        <name>punto_22</name>
        <description><![CDATA[latitud: -33.4589286<br>longitud: -70.6994308<br>demanda: 262]]></description>
        <styleUrl>#icon-1739-0288D1</styleUrl>
        <ExtendedData>
          <Data name="latitud">
            <value>-33.4589286</value>
          </Data>
          <Data name="longitud">
            <value>-70.6994308</value>
          </Data>
          <Data name="demanda">
            <value>262.0</value>
          </Data>
        </ExtendedData>
        <Point>
          <coordinates>
            -70.6994308,-33.4589286,0
          </coordinates>
        </Point>
      </Placemark>
      <Placemark>
        <name>punto_23</name>
        <description><![CDATA[latitud: -33.4589217<br>longitud: -70.6911703<br>demanda: 124]]></description>
        <styleUrl>#icon-1739-0288D1</styleUrl>
        <ExtendedData>
          <Data name="latitud">
            <value>-33.4589217</value>
          </Data>
          <Data name="longitud">
            <value>-70.6911703</value>
          </Data>
          <Data name="demanda">
            <value>124.0</value>
          </Data>
        </ExtendedData>
        <Point>
          <coordinates>
            -70.6911703,-33.4589217,0
          </coordinates>
        </Point>
      </Placemark>
      <Placemark>
        <name>punto_24</name>
        <description><![CDATA[latitud: -33.4604158<br>longitud: -70.6971497<br>demanda: 1943]]></description>
        <styleUrl>#icon-1739-0288D1</styleUrl>
        <ExtendedData>
          <Data name="latitud">
            <value>-33.4604158</value>
          </Data>
          <Data name="longitud">
            <value>-70.6971497</value>
          </Data>
          <Data name="demanda">
            <value>1943.0</value>
          </Data>
        </ExtendedData>
        <Point>
          <coordinates>
            -70.6971497,-33.4604158,0
          </coordinates>
        </Point>
      </Placemark>
      <Placemark>
        <name>punto_25</name>
        <description><![CDATA[latitud: -33.4602561<br>longitud: -70.6832878<br>demanda: 377]]></description>
        <styleUrl>#icon-1739-0288D1</styleUrl>
        <ExtendedData>
          <Data name="latitud">
            <value>-33.4602561</value>
          </Data>
          <Data name="longitud">
            <value>-70.6832878</value>
          </Data>
          <Data name="demanda">
            <value>377.0</value>
          </Data>
        </ExtendedData>
        <Point>
          <coordinates>
            -70.6832878,-33.4602561,0
          </coordinates>
        </Point>
      </Placemark>
      <Placemark>
        <name>punto_26</name>
        <description><![CDATA[latitud: -33.4602956<br>longitud: -70.6848553<br>demanda: 288]]></description>
        <styleUrl>#icon-1739-0288D1</styleUrl>
        <ExtendedData>
          <Data name="latitud">
            <value>-33.4602956</value>
          </Data>
          <Data name="longitud">
            <value>-70.6848553</value>
          </Data>
          <Data name="demanda">
            <value>288.0</value>
          </Data>
        </ExtendedData>
        <Point>
          <coordinates>
            -70.6848553,-33.4602956,0
          </coordinates>
        </Point>
      </Placemark>
      <Placemark>
        <name>punto_27</name>
        <description><![CDATA[latitud: -33.4603089<br>longitud: -70.6858536<br>demanda: 635]]></description>
        <styleUrl>#icon-1739-0288D1</styleUrl>
        <ExtendedData>
          <Data name="latitud">
            <value>-33.4603089</value>
          </Data>
          <Data name="longitud">
            <value>-70.6858536</value>
          </Data>
          <Data name="demanda">
            <value>635.0</value>
          </Data>
        </ExtendedData>
        <Point>
          <coordinates>
            -70.6858536,-33.4603089,0
          </coordinates>
        </Point>
      </Placemark>
      <Placemark>
        <name>punto_28</name>
        <description><![CDATA[latitud: -33.4601592<br>longitud: -70.6873406<br>demanda: 876]]></description>
        <styleUrl>#icon-1739-0288D1</styleUrl>
        <ExtendedData>
          <Data name="latitud">
            <value>-33.4601592</value>
          </Data>
          <Data name="longitud">
            <value>-70.6873406</value>
          </Data>
          <Data name="demanda">
            <value>876.0</value>
          </Data>
        </ExtendedData>
        <Point>
          <coordinates>
            -70.6873406,-33.4601592,0
          </coordinates>
        </Point>
      </Placemark>
      <Placemark>
        <name>punto_29</name>
        <description><![CDATA[latitud: -33.4600875<br>longitud: -70.6883047<br>demanda: 187]]></description>
        <styleUrl>#icon-1739-0288D1</styleUrl>
        <ExtendedData>
          <Data name="latitud">
            <value>-33.4600875</value>
          </Data>
          <Data name="longitud">
            <value>-70.6883047</value>
          </Data>
          <Data name="demanda">
            <value>187.0</value>
          </Data>
        </ExtendedData>
        <Point>
          <coordinates>
            -70.6883047,-33.4600875,0
          </coordinates>
        </Point>
      </Placemark>
      <Placemark>
        <name>punto_30</name>
        <description><![CDATA[latitud: -33.4594531<br>longitud: -70.6898706<br>demanda: 717]]></description>
        <styleUrl>#icon-1739-0288D1</styleUrl>
        <ExtendedData>
          <Data name="latitud">
            <value>-33.4594531</value>
          </Data>
          <Data name="longitud">
            <value>-70.6898706</value>
          </Data>
          <Data name="demanda">
            <value>717.0</value>
          </Data>
        </ExtendedData>
        <Point>
          <coordinates>
            -70.6898706,-33.4594531,0
          </coordinates>
        </Point>
      </Placemark>
      <Placemark>
        <name>punto_31</name>
        <description><![CDATA[latitud: -33.4594972<br>longitud: -70.6912156<br>demanda: 153]]></description>
        <styleUrl>#icon-1739-0288D1</styleUrl>
        <ExtendedData>
          <Data name="latitud">
            <value>-33.4594972</value>
          </Data>
          <Data name="longitud">
            <value>-70.6912156</value>
          </Data>
          <Data name="demanda">
            <value>153.0</value>
          </Data>
        </ExtendedData>
        <Point>
          <coordinates>
            -70.6912156,-33.4594972,0
          </coordinates>
        </Point>
      </Placemark>
      <Placemark>
        <name>punto_32</name>
        <description><![CDATA[latitud: -33.4596314<br>longitud: -70.6925642<br>demanda: 255]]></description>
        <styleUrl>#icon-1739-0288D1</styleUrl>
        <ExtendedData>
          <Data name="latitud">
            <value>-33.4596314</value>
          </Data>
          <Data name="longitud">
            <value>-70.6925642</value>
          </Data>
          <Data name="demanda">
            <value>255.0</value>
          </Data>
        </ExtendedData>
        <Point>
          <coordinates>
            -70.6925642,-33.4596314,0
          </coordinates>
        </Point>
      </Placemark>
      <Placemark>
        <name>punto_33</name>
        <description><![CDATA[latitud: -33.4613836<br>longitud: -70.6945178<br>demanda: 52]]></description>
        <styleUrl>#icon-1739-0288D1</styleUrl>
        <ExtendedData>
          <Data name="latitud">
            <value>-33.4613836</value>
          </Data>
          <Data name="longitud">
            <value>-70.6945178</value>
          </Data>
          <Data name="demanda">
            <value>52.0</value>
          </Data>
        </ExtendedData>
        <Point>
          <coordinates>
            -70.6945178,-33.4613836,0
          </coordinates>
        </Point>
      </Placemark>
      <Placemark>
        <name>punto_34</name>
        <description><![CDATA[latitud: -33.4601858<br>longitud: -70.6897467<br>demanda: 516]]></description>
        <styleUrl>#icon-1739-0288D1</styleUrl>
        <ExtendedData>
          <Data name="latitud">
            <value>-33.4601858</value>
          </Data>
          <Data name="longitud">
            <value>-70.6897467</value>
          </Data>
          <Data name="demanda">
            <value>516.0</value>
          </Data>
        </ExtendedData>
        <Point>
          <coordinates>
            -70.6897467,-33.4601858,0
          </coordinates>
        </Point>
      </Placemark>
      <Placemark>
        <name>punto_35</name>
        <description><![CDATA[latitud: -33.4602528<br>longitud: -70.6911808<br>demanda: 223]]></description>
        <styleUrl>#icon-1739-0288D1</styleUrl>
        <ExtendedData>
          <Data name="latitud">
            <value>-33.4602528</value>
          </Data>
          <Data name="longitud">
            <value>-70.6911808</value>
          </Data>
          <Data name="demanda">
            <value>223.0</value>
          </Data>
        </ExtendedData>
        <Point>
          <coordinates>
            -70.6911808,-33.4602528,0
          </coordinates>
        </Point>
      </Placemark>
      <Placemark>
        <name>punto_36</name>
        <description><![CDATA[latitud: -33.4603336<br>longitud: -70.6926003<br>demanda: 513]]></description>
        <styleUrl>#icon-1739-0288D1</styleUrl>
        <ExtendedData>
          <Data name="latitud">
            <value>-33.4603336</value>
          </Data>
          <Data name="longitud">
            <value>-70.6926003</value>
          </Data>
          <Data name="demanda">
            <value>513.0</value>
          </Data>
        </ExtendedData>
        <Point>
          <coordinates>
            -70.6926003,-33.4603336,0
          </coordinates>
        </Point>
      </Placemark>
      <Placemark>
        <name>punto_37</name>
        <description><![CDATA[latitud: -33.4607194<br>longitud: -70.6891353<br>demanda: 120]]></description>
        <styleUrl>#icon-1739-0288D1</styleUrl>
        <ExtendedData>
          <Data name="latitud">
            <value>-33.4607194</value>
          </Data>
          <Data name="longitud">
            <value>-70.6891353</value>
          </Data>
          <Data name="demanda">
            <value>120.0</value>
          </Data>
        </ExtendedData>
        <Point>
          <coordinates>
            -70.6891353,-33.4607194,0
          </coordinates>
        </Point>
      </Placemark>
      <Placemark>
        <name>punto_38</name>
        <description><![CDATA[latitud: -33.4607517<br>longitud: -70.6900475<br>demanda: 103]]></description>
        <styleUrl>#icon-1739-0288D1</styleUrl>
        <ExtendedData>
          <Data name="latitud">
            <value>-33.4607517</value>
          </Data>
          <Data name="longitud">
            <value>-70.6900475</value>
          </Data>
          <Data name="demanda">
            <value>103.0</value>
          </Data>
        </ExtendedData>
        <Point>
          <coordinates>
            -70.6900475,-33.4607517,0
          </coordinates>
        </Point>
      </Placemark>
      <Placemark>
        <name>punto_39</name>
        <description><![CDATA[latitud: -33.460765<br>longitud: -70.6908681<br>demanda: 68]]></description>
        <styleUrl>#icon-1739-0288D1</styleUrl>
        <ExtendedData>
          <Data name="latitud">
            <value>-33.460765</value>
          </Data>
          <Data name="longitud">
            <value>-70.6908681</value>
          </Data>
          <Data name="demanda">
            <value>68.0</value>
          </Data>
        </ExtendedData>
        <Point>
          <coordinates>
            -70.6908681,-33.460765,0
          </coordinates>
        </Point>
      </Placemark>
      <Placemark>
        <name>punto_40</name>
        <description><![CDATA[latitud: -33.4607936<br>longitud: -70.6914572<br>demanda: 59]]></description>
        <styleUrl>#icon-1739-0288D1</styleUrl>
        <ExtendedData>
          <Data name="latitud">
            <value>-33.4607936</value>
          </Data>
          <Data name="longitud">
            <value>-70.6914572</value>
          </Data>
          <Data name="demanda">
            <value>59.0</value>
          </Data>
        </ExtendedData>
        <Point>
          <coordinates>
            -70.6914572,-33.4607936,0
          </coordinates>
        </Point>
      </Placemark>
      <Placemark>
        <name>punto_41</name>
        <description><![CDATA[latitud: -33.4608203<br>longitud: -70.6920756<br>demanda: 38]]></description>
        <styleUrl>#icon-1739-0288D1</styleUrl>
        <ExtendedData>
          <Data name="latitud">
            <value>-33.4608203</value>
          </Data>
          <Data name="longitud">
            <value>-70.6920756</value>
          </Data>
          <Data name="demanda">
            <value>38.0</value>
          </Data>
        </ExtendedData>
        <Point>
          <coordinates>
            -70.6920756,-33.4608203,0
          </coordinates>
        </Point>
      </Placemark>
      <Placemark>
        <name>punto_42</name>
        <description><![CDATA[latitud: -33.4608411<br>longitud: -70.6925669<br>demanda: 40]]></description>
        <styleUrl>#icon-1739-0288D1</styleUrl>
        <ExtendedData>
          <Data name="latitud">
            <value>-33.4608411</value>
          </Data>
          <Data name="longitud">
            <value>-70.6925669</value>
          </Data>
          <Data name="demanda">
            <value>40.0</value>
          </Data>
        </ExtendedData>
        <Point>
          <coordinates>
            -70.6925669,-33.4608411,0
          </coordinates>
        </Point>
      </Placemark>
      <Placemark>
        <name>punto_43</name>
        <description><![CDATA[latitud: -33.4608636<br>longitud: -70.6930667<br>demanda: 49]]></description>
        <styleUrl>#icon-1739-0288D1</styleUrl>
        <ExtendedData>
          <Data name="latitud">
            <value>-33.4608636</value>
          </Data>
          <Data name="longitud">
            <value>-70.6930667</value>
          </Data>
          <Data name="demanda">
            <value>49.0</value>
          </Data>
        </ExtendedData>
        <Point>
          <coordinates>
            -70.6930667,-33.4608636,0
          </coordinates>
        </Point>
      </Placemark>
      <Placemark>
        <name>punto_44</name>
        <description><![CDATA[latitud: -33.4656458<br>longitud: -70.6953706<br>demanda: 717]]></description>
        <styleUrl>#icon-1739-0288D1</styleUrl>
        <ExtendedData>
          <Data name="latitud">
            <value>-33.4656458</value>
          </Data>
          <Data name="longitud">
            <value>-70.6953706</value>
          </Data>
          <Data name="demanda">
            <value>717.0</value>
          </Data>
        </ExtendedData>
        <Point>
          <coordinates>
            -70.6953706,-33.4656458,0
          </coordinates>
        </Point>
      </Placemark>
      <Placemark>
        <name>punto_45</name>
        <description><![CDATA[latitud: -33.4611106<br>longitud: -70.6890775<br>demanda: 134]]></description>
        <styleUrl>#icon-1739-0288D1</styleUrl>
        <ExtendedData>
          <Data name="latitud">
            <value>-33.4611106</value>
          </Data>
          <Data name="longitud">
            <value>-70.6890775</value>
          </Data>
          <Data name="demanda">
            <value>134.0</value>
          </Data>
        </ExtendedData>
        <Point>
          <coordinates>
            -70.6890775,-33.4611106,0
          </coordinates>
        </Point>
      </Placemark>
      <Placemark>
        <name>punto_46</name>
        <description><![CDATA[latitud: -33.4613192<br>longitud: -70.6906808<br>demanda: 106]]></description>
        <styleUrl>#icon-1739-0288D1</styleUrl>
        <ExtendedData>
          <Data name="latitud">
            <value>-33.4613192</value>
          </Data>
          <Data name="longitud">
            <value>-70.6906808</value>
          </Data>
          <Data name="demanda">
            <value>106.0</value>
          </Data>
        </ExtendedData>
        <Point>
          <coordinates>
            -70.6906808,-33.4613192,0
          </coordinates>
        </Point>
      </Placemark>
      <Placemark>
        <name>punto_47</name>
        <description><![CDATA[latitud: -33.4613064<br>longitud: -70.6909692<br>demanda: 113]]></description>
        <styleUrl>#icon-1739-0288D1</styleUrl>
        <ExtendedData>
          <Data name="latitud">
            <value>-33.4613064</value>
          </Data>
          <Data name="longitud">
            <value>-70.6909692</value>
          </Data>
          <Data name="demanda">
            <value>113.0</value>
          </Data>
        </ExtendedData>
        <Point>
          <coordinates>
            -70.6909692,-33.4613064,0
          </coordinates>
        </Point>
      </Placemark>
      <Placemark>
        <name>punto_48</name>
        <description><![CDATA[latitud: -33.4613347<br>longitud: -70.6912944<br>demanda: 140]]></description>
        <styleUrl>#icon-1739-0288D1</styleUrl>
        <ExtendedData>
          <Data name="latitud">
            <value>-33.4613347</value>
          </Data>
          <Data name="longitud">
            <value>-70.6912944</value>
          </Data>
          <Data name="demanda">
            <value>140.0</value>
          </Data>
        </ExtendedData>
        <Point>
          <coordinates>
            -70.6912944,-33.4613347,0
          </coordinates>
        </Point>
      </Placemark>
      <Placemark>
        <name>punto_49</name>
        <description><![CDATA[latitud: -33.4611481<br>longitud: -70.6900247<br>demanda: 99]]></description>
        <styleUrl>#icon-1739-0288D1</styleUrl>
        <ExtendedData>
          <Data name="latitud">
            <value>-33.4611481</value>
          </Data>
          <Data name="longitud">
            <value>-70.6900247</value>
          </Data>
          <Data name="demanda">
            <value>99.0</value>
          </Data>
        </ExtendedData>
        <Point>
          <coordinates>
            -70.6900247,-33.4611481,0
          </coordinates>
        </Point>
      </Placemark>
      <Placemark>
        <name>punto_50</name>
        <description><![CDATA[latitud: -33.46136<br>longitud: -70.6915839<br>demanda: 157]]></description>
        <styleUrl>#icon-1739-0288D1</styleUrl>
        <ExtendedData>
          <Data name="latitud">
            <value>-33.46136</value>
          </Data>
          <Data name="longitud">
            <value>-70.6915839</value>
          </Data>
          <Data name="demanda">
            <value>157.0</value>
          </Data>
        </ExtendedData>
        <Point>
          <coordinates>
            -70.6915839,-33.46136,0
          </coordinates>
        </Point>
      </Placemark>
      <Placemark>
        <name>punto_51</name>
        <description><![CDATA[latitud: -33.4613764<br>longitud: -70.6918881<br>demanda: 134]]></description>
        <styleUrl>#icon-1739-0288D1</styleUrl>
        <ExtendedData>
          <Data name="latitud">
            <value>-33.4613764</value>
          </Data>
          <Data name="longitud">
            <value>-70.6918881</value>
          </Data>
          <Data name="demanda">
            <value>134.0</value>
          </Data>
        </ExtendedData>
        <Point>
          <coordinates>
            -70.6918881,-33.4613764,0
          </coordinates>
        </Point>
      </Placemark>
      <Placemark>
        <name>punto_52</name>
        <description><![CDATA[latitud: -33.4613789<br>longitud: -70.6921761<br>demanda: 120]]></description>
        <styleUrl>#icon-1739-0288D1</styleUrl>
        <ExtendedData>
          <Data name="latitud">
            <value>-33.4613789</value>
          </Data>
          <Data name="longitud">
            <value>-70.6921761</value>
          </Data>
          <Data name="demanda">
            <value>120.0</value>
          </Data>
        </ExtendedData>
        <Point>
          <coordinates>
            -70.6921761,-33.4613789,0
          </coordinates>
        </Point>
      </Placemark>
      <Placemark>
        <name>punto_53</name>
        <description><![CDATA[latitud: -33.4615742<br>longitud: -70.7009303<br>demanda: 204]]></description>
        <styleUrl>#icon-1739-0288D1</styleUrl>
        <ExtendedData>
          <Data name="latitud">
            <value>-33.4615742</value>
          </Data>
          <Data name="longitud">
            <value>-70.7009303</value>
          </Data>
          <Data name="demanda">
            <value>204.0</value>
          </Data>
        </ExtendedData>
        <Point>
          <coordinates>
            -70.7009303,-33.4615742,0
          </coordinates>
        </Point>
      </Placemark>
      <Placemark>
        <name>punto_54</name>
        <description><![CDATA[latitud: -33.4614147<br>longitud: -70.6928758<br>demanda: 106]]></description>
        <styleUrl>#icon-1739-0288D1</styleUrl>
        <ExtendedData>
          <Data name="latitud">
            <value>-33.4614147</value>
          </Data>
          <Data name="longitud">
            <value>-70.6928758</value>
          </Data>
          <Data name="demanda">
            <value>106.0</value>
          </Data>
        </ExtendedData>
        <Point>
          <coordinates>
            -70.6928758,-33.4614147,0
          </coordinates>
        </Point>
      </Placemark>
      <Placemark>
        <name>punto_55</name>
        <description><![CDATA[latitud: -33.4614264<br>longitud: -70.6931853<br>demanda: 164]]></description>
        <styleUrl>#icon-1739-0288D1</styleUrl>
        <ExtendedData>
          <Data name="latitud">
            <value>-33.4614264</value>
          </Data>
          <Data name="longitud">
            <value>-70.6931853</value>
          </Data>
          <Data name="demanda">
            <value>164.0</value>
          </Data>
        </ExtendedData>
        <Point>
          <coordinates>
            -70.6931853,-33.4614264,0
          </coordinates>
        </Point>
      </Placemark>
      <Placemark>
        <name>punto_56</name>
        <description><![CDATA[latitud: -33.4626872<br>longitud: -70.6818169<br>demanda: 75]]></description>
        <styleUrl>#icon-1739-0288D1</styleUrl>
        <ExtendedData>
          <Data name="latitud">
            <value>-33.4626872</value>
          </Data>
          <Data name="longitud">
            <value>-70.6818169</value>
          </Data>
          <Data name="demanda">
            <value>75.0</value>
          </Data>
        </ExtendedData>
        <Point>
          <coordinates>
            -70.6818169,-33.4626872,0
          </coordinates>
        </Point>
      </Placemark>
      <Placemark>
        <name>punto_57</name>
        <description><![CDATA[latitud: -33.4615042<br>longitud: -70.6890028<br>demanda: 206]]></description>
        <styleUrl>#icon-1739-0288D1</styleUrl>
        <ExtendedData>
          <Data name="latitud">
            <value>-33.4615042</value>
          </Data>
          <Data name="longitud">
            <value>-70.6890028</value>
          </Data>
          <Data name="demanda">
            <value>206.0</value>
          </Data>
        </ExtendedData>
        <Point>
          <coordinates>
            -70.6890028,-33.4615042,0
          </coordinates>
        </Point>
      </Placemark>
      <Placemark>
        <name>punto_58</name>
        <description><![CDATA[latitud: -33.4627789<br>longitud: -70.6834125<br>demanda: 284]]></description>
        <styleUrl>#icon-1739-0288D1</styleUrl>
        <ExtendedData>
          <Data name="latitud">
            <value>-33.4627789</value>
          </Data>
          <Data name="longitud">
            <value>-70.6834125</value>
          </Data>
          <Data name="demanda">
            <value>284.0</value>
          </Data>
        </ExtendedData>
        <Point>
          <coordinates>
            -70.6834125,-33.4627789,0
          </coordinates>
        </Point>
      </Placemark>
      <Placemark>
        <name>punto_59</name>
        <description><![CDATA[latitud: -33.4615461<br>longitud: -70.6900064<br>demanda: 131]]></description>
        <styleUrl>#icon-1739-0288D1</styleUrl>
        <ExtendedData>
          <Data name="latitud">
            <value>-33.4615461</value>
          </Data>
          <Data name="longitud">
            <value>-70.6900064</value>
          </Data>
          <Data name="demanda">
            <value>131.0</value>
          </Data>
        </ExtendedData>
        <Point>
          <coordinates>
            -70.6900064,-33.4615461,0
          </coordinates>
        </Point>
      </Placemark>
      <Placemark>
        <name>punto_60</name>
        <description><![CDATA[latitud: -33.4620808<br>longitud: -70.6862194<br>demanda: 288]]></description>
        <styleUrl>#icon-1739-0288D1</styleUrl>
        <ExtendedData>
          <Data name="latitud">
            <value>-33.4620808</value>
          </Data>
          <Data name="longitud">
            <value>-70.6862194</value>
          </Data>
          <Data name="demanda">
            <value>288.0</value>
          </Data>
        </ExtendedData>
        <Point>
          <coordinates>
            -70.6862194,-33.4620808,0
          </coordinates>
        </Point>
      </Placemark>
      <Placemark>
        <name>punto_61</name>
        <description><![CDATA[latitud: -33.4616856<br>longitud: -70.7021761<br>demanda: 173]]></description>
        <styleUrl>#icon-1739-0288D1</styleUrl>
        <ExtendedData>
          <Data name="latitud">
            <value>-33.4616856</value>
          </Data>
          <Data name="longitud">
            <value>-70.7021761</value>
          </Data>
          <Data name="demanda">
            <value>173.0</value>
          </Data>
        </ExtendedData>
        <Point>
          <coordinates>
            -70.7021761,-33.4616856,0
          </coordinates>
        </Point>
      </Placemark>
      <Placemark>
        <name>punto_62</name>
        <description><![CDATA[latitud: -33.4618997<br>longitud: -70.6889625<br>demanda: 152]]></description>
        <styleUrl>#icon-1739-0288D1</styleUrl>
        <ExtendedData>
          <Data name="latitud">
            <value>-33.4618997</value>
          </Data>
          <Data name="longitud">
            <value>-70.6889625</value>
          </Data>
          <Data name="demanda">
            <value>152.0</value>
          </Data>
        </ExtendedData>
        <Point>
          <coordinates>
            -70.6889625,-33.4618997,0
          </coordinates>
        </Point>
      </Placemark>
      <Placemark>
        <name>punto_63</name>
        <description><![CDATA[latitud: -33.4619433<br>longitud: -70.689985<br>demanda: 173]]></description>
        <styleUrl>#icon-1739-0288D1</styleUrl>
        <ExtendedData>
          <Data name="latitud">
            <value>-33.4619433</value>
          </Data>
          <Data name="longitud">
            <value>-70.689985</value>
          </Data>
          <Data name="demanda">
            <value>173.0</value>
          </Data>
        </ExtendedData>
        <Point>
          <coordinates>
            -70.689985,-33.4619433,0
          </coordinates>
        </Point>
      </Placemark>
      <Placemark>
        <name>punto_64</name>
        <description><![CDATA[latitud: -33.4618697<br>longitud: -70.690805<br>demanda: 47]]></description>
        <styleUrl>#icon-1739-0288D1</styleUrl>
        <ExtendedData>
          <Data name="latitud">
            <value>-33.4618697</value>
          </Data>
          <Data name="longitud">
            <value>-70.690805</value>
          </Data>
          <Data name="demanda">
            <value>47.0</value>
          </Data>
        </ExtendedData>
        <Point>
          <coordinates>
            -70.690805,-33.4618697,0
          </coordinates>
        </Point>
      </Placemark>
      <Placemark>
        <name>punto_65</name>
        <description><![CDATA[latitud: -33.4618997<br>longitud: -70.6913939<br>demanda: 56]]></description>
        <styleUrl>#icon-1739-0288D1</styleUrl>
        <ExtendedData>
          <Data name="latitud">
            <value>-33.4618997</value>
          </Data>
          <Data name="longitud">
            <value>-70.6913939</value>
          </Data>
          <Data name="demanda">
            <value>56.0</value>
          </Data>
        </ExtendedData>
        <Point>
          <coordinates>
            -70.6913939,-33.4618997,0
          </coordinates>
        </Point>
      </Placemark>
      <Placemark>
        <name>punto_66</name>
        <description><![CDATA[latitud: -33.4620528<br>longitud: -70.692515<br>demanda: 234]]></description>
        <styleUrl>#icon-1739-0288D1</styleUrl>
        <ExtendedData>
          <Data name="latitud">
            <value>-33.4620528</value>
          </Data>
          <Data name="longitud">
            <value>-70.692515</value>
          </Data>
          <Data name="demanda">
            <value>234.0</value>
          </Data>
        </ExtendedData>
        <Point>
          <coordinates>
            -70.692515,-33.4620528,0
          </coordinates>
        </Point>
      </Placemark>
      <Placemark>
        <name>punto_67</name>
        <description><![CDATA[latitud: -33.4620861<br>longitud: -70.7018311<br>demanda: 92]]></description>
        <styleUrl>#icon-1739-0288D1</styleUrl>
        <ExtendedData>
          <Data name="latitud">
            <value>-33.4620861</value>
          </Data>
          <Data name="longitud">
            <value>-70.7018311</value>
          </Data>
          <Data name="demanda">
            <value>92.0</value>
          </Data>
        </ExtendedData>
        <Point>
          <coordinates>
            -70.7018311,-33.4620861,0
          </coordinates>
        </Point>
      </Placemark>
      <Placemark>
        <name>punto_68</name>
        <description><![CDATA[latitud: -33.4621478<br>longitud: -70.700065<br>demanda: 133]]></description>
        <styleUrl>#icon-1739-0288D1</styleUrl>
        <ExtendedData>
          <Data name="latitud">
            <value>-33.4621478</value>
          </Data>
          <Data name="longitud">
            <value>-70.700065</value>
          </Data>
          <Data name="demanda">
            <value>133.0</value>
          </Data>
        </ExtendedData>
        <Point>
          <coordinates>
            -70.700065,-33.4621478,0
          </coordinates>
        </Point>
      </Placemark>
      <Placemark>
        <name>punto_69</name>
        <description><![CDATA[latitud: -33.4624225<br>longitud: -70.6910747<br>demanda: 303]]></description>
        <styleUrl>#icon-1739-0288D1</styleUrl>
        <ExtendedData>
          <Data name="latitud">
            <value>-33.4624225</value>
          </Data>
          <Data name="longitud">
            <value>-70.6910747</value>
          </Data>
          <Data name="demanda">
            <value>303.0</value>
          </Data>
        </ExtendedData>
        <Point>
          <coordinates>
            -70.6910747,-33.4624225,0
          </coordinates>
        </Point>
      </Placemark>
      <Placemark>
        <name>punto_70</name>
        <description><![CDATA[latitud: -33.4623869<br>longitud: -70.6888958<br>demanda: 413]]></description>
        <styleUrl>#icon-1739-0288D1</styleUrl>
        <ExtendedData>
          <Data name="latitud">
            <value>-33.4623869</value>
          </Data>
          <Data name="longitud">
            <value>-70.6888958</value>
          </Data>
          <Data name="demanda">
            <value>413.0</value>
          </Data>
        </ExtendedData>
        <Point>
          <coordinates>
            -70.6888958,-33.4623869,0
          </coordinates>
        </Point>
      </Placemark>
      <Placemark>
        <name>punto_71</name>
        <description><![CDATA[latitud: -33.4625717<br>longitud: -70.7010544<br>demanda: 347]]></description>
        <styleUrl>#icon-1739-0288D1</styleUrl>
        <ExtendedData>
          <Data name="latitud">
            <value>-33.4625717</value>
          </Data>
          <Data name="longitud">
            <value>-70.7010544</value>
          </Data>
          <Data name="demanda">
            <value>347.0</value>
          </Data>
        </ExtendedData>
        <Point>
          <coordinates>
            -70.7010544,-33.4625717,0
          </coordinates>
        </Point>
      </Placemark>
      <Placemark>
        <name>punto_72</name>
        <description><![CDATA[latitud: -33.4624339<br>longitud: -70.6919372<br>demanda: 58]]></description>
        <styleUrl>#icon-1739-0288D1</styleUrl>
        <ExtendedData>
          <Data name="latitud">
            <value>-33.4624339</value>
          </Data>
          <Data name="longitud">
            <value>-70.6919372</value>
          </Data>
          <Data name="demanda">
            <value>58.0</value>
          </Data>
        </ExtendedData>
        <Point>
          <coordinates>
            -70.6919372,-33.4624339,0
          </coordinates>
        </Point>
      </Placemark>
      <Placemark>
        <name>punto_73</name>
        <description><![CDATA[latitud: -33.4624567<br>longitud: -70.6924069<br>demanda: 82]]></description>
        <styleUrl>#icon-1739-0288D1</styleUrl>
        <ExtendedData>
          <Data name="latitud">
            <value>-33.4624567</value>
          </Data>
          <Data name="longitud">
            <value>-70.6924069</value>
          </Data>
          <Data name="demanda">
            <value>82.0</value>
          </Data>
        </ExtendedData>
        <Point>
          <coordinates>
            -70.6924069,-33.4624567,0
          </coordinates>
        </Point>
      </Placemark>
      <Placemark>
        <name>punto_74</name>
        <description><![CDATA[latitud: -33.4624825<br>longitud: -70.6929617<br>demanda: 65]]></description>
        <styleUrl>#icon-1739-0288D1</styleUrl>
        <ExtendedData>
          <Data name="latitud">
            <value>-33.4624825</value>
          </Data>
          <Data name="longitud">
            <value>-70.6929617</value>
          </Data>
          <Data name="demanda">
            <value>65.0</value>
          </Data>
        </ExtendedData>
        <Point>
          <coordinates>
            -70.6929617,-33.4624825,0
          </coordinates>
        </Point>
      </Placemark>
      <Placemark>
        <name>punto_75</name>
        <description><![CDATA[latitud: -33.4633353<br>longitud: -70.6848775<br>demanda: 187]]></description>
        <styleUrl>#icon-1739-0288D1</styleUrl>
        <ExtendedData>
          <Data name="latitud">
            <value>-33.4633353</value>
          </Data>
          <Data name="longitud">
            <value>-70.6848775</value>
          </Data>
          <Data name="demanda">
            <value>187.0</value>
          </Data>
        </ExtendedData>
        <Point>
          <coordinates>
            -70.6848775,-33.4633353,0
          </coordinates>
        </Point>
      </Placemark>
      <Placemark>
        <name>punto_76</name>
        <description><![CDATA[latitud: -33.4633103<br>longitud: -70.6904397<br>demanda: 546]]></description>
        <styleUrl>#icon-1739-0288D1</styleUrl>
        <ExtendedData>
          <Data name="latitud">
            <value>-33.4633103</value>
          </Data>
          <Data name="longitud">
            <value>-70.6904397</value>
          </Data>
          <Data name="demanda">
            <value>546.0</value>
          </Data>
        </ExtendedData>
        <Point>
          <coordinates>
            -70.6904397,-33.4633103,0
          </coordinates>
        </Point>
      </Placemark>
      <Placemark>
        <name>punto_77</name>
        <description><![CDATA[latitud: -33.4633775<br>longitud: -70.6858947<br>demanda: 314]]></description>
        <styleUrl>#icon-1739-0288D1</styleUrl>
        <ExtendedData>
          <Data name="latitud">
            <value>-33.4633775</value>
          </Data>
          <Data name="longitud">
            <value>-70.6858947</value>
          </Data>
          <Data name="demanda">
            <value>314.0</value>
          </Data>
        </ExtendedData>
        <Point>
          <coordinates>
            -70.6858947,-33.4633775,0
          </coordinates>
        </Point>
      </Placemark>
      <Placemark>
        <name>punto_78</name>
        <description><![CDATA[latitud: -33.4627664<br>longitud: -70.6909911<br>demanda: 133]]></description>
        <styleUrl>#icon-1739-0288D1</styleUrl>
        <ExtendedData>
          <Data name="latitud">
            <value>-33.4627664</value>
          </Data>
          <Data name="longitud">
            <value>-70.6909911</value>
          </Data>
          <Data name="demanda">
            <value>133.0</value>
          </Data>
        </ExtendedData>
        <Point>
          <coordinates>
            -70.6909911,-33.4627664,0
          </coordinates>
        </Point>
      </Placemark>
      <Placemark>
        <name>punto_79</name>
        <description><![CDATA[latitud: -33.4627878<br>longitud: -70.6914214<br>demanda: 119]]></description>
        <styleUrl>#icon-1739-0288D1</styleUrl>
        <ExtendedData>
          <Data name="latitud">
            <value>-33.4627878</value>
          </Data>
          <Data name="longitud">
            <value>-70.6914214</value>
          </Data>
          <Data name="demanda">
            <value>119.0</value>
          </Data>
        </ExtendedData>
        <Point>
          <coordinates>
            -70.6914214,-33.4627878,0
          </coordinates>
        </Point>
      </Placemark>
      <Placemark>
        <name>punto_80</name>
        <description><![CDATA[latitud: -33.4634089<br>longitud: -70.68676<br>demanda: 352]]></description>
        <styleUrl>#icon-1739-0288D1</styleUrl>
        <ExtendedData>
          <Data name="latitud">
            <value>-33.4634089</value>
          </Data>
          <Data name="longitud">
            <value>-70.68676</value>
          </Data>
          <Data name="demanda">
            <value>352.0</value>
          </Data>
        </ExtendedData>
        <Point>
          <coordinates>
            -70.68676,-33.4634089,0
          </coordinates>
        </Point>
      </Placemark>
      <Placemark>
        <name>punto_81</name>
        <description><![CDATA[latitud: -33.4634142<br>longitud: -70.6876425<br>demanda: 476]]></description>
        <styleUrl>#icon-1739-0288D1</styleUrl>
        <ExtendedData>
          <Data name="latitud">
            <value>-33.4634142</value>
          </Data>
          <Data name="longitud">
            <value>-70.6876425</value>
          </Data>
          <Data name="demanda">
            <value>476.0</value>
          </Data>
        </ExtendedData>
        <Point>
          <coordinates>
            -70.6876425,-33.4634142,0
          </coordinates>
        </Point>
      </Placemark>
      <Placemark>
        <name>punto_82</name>
        <description><![CDATA[latitud: -33.4628717<br>longitud: -70.6919147<br>demanda: 68]]></description>
        <styleUrl>#icon-1739-0288D1</styleUrl>
        <ExtendedData>
          <Data name="latitud">
            <value>-33.4628717</value>
          </Data>
          <Data name="longitud">
            <value>-70.6919147</value>
          </Data>
          <Data name="demanda">
            <value>68.0</value>
          </Data>
        </ExtendedData>
        <Point>
          <coordinates>
            -70.6919147,-33.4628717,0
          </coordinates>
        </Point>
      </Placemark>
      <Placemark>
        <name>punto_83</name>
        <description><![CDATA[latitud: -33.4630378<br>longitud: -70.6888181<br>demanda: 262]]></description>
        <styleUrl>#icon-1739-0288D1</styleUrl>
        <ExtendedData>
          <Data name="latitud">
            <value>-33.4630378</value>
          </Data>
          <Data name="longitud">
            <value>-70.6888181</value>
          </Data>
          <Data name="demanda">
            <value>262.0</value>
          </Data>
        </ExtendedData>
        <Point>
          <coordinates>
            -70.6888181,-33.4630378,0
          </coordinates>
        </Point>
      </Placemark>
      <Placemark>
        <name>punto_84</name>
        <description><![CDATA[latitud: -33.4629492<br>longitud: -70.6923789<br>demanda: 87]]></description>
        <styleUrl>#icon-1739-0288D1</styleUrl>
        <ExtendedData>
          <Data name="latitud">
            <value>-33.4629492</value>
          </Data>
          <Data name="longitud">
            <value>-70.6923789</value>
          </Data>
          <Data name="demanda">
            <value>87.0</value>
          </Data>
        </ExtendedData>
        <Point>
          <coordinates>
            -70.6923789,-33.4629492,0
          </coordinates>
        </Point>
      </Placemark>
      <Placemark>
        <name>punto_85</name>
        <description><![CDATA[latitud: -33.4634206<br>longitud: -70.6897169<br>demanda: 328]]></description>
        <styleUrl>#icon-1739-0288D1</styleUrl>
        <ExtendedData>
          <Data name="latitud">
            <value>-33.4634206</value>
          </Data>
          <Data name="longitud">
            <value>-70.6897169</value>
          </Data>
          <Data name="demanda">
            <value>328.0</value>
          </Data>
        </ExtendedData>
        <Point>
          <coordinates>
            -70.6897169,-33.4634206,0
          </coordinates>
        </Point>
      </Placemark>
      <Placemark>
        <name>punto_86</name>
        <description><![CDATA[latitud: -33.4629656<br>longitud: -70.6929375<br>demanda: 99]]></description>
        <styleUrl>#icon-1739-0288D1</styleUrl>
        <ExtendedData>
          <Data name="latitud">
            <value>-33.4629656</value>
          </Data>
          <Data name="longitud">
            <value>-70.6929375</value>
          </Data>
          <Data name="demanda">
            <value>99.0</value>
          </Data>
        </ExtendedData>
        <Point>
          <coordinates>
            -70.6929375,-33.4629656,0
          </coordinates>
        </Point>
      </Placemark>
      <Placemark>
        <name>punto_87</name>
        <description><![CDATA[latitud: -33.4633153<br>longitud: -70.6909672<br>demanda: 78]]></description>
        <styleUrl>#icon-1739-0288D1</styleUrl>
        <ExtendedData>
          <Data name="latitud">
            <value>-33.4633153</value>
          </Data>
          <Data name="longitud">
            <value>-70.6909672</value>
          </Data>
          <Data name="demanda">
            <value>78.0</value>
          </Data>
        </ExtendedData>
        <Point>
          <coordinates>
            -70.6909672,-33.4633153,0
          </coordinates>
        </Point>
      </Placemark>
      <Placemark>
        <name>punto_88</name>
        <description><![CDATA[latitud: -33.4633361<br>longitud: -70.6913972<br>demanda: 112]]></description>
        <styleUrl>#icon-1739-0288D1</styleUrl>
        <ExtendedData>
          <Data name="latitud">
            <value>-33.4633361</value>
          </Data>
          <Data name="longitud">
            <value>-70.6913972</value>
          </Data>
          <Data name="demanda">
            <value>112.0</value>
          </Data>
        </ExtendedData>
        <Point>
          <coordinates>
            -70.6913972,-33.4633361,0
          </coordinates>
        </Point>
      </Placemark>
      <Placemark>
        <name>punto_89</name>
        <description><![CDATA[latitud: -33.463765<br>longitud: -70.6972347<br>demanda: 174]]></description>
        <styleUrl>#icon-1739-0288D1</styleUrl>
        <ExtendedData>
          <Data name="latitud">
            <value>-33.463765</value>
          </Data>
          <Data name="longitud">
            <value>-70.6972347</value>
          </Data>
          <Data name="demanda">
            <value>174.0</value>
          </Data>
        </ExtendedData>
        <Point>
          <coordinates>
            -70.6972347,-33.463765,0
          </coordinates>
        </Point>
      </Placemark>
      <Placemark>
        <name>punto_90</name>
        <description><![CDATA[latitud: -33.4637611<br>longitud: -70.6888025<br>demanda: 91]]></description>
        <styleUrl>#icon-1739-0288D1</styleUrl>
        <ExtendedData>
          <Data name="latitud">
            <value>-33.4637611</value>
          </Data>
          <Data name="longitud">
            <value>-70.6888025</value>
          </Data>
          <Data name="demanda">
            <value>91.0</value>
          </Data>
        </ExtendedData>
        <Point>
          <coordinates>
            -70.6888025,-33.4637611,0
          </coordinates>
        </Point>
      </Placemark>
      <Placemark>
        <name>punto_91</name>
        <description><![CDATA[latitud: -33.4644308<br>longitud: -70.7020669<br>demanda: 65]]></description>
        <styleUrl>#icon-1739-0288D1</styleUrl>
        <ExtendedData>
          <Data name="latitud">
            <value>-33.4644308</value>
          </Data>
          <Data name="longitud">
            <value>-70.7020669</value>
          </Data>
          <Data name="demanda">
            <value>65.0</value>
          </Data>
        </ExtendedData>
        <Point>
          <coordinates>
            -70.7020669,-33.4644308,0
          </coordinates>
        </Point>
      </Placemark>
      <Placemark>
        <name>punto_92</name>
        <description><![CDATA[latitud: -33.4638914<br>longitud: -70.6909397<br>demanda: 150]]></description>
        <styleUrl>#icon-1739-0288D1</styleUrl>
        <ExtendedData>
          <Data name="latitud">
            <value>-33.4638914</value>
          </Data>
          <Data name="longitud">
            <value>-70.6909397</value>
          </Data>
          <Data name="demanda">
            <value>150.0</value>
          </Data>
        </ExtendedData>
        <Point>
          <coordinates>
            -70.6909397,-33.4638914,0
          </coordinates>
        </Point>
      </Placemark>
      <Placemark>
        <name>punto_93</name>
        <description><![CDATA[latitud: -33.4639106<br>longitud: -70.6913653<br>demanda: 110]]></description>
        <styleUrl>#icon-1739-0288D1</styleUrl>
        <ExtendedData>
          <Data name="latitud">
            <value>-33.4639106</value>
          </Data>
          <Data name="longitud">
            <value>-70.6913653</value>
          </Data>
          <Data name="demanda">
            <value>110.0</value>
          </Data>
        </ExtendedData>
        <Point>
          <coordinates>
            -70.6913653,-33.4639106,0
          </coordinates>
        </Point>
      </Placemark>
      <Placemark>
        <name>punto_94</name>
        <description><![CDATA[latitud: -33.4640158<br>longitud: -70.6918822<br>demanda: 59]]></description>
        <styleUrl>#icon-1739-0288D1</styleUrl>
        <ExtendedData>
          <Data name="latitud">
            <value>-33.4640158</value>
          </Data>
          <Data name="longitud">
            <value>-70.6918822</value>
          </Data>
          <Data name="demanda">
            <value>59.0</value>
          </Data>
        </ExtendedData>
        <Point>
          <coordinates>
            -70.6918822,-33.4640158,0
          </coordinates>
        </Point>
      </Placemark>
      <Placemark>
        <name>punto_95</name>
        <description><![CDATA[latitud: -33.4640389<br>longitud: -70.6923525<br>demanda: 122]]></description>
        <styleUrl>#icon-1739-0288D1</styleUrl>
        <ExtendedData>
          <Data name="latitud">
            <value>-33.4640389</value>
          </Data>
          <Data name="longitud">
            <value>-70.6923525</value>
          </Data>
          <Data name="demanda">
            <value>122.0</value>
          </Data>
        </ExtendedData>
        <Point>
          <coordinates>
            -70.6923525,-33.4640389,0
          </coordinates>
        </Point>
      </Placemark>
      <Placemark>
        <name>punto_96</name>
        <description><![CDATA[latitud: -33.4640594<br>longitud: -70.6928861<br>demanda: 96]]></description>
        <styleUrl>#icon-1739-0288D1</styleUrl>
        <ExtendedData>
          <Data name="latitud">
            <value>-33.4640594</value>
          </Data>
          <Data name="longitud">
            <value>-70.6928861</value>
          </Data>
          <Data name="demanda">
            <value>96.0</value>
          </Data>
        </ExtendedData>
        <Point>
          <coordinates>
            -70.6928861,-33.4640594,0
          </coordinates>
        </Point>
      </Placemark>
      <Placemark>
        <name>punto_97</name>
        <description><![CDATA[latitud: -33.4653844<br>longitud: -70.6800681<br>demanda: 0]]></description>
        <styleUrl>#icon-1739-0288D1</styleUrl>
        <ExtendedData>
          <Data name="latitud">
            <value>-33.4653844</value>
          </Data>
          <Data name="longitud">
            <value>-70.6800681</value>
          </Data>
          <Data name="demanda">
            <value>0.0</value>
          </Data>
        </ExtendedData>
        <Point>
          <coordinates>
            -70.6800681,-33.4653844,0
          </coordinates>
        </Point>
      </Placemark>
      <Placemark>
        <name>punto_98</name>
        <description><![CDATA[latitud: -33.4652881<br>longitud: -70.681995<br>demanda: 65]]></description>
        <styleUrl>#icon-1739-0288D1</styleUrl>
        <ExtendedData>
          <Data name="latitud">
            <value>-33.4652881</value>
          </Data>
          <Data name="longitud">
            <value>-70.681995</value>
          </Data>
          <Data name="demanda">
            <value>65.0</value>
          </Data>
        </ExtendedData>
        <Point>
          <coordinates>
            -70.681995,-33.4652881,0
          </coordinates>
        </Point>
      </Placemark>
      <Placemark>
        <name>punto_99</name>
        <description><![CDATA[latitud: -33.4655164<br>longitud: -70.6835669<br>demanda: 92]]></description>
        <styleUrl>#icon-1739-0288D1</styleUrl>
        <ExtendedData>
          <Data name="latitud">
            <value>-33.4655164</value>
          </Data>
          <Data name="longitud">
            <value>-70.6835669</value>
          </Data>
          <Data name="demanda">
            <value>92.0</value>
          </Data>
        </ExtendedData>
        <Point>
          <coordinates>
            -70.6835669,-33.4655164,0
          </coordinates>
        </Point>
      </Placemark>
      <Placemark>
        <name>punto_100</name>
        <description><![CDATA[latitud: -33.4644742<br>longitud: -70.6887997<br>demanda: 85]]></description>
        <styleUrl>#icon-1739-0288D1</styleUrl>
        <ExtendedData>
          <Data name="latitud">
            <value>-33.4644742</value>
          </Data>
          <Data name="longitud">
            <value>-70.6887997</value>
          </Data>
          <Data name="demanda">
            <value>85.0</value>
          </Data>
        </ExtendedData>
        <Point>
          <coordinates>
            -70.6887997,-33.4644742,0
          </coordinates>
        </Point>
      </Placemark>
      <Placemark>
        <name>punto_101</name>
        <description><![CDATA[latitud: -33.4650869<br>longitud: -70.6850897<br>demanda: 199]]></description>
        <styleUrl>#icon-1739-0288D1</styleUrl>
        <ExtendedData>
          <Data name="latitud">
            <value>-33.4650869</value>
          </Data>
          <Data name="longitud">
            <value>-70.6850897</value>
          </Data>
          <Data name="demanda">
            <value>199.0</value>
          </Data>
        </ExtendedData>
        <Point>
          <coordinates>
            -70.6850897,-33.4650869,0
          </coordinates>
        </Point>
      </Placemark>
      <Placemark>
        <name>punto_102</name>
        <description><![CDATA[latitud: -33.4648683<br>longitud: -70.6896469<br>demanda: 424]]></description>
        <styleUrl>#icon-1739-0288D1</styleUrl>
        <ExtendedData>
          <Data name="latitud">
            <value>-33.4648683</value>
          </Data>
          <Data name="longitud">
            <value>-70.6896469</value>
          </Data>
          <Data name="demanda">
            <value>424.0</value>
          </Data>
        </ExtendedData>
        <Point>
          <coordinates>
            -70.6896469,-33.4648683,0
          </coordinates>
        </Point>
      </Placemark>
      <Placemark>
        <name>punto_103</name>
        <description><![CDATA[latitud: -33.4650769<br>longitud: -70.6864011<br>demanda: 223]]></description>
        <styleUrl>#icon-1739-0288D1</styleUrl>
        <ExtendedData>
          <Data name="latitud">
            <value>-33.4650769</value>
          </Data>
          <Data name="longitud">
            <value>-70.6864011</value>
          </Data>
          <Data name="demanda">
            <value>223.0</value>
          </Data>
        </ExtendedData>
        <Point>
          <coordinates>
            -70.6864011,-33.4650769,0
          </coordinates>
        </Point>
      </Placemark>
      <Placemark>
        <name>punto_104</name>
        <description><![CDATA[latitud: -33.4660978<br>longitud: -70.6907167<br>demanda: 382]]></description>
        <styleUrl>#icon-1739-0288D1</styleUrl>
        <ExtendedData>
          <Data name="latitud">
            <value>-33.4660978</value>
          </Data>
          <Data name="longitud">
            <value>-70.6907167</value>
          </Data>
          <Data name="demanda">
            <value>382.0</value>
          </Data>
        </ExtendedData>
        <Point>
          <coordinates>
            -70.6907167,-33.4660978,0
          </coordinates>
        </Point>
      </Placemark>
      <Placemark>
        <name>punto_105</name>
        <description><![CDATA[latitud: -33.4643833<br>longitud: -70.6911064<br>demanda: 187]]></description>
        <styleUrl>#icon-1739-0288D1</styleUrl>
        <ExtendedData>
          <Data name="latitud">
            <value>-33.4643833</value>
          </Data>
          <Data name="longitud">
            <value>-70.6911064</value>
          </Data>
          <Data name="demanda">
            <value>187.0</value>
          </Data>
        </ExtendedData>
        <Point>
          <coordinates>
            -70.6911064,-33.4643833,0
          </coordinates>
        </Point>
      </Placemark>
      <Placemark>
        <name>punto_106</name>
        <description><![CDATA[latitud: -33.4650522<br>longitud: -70.6875311<br>demanda: 35]]></description>
        <styleUrl>#icon-1739-0288D1</styleUrl>
        <ExtendedData>
          <Data name="latitud">
            <value>-33.4650522</value>
          </Data>
          <Data name="longitud">
            <value>-70.6875311</value>
          </Data>
          <Data name="demanda">
            <value>35.0</value>
          </Data>
        </ExtendedData>
        <Point>
          <coordinates>
            -70.6875311,-33.4650522,0
          </coordinates>
        </Point>
      </Placemark>
      <Placemark>
        <name>punto_107</name>
        <description><![CDATA[latitud: -33.4646925<br>longitud: -70.6917664<br>demanda: 244]]></description>
        <styleUrl>#icon-1739-0288D1</styleUrl>
        <ExtendedData>
          <Data name="latitud">
            <value>-33.4646925</value>
          </Data>
          <Data name="longitud">
            <value>-70.6917664</value>
          </Data>
          <Data name="demanda">
            <value>244.0</value>
          </Data>
        </ExtendedData>
        <Point>
          <coordinates>
            -70.6917664,-33.4646925,0
          </coordinates>
        </Point>
      </Placemark>
      <Placemark>
        <name>punto_108</name>
        <description><![CDATA[latitud: -33.4644686<br>longitud: -70.6925867<br>demanda: 134]]></description>
        <styleUrl>#icon-1739-0288D1</styleUrl>
        <ExtendedData>
          <Data name="latitud">
            <value>-33.4644686</value>
          </Data>
          <Data name="longitud">
            <value>-70.6925867</value>
          </Data>
          <Data name="demanda">
            <value>134.0</value>
          </Data>
        </ExtendedData>
        <Point>
          <coordinates>
            -70.6925867,-33.4644686,0
          </coordinates>
        </Point>
      </Placemark>
      <Placemark>
        <name>punto_109</name>
        <description><![CDATA[latitud: -33.4651439<br>longitud: -70.7044008<br>demanda: 40]]></description>
        <styleUrl>#icon-1739-0288D1</styleUrl>
        <ExtendedData>
          <Data name="latitud">
            <value>-33.4651439</value>
          </Data>
          <Data name="longitud">
            <value>-70.7044008</value>
          </Data>
          <Data name="demanda">
            <value>40.0</value>
          </Data>
        </ExtendedData>
        <Point>
          <coordinates>
            -70.7044008,-33.4651439,0
          </coordinates>
        </Point>
      </Placemark>
      <Placemark>
        <name>punto_110</name>
        <description><![CDATA[latitud: -33.4649125<br>longitud: -70.6972842<br>demanda: 183]]></description>
        <styleUrl>#icon-1739-0288D1</styleUrl>
        <ExtendedData>
          <Data name="latitud">
            <value>-33.4649125</value>
          </Data>
          <Data name="longitud">
            <value>-70.6972842</value>
          </Data>
          <Data name="demanda">
            <value>183.0</value>
          </Data>
        </ExtendedData>
        <Point>
          <coordinates>
            -70.6972842,-33.4649125,0
          </coordinates>
        </Point>
      </Placemark>
      <Placemark>
        <name>punto_111</name>
        <description><![CDATA[latitud: -33.4648064<br>longitud: -70.6908664<br>demanda: 153]]></description>
        <styleUrl>#icon-1739-0288D1</styleUrl>
        <ExtendedData>
          <Data name="latitud">
            <value>-33.4648064</value>
          </Data>
          <Data name="longitud">
            <value>-70.6908664</value>
          </Data>
          <Data name="demanda">
            <value>153.0</value>
          </Data>
        </ExtendedData>
        <Point>
          <coordinates>
            -70.6908664,-33.4648064,0
          </coordinates>
        </Point>
      </Placemark>
      <Placemark>
        <name>punto_112</name>
        <description><![CDATA[latitud: -33.4648289<br>longitud: -70.6912944<br>demanda: 223]]></description>
        <styleUrl>#icon-1739-0288D1</styleUrl>
        <ExtendedData>
          <Data name="latitud">
            <value>-33.4648289</value>
          </Data>
          <Data name="longitud">
            <value>-70.6912944</value>
          </Data>
          <Data name="demanda">
            <value>223.0</value>
          </Data>
        </ExtendedData>
        <Point>
          <coordinates>
            -70.6912944,-33.4648289,0
          </coordinates>
        </Point>
      </Placemark>
      <Placemark>
        <name>punto_113</name>
        <description><![CDATA[latitud: -33.4648767<br>longitud: -70.6921517<br>demanda: 242]]></description>
        <styleUrl>#icon-1739-0288D1</styleUrl>
        <ExtendedData>
          <Data name="latitud">
            <value>-33.4648767</value>
          </Data>
          <Data name="longitud">
            <value>-70.6921517</value>
          </Data>
          <Data name="demanda">
            <value>242.0</value>
          </Data>
        </ExtendedData>
        <Point>
          <coordinates>
            -70.6921517,-33.4648767,0
          </coordinates>
        </Point>
      </Placemark>
      <Placemark>
        <name>punto_114</name>
        <description><![CDATA[latitud: -33.4648981<br>longitud: -70.6925367<br>demanda: 92]]></description>
        <styleUrl>#icon-1739-0288D1</styleUrl>
        <ExtendedData>
          <Data name="latitud">
            <value>-33.4648981</value>
          </Data>
          <Data name="longitud">
            <value>-70.6925367</value>
          </Data>
          <Data name="demanda">
            <value>92.0</value>
          </Data>
        </ExtendedData>
        <Point>
          <coordinates>
            -70.6925367,-33.4648981,0
          </coordinates>
        </Point>
      </Placemark>
      <Placemark>
        <name>punto_115</name>
        <description><![CDATA[latitud: -33.4649178<br>longitud: -70.6929506<br>demanda: 164]]></description>
        <styleUrl>#icon-1739-0288D1</styleUrl>
        <ExtendedData>
          <Data name="latitud">
            <value>-33.4649178</value>
          </Data>
          <Data name="longitud">
            <value>-70.6929506</value>
          </Data>
          <Data name="demanda">
            <value>164.0</value>
          </Data>
        </ExtendedData>
        <Point>
          <coordinates>
            -70.6929506,-33.4649178,0
          </coordinates>
        </Point>
      </Placemark>
      <Placemark>
        <name>punto_116</name>
        <description><![CDATA[latitud: -33.4651994<br>longitud: -70.6887883<br>demanda: 35]]></description>
        <styleUrl>#icon-1739-0288D1</styleUrl>
        <ExtendedData>
          <Data name="latitud">
            <value>-33.4651994</value>
          </Data>
          <Data name="longitud">
            <value>-70.6887883</value>
          </Data>
          <Data name="demanda">
            <value>35.0</value>
          </Data>
        </ExtendedData>
        <Point>
          <coordinates>
            -70.6887883,-33.4651994,0
          </coordinates>
        </Point>
      </Placemark>
      <Placemark>
        <name>punto_117</name>
        <description><![CDATA[latitud: -33.4653589<br>longitud: -70.6908361<br>demanda: 73]]></description>
        <styleUrl>#icon-1739-0288D1</styleUrl>
        <ExtendedData>
          <Data name="latitud">
            <value>-33.4653589</value>
          </Data>
          <Data name="longitud">
            <value>-70.6908361</value>
          </Data>
          <Data name="demanda">
            <value>73.0</value>
          </Data>
        </ExtendedData>
        <Point>
          <coordinates>
            -70.6908361,-33.4653589,0
          </coordinates>
        </Point>
      </Placemark>
      <Placemark>
        <name>punto_118</name>
        <description><![CDATA[latitud: -33.4657711<br>longitud: -70.7054244<br>demanda: 434]]></description>
        <styleUrl>#icon-1739-0288D1</styleUrl>
        <ExtendedData>
          <Data name="latitud">
            <value>-33.4657711</value>
          </Data>
          <Data name="longitud">
            <value>-70.7054244</value>
          </Data>
          <Data name="demanda">
            <value>434.0</value>
          </Data>
        </ExtendedData>
        <Point>
          <coordinates>
            -70.7054244,-33.4657711,0
          </coordinates>
        </Point>
      </Placemark>
      <Placemark>
        <name>punto_119</name>
        <description><![CDATA[latitud: -33.4653775<br>longitud: -70.6912603<br>demanda: 94]]></description>
        <styleUrl>#icon-1739-0288D1</styleUrl>
        <ExtendedData>
          <Data name="latitud">
            <value>-33.4653775</value>
          </Data>
          <Data name="longitud">
            <value>-70.6912603</value>
          </Data>
          <Data name="demanda">
            <value>94.0</value>
          </Data>
        </ExtendedData>
        <Point>
          <coordinates>
            -70.6912603,-33.4653775,0
          </coordinates>
        </Point>
      </Placemark>
      <Placemark>
        <name>punto_120</name>
        <description><![CDATA[latitud: -33.4654194<br>longitud: -70.6919136<br>demanda: 82]]></description>
        <styleUrl>#icon-1739-0288D1</styleUrl>
        <ExtendedData>
          <Data name="latitud">
            <value>-33.4654194</value>
          </Data>
          <Data name="longitud">
            <value>-70.6919136</value>
          </Data>
          <Data name="demanda">
            <value>82.0</value>
          </Data>
        </ExtendedData>
        <Point>
          <coordinates>
            -70.6919136,-33.4654194,0
          </coordinates>
        </Point>
      </Placemark>
      <Placemark>
        <name>punto_121</name>
        <description><![CDATA[latitud: -33.4654481<br>longitud: -70.6925067<br>demanda: 129]]></description>
        <styleUrl>#icon-1739-0288D1</styleUrl>
        <ExtendedData>
          <Data name="latitud">
            <value>-33.4654481</value>
          </Data>
          <Data name="longitud">
            <value>-70.6925067</value>
          </Data>
          <Data name="demanda">
            <value>129.0</value>
          </Data>
        </ExtendedData>
        <Point>
          <coordinates>
            -70.6925067,-33.4654481,0
          </coordinates>
        </Point>
      </Placemark>
      <Placemark>
        <name>punto_122</name>
        <description><![CDATA[latitud: -33.4654758<br>longitud: -70.6929222<br>demanda: 255]]></description>
        <styleUrl>#icon-1739-0288D1</styleUrl>
        <ExtendedData>
          <Data name="latitud">
            <value>-33.4654758</value>
          </Data>
          <Data name="longitud">
            <value>-70.6929222</value>
          </Data>
          <Data name="demanda">
            <value>255.0</value>
          </Data>
        </ExtendedData>
        <Point>
          <coordinates>
            -70.6929222,-33.4654758,0
          </coordinates>
        </Point>
      </Placemark>
      <Placemark>
        <name>punto_123</name>
        <description><![CDATA[latitud: -33.4659619<br>longitud: -70.6887708<br>demanda: 96]]></description>
        <styleUrl>#icon-1739-0288D1</styleUrl>
        <ExtendedData>
          <Data name="latitud">
            <value>-33.4659619</value>
          </Data>
          <Data name="longitud">
            <value>-70.6887708</value>
          </Data>
          <Data name="demanda">
            <value>96.0</value>
          </Data>
        </ExtendedData>
        <Point>
          <coordinates>
            -70.6887708,-33.4659619,0
          </coordinates>
        </Point>
      </Placemark>
      <Placemark>
        <name>punto_124</name>
        <description><![CDATA[latitud: -33.4660189<br>longitud: -70.6895944<br>demanda: 215]]></description>
        <styleUrl>#icon-1739-0288D1</styleUrl>
        <ExtendedData>
          <Data name="latitud">
            <value>-33.4660189</value>
          </Data>
          <Data name="longitud">
            <value>-70.6895944</value>
          </Data>
          <Data name="demanda">
            <value>215.0</value>
          </Data>
        </ExtendedData>
        <Point>
          <coordinates>
            -70.6895944,-33.4660189,0
          </coordinates>
        </Point>
      </Placemark>
      <Placemark>
        <name>punto_125</name>
        <description><![CDATA[latitud: -33.4660753<br>longitud: -70.6973303<br>demanda: 162]]></description>
        <styleUrl>#icon-1739-0288D1</styleUrl>
        <ExtendedData>
          <Data name="latitud">
            <value>-33.4660753</value>
          </Data>
          <Data name="longitud">
            <value>-70.6973303</value>
          </Data>
          <Data name="demanda">
            <value>162.0</value>
          </Data>
        </ExtendedData>
        <Point>
          <coordinates>
            -70.6973303,-33.4660753,0
          </coordinates>
        </Point>
      </Placemark>
      <Placemark>
        <name>punto_126</name>
        <description><![CDATA[latitud: -33.4662575<br>longitud: -70.6923053<br>demanda: 314]]></description>
        <styleUrl>#icon-1739-0288D1</styleUrl>
        <ExtendedData>
          <Data name="latitud">
            <value>-33.4662575</value>
          </Data>
          <Data name="longitud">
            <value>-70.6923053</value>
          </Data>
          <Data name="demanda">
            <value>314.0</value>
          </Data>
        </ExtendedData>
        <Point>
          <coordinates>
            -70.6923053,-33.4662575,0
          </coordinates>
        </Point>
      </Placemark>
      <Placemark>
        <name>punto_127</name>
        <description><![CDATA[latitud: -33.4663617<br>longitud: -70.6864708<br>demanda: 61]]></description>
        <styleUrl>#icon-1739-0288D1</styleUrl>
        <ExtendedData>
          <Data name="latitud">
            <value>-33.4663617</value>
          </Data>
          <Data name="longitud">
            <value>-70.6864708</value>
          </Data>
          <Data name="demanda">
            <value>61.0</value>
          </Data>
        </ExtendedData>
        <Point>
          <coordinates>
            -70.6864708,-33.4663617,0
          </coordinates>
        </Point>
      </Placemark>
      <Placemark>
        <name>punto_128</name>
        <description><![CDATA[latitud: -33.4664356<br>longitud: -70.6848222<br>demanda: 192]]></description>
        <styleUrl>#icon-1739-0288D1</styleUrl>
        <ExtendedData>
          <Data name="latitud">
            <value>-33.4664356</value>
          </Data>
          <Data name="longitud">
            <value>-70.6848222</value>
          </Data>
          <Data name="demanda">
            <value>192.0</value>
          </Data>
        </ExtendedData>
        <Point>
          <coordinates>
            -70.6848222,-33.4664356,0
          </coordinates>
        </Point>
      </Placemark>
      <Placemark>
        <name>punto_129</name>
        <description><![CDATA[latitud: -33.4661469<br>longitud: -70.7037508<br>demanda: 113]]></description>
        <styleUrl>#icon-1739-0288D1</styleUrl>
        <ExtendedData>
          <Data name="latitud">
            <value>-33.4661469</value>
          </Data>
          <Data name="longitud">
            <value>-70.7037508</value>
          </Data>
          <Data name="demanda">
            <value>113.0</value>
          </Data>
        </ExtendedData>
        <Point>
          <coordinates>
            -70.7037508,-33.4661469,0
          </coordinates>
        </Point>
      </Placemark>
      <Placemark>
        <name>punto_130</name>
        <description><![CDATA[latitud: -33.4663958<br>longitud: -70.7045342<br>demanda: 94]]></description>
        <styleUrl>#icon-1739-0288D1</styleUrl>
        <ExtendedData>
          <Data name="latitud">
            <value>-33.4663958</value>
          </Data>
          <Data name="longitud">
            <value>-70.7045342</value>
          </Data>
          <Data name="demanda">
            <value>94.0</value>
          </Data>
        </ExtendedData>
        <Point>
          <coordinates>
            -70.7045342,-33.4663958,0
          </coordinates>
        </Point>
      </Placemark>
      <Placemark>
        <name>punto_131</name>
        <description><![CDATA[latitud: -33.4666433<br>longitud: -70.6891397<br>demanda: 373]]></description>
        <styleUrl>#icon-1739-0288D1</styleUrl>
        <ExtendedData>
          <Data name="latitud">
            <value>-33.4666433</value>
          </Data>
          <Data name="longitud">
            <value>-70.6891397</value>
          </Data>
          <Data name="demanda">
            <value>373.0</value>
          </Data>
        </ExtendedData>
        <Point>
          <coordinates>
            -70.6891397,-33.4666433,0
          </coordinates>
        </Point>
      </Placemark>
      <Placemark>
        <name>punto_132</name>
        <description><![CDATA[latitud: -33.4665514<br>longitud: -70.7037189<br>demanda: 136]]></description>
        <styleUrl>#icon-1739-0288D1</styleUrl>
        <ExtendedData>
          <Data name="latitud">
            <value>-33.4665514</value>
          </Data>
          <Data name="longitud">
            <value>-70.7037189</value>
          </Data>
          <Data name="demanda">
            <value>136.0</value>
          </Data>
        </ExtendedData>
        <Point>
          <coordinates>
            -70.7037189,-33.4665514,0
          </coordinates>
        </Point>
      </Placemark>
      <Placemark>
        <name>punto_133</name>
        <description><![CDATA[latitud: -33.4668178<br>longitud: -70.69064<br>demanda: 237]]></description>
        <styleUrl>#icon-1739-0288D1</styleUrl>
        <ExtendedData>
          <Data name="latitud">
            <value>-33.4668178</value>
          </Data>
          <Data name="longitud">
            <value>-70.69064</value>
          </Data>
          <Data name="demanda">
            <value>237.0</value>
          </Data>
        </ExtendedData>
        <Point>
          <coordinates>
            -70.69064,-33.4668178,0
          </coordinates>
        </Point>
      </Placemark>
      <Placemark>
        <name>punto_134</name>
        <description><![CDATA[latitud: -33.4666556<br>longitud: -70.7054881<br>demanda: 112]]></description>
        <styleUrl>#icon-1739-0288D1</styleUrl>
        <ExtendedData>
          <Data name="latitud">
            <value>-33.4666556</value>
          </Data>
          <Data name="longitud">
            <value>-70.7054881</value>
          </Data>
          <Data name="demanda">
            <value>112.0</value>
          </Data>
        </ExtendedData>
        <Point>
          <coordinates>
            -70.7054881,-33.4666556,0
          </coordinates>
        </Point>
      </Placemark>
      <Placemark>
        <name>punto_135</name>
        <description><![CDATA[latitud: -33.4670578<br>longitud: -70.6922208<br>demanda: 377]]></description>
        <styleUrl>#icon-1739-0288D1</styleUrl>
        <ExtendedData>
          <Data name="latitud">
            <value>-33.4670578</value>
          </Data>
          <Data name="longitud">
            <value>-70.6922208</value>
          </Data>
          <Data name="demanda">
            <value>377.0</value>
          </Data>
        </ExtendedData>
        <Point>
          <coordinates>
            -70.6922208,-33.4670578,0
          </coordinates>
        </Point>
      </Placemark>
      <Placemark>
        <name>punto_136</name>
        <description><![CDATA[latitud: -33.4670239<br>longitud: -70.6973689<br>demanda: 87]]></description>
        <styleUrl>#icon-1739-0288D1</styleUrl>
        <ExtendedData>
          <Data name="latitud">
            <value>-33.4670239</value>
          </Data>
          <Data name="longitud">
            <value>-70.6973689</value>
          </Data>
          <Data name="demanda">
            <value>87.0</value>
          </Data>
        </ExtendedData>
        <Point>
          <coordinates>
            -70.6973689,-33.4670239,0
          </coordinates>
        </Point>
      </Placemark>
      <Placemark>
        <name>punto_137</name>
        <description><![CDATA[latitud: -33.4668817<br>longitud: -70.7023444<br>demanda: 194]]></description>
        <styleUrl>#icon-1739-0288D1</styleUrl>
        <ExtendedData>
          <Data name="latitud">
            <value>-33.4668817</value>
          </Data>
          <Data name="longitud">
            <value>-70.7023444</value>
          </Data>
          <Data name="demanda">
            <value>194.0</value>
          </Data>
        </ExtendedData>
        <Point>
          <coordinates>
            -70.7023444,-33.4668817,0
          </coordinates>
        </Point>
      </Placemark>
      <Placemark>
        <name>punto_138</name>
        <description><![CDATA[latitud: -33.4670142<br>longitud: -70.6885864<br>demanda: 31]]></description>
        <styleUrl>#icon-1739-0288D1</styleUrl>
        <ExtendedData>
          <Data name="latitud">
            <value>-33.4670142</value>
          </Data>
          <Data name="longitud">
            <value>-70.6885864</value>
          </Data>
          <Data name="demanda">
            <value>31.0</value>
          </Data>
        </ExtendedData>
        <Point>
          <coordinates>
            -70.6885864,-33.4670142,0
          </coordinates>
        </Point>
      </Placemark>
      <Placemark>
        <name>punto_139</name>
        <description><![CDATA[latitud: -33.4671919<br>longitud: -70.6890172<br>demanda: 192]]></description>
        <styleUrl>#icon-1739-0288D1</styleUrl>
        <ExtendedData>
          <Data name="latitud">
            <value>-33.4671919</value>
          </Data>
          <Data name="longitud">
            <value>-70.6890172</value>
          </Data>
          <Data name="demanda">
            <value>192.0</value>
          </Data>
        </ExtendedData>
        <Point>
          <coordinates>
            -70.6890172,-33.4671919,0
          </coordinates>
        </Point>
      </Placemark>
      <Placemark>
        <name>punto_140</name>
        <description><![CDATA[latitud: -33.4671603<br>longitud: -70.7033708<br>demanda: 173]]></description>
        <styleUrl>#icon-1739-0288D1</styleUrl>
        <ExtendedData>
          <Data name="latitud">
            <value>-33.4671603</value>
          </Data>
          <Data name="longitud">
            <value>-70.7033708</value>
          </Data>
          <Data name="demanda">
            <value>173.0</value>
          </Data>
        </ExtendedData>
        <Point>
          <coordinates>
            -70.7033708,-33.4671603,0
          </coordinates>
        </Point>
      </Placemark>
      <Placemark>
        <name>punto_141</name>
        <description><![CDATA[latitud: -33.46751<br>longitud: -70.6895172<br>demanda: 180]]></description>
        <styleUrl>#icon-1739-0288D1</styleUrl>
        <ExtendedData>
          <Data name="latitud">
            <value>-33.46751</value>
          </Data>
          <Data name="longitud">
            <value>-70.6895172</value>
          </Data>
          <Data name="demanda">
            <value>180.0</value>
          </Data>
        </ExtendedData>
        <Point>
          <coordinates>
            -70.6895172,-33.46751,0
          </coordinates>
        </Point>
      </Placemark>
      <Placemark>
        <name>punto_142</name>
        <description><![CDATA[latitud: -33.4676061<br>longitud: -70.6900414<br>demanda: 345]]></description>
        <styleUrl>#icon-1739-0288D1</styleUrl>
        <ExtendedData>
          <Data name="latitud">
            <value>-33.4676061</value>
          </Data>
          <Data name="longitud">
            <value>-70.6900414</value>
          </Data>
          <Data name="demanda">
            <value>345.0</value>
          </Data>
        </ExtendedData>
        <Point>
          <coordinates>
            -70.6900414,-33.4676061,0
          </coordinates>
        </Point>
      </Placemark>
      <Placemark>
        <name>punto_143</name>
        <description><![CDATA[latitud: -33.4674361<br>longitud: -70.7041439<br>demanda: 199]]></description>
        <styleUrl>#icon-1739-0288D1</styleUrl>
        <ExtendedData>
          <Data name="latitud">
            <value>-33.4674361</value>
          </Data>
          <Data name="longitud">
            <value>-70.7041439</value>
          </Data>
          <Data name="demanda">
            <value>199.0</value>
          </Data>
        </ExtendedData>
        <Point>
          <coordinates>
            -70.7041439,-33.4674361,0
          </coordinates>
        </Point>
      </Placemark>
      <Placemark>
        <name>punto_144</name>
        <description><![CDATA[latitud: -33.4672783<br>longitud: -70.6939436<br>demanda: 314]]></description>
        <styleUrl>#icon-1739-0288D1</styleUrl>
        <ExtendedData>
          <Data name="latitud">
            <value>-33.4672783</value>
          </Data>
          <Data name="longitud">
            <value>-70.6939436</value>
          </Data>
          <Data name="demanda">
            <value>314.0</value>
          </Data>
        </ExtendedData>
        <Point>
          <coordinates>
            -70.6939436,-33.4672783,0
          </coordinates>
        </Point>
      </Placemark>
      <Placemark>
        <name>punto_145</name>
        <description><![CDATA[latitud: -33.4670564<br>longitud: -70.7055222<br>demanda: 115]]></description>
        <styleUrl>#icon-1739-0288D1</styleUrl>
        <ExtendedData>
          <Data name="latitud">
            <value>-33.4670564</value>
          </Data>
          <Data name="longitud">
            <value>-70.7055222</value>
          </Data>
          <Data name="demanda">
            <value>115.0</value>
          </Data>
        </ExtendedData>
        <Point>
          <coordinates>
            -70.7055222,-33.4670564,0
          </coordinates>
        </Point>
      </Placemark>
      <Placemark>
        <name>punto_146</name>
        <description><![CDATA[latitud: -33.4677661<br>longitud: -70.6905653<br>demanda: 190]]></description>
        <styleUrl>#icon-1739-0288D1</styleUrl>
        <ExtendedData>
          <Data name="latitud">
            <value>-33.4677661</value>
          </Data>
          <Data name="longitud">
            <value>-70.6905653</value>
          </Data>
          <Data name="demanda">
            <value>190.0</value>
          </Data>
        </ExtendedData>
        <Point>
          <coordinates>
            -70.6905653,-33.4677661,0
          </coordinates>
        </Point>
      </Placemark>
      <Placemark>
        <name>punto_147</name>
        <description><![CDATA[latitud: -33.4678172<br>longitud: -70.6911111<br>demanda: 340]]></description>
        <styleUrl>#icon-1739-0288D1</styleUrl>
        <ExtendedData>
          <Data name="latitud">
            <value>-33.4678172</value>
          </Data>
          <Data name="longitud">
            <value>-70.6911111</value>
          </Data>
          <Data name="demanda">
            <value>340.0</value>
          </Data>
        </ExtendedData>
        <Point>
          <coordinates>
            -70.6911111,-33.4678172,0
          </coordinates>
        </Point>
      </Placemark>
      <Placemark>
        <name>punto_148</name>
        <description><![CDATA[latitud: -33.4673975<br>longitud: -70.6955892<br>demanda: 333]]></description>
        <styleUrl>#icon-1739-0288D1</styleUrl>
        <ExtendedData>
          <Data name="latitud">
            <value>-33.4673975</value>
          </Data>
          <Data name="longitud">
            <value>-70.6955892</value>
          </Data>
          <Data name="demanda">
            <value>333.0</value>
          </Data>
        </ExtendedData>
        <Point>
          <coordinates>
            -70.6955892,-33.4673975,0
          </coordinates>
        </Point>
      </Placemark>
      <Placemark>
        <name>punto_149</name>
        <description><![CDATA[latitud: -33.4678744<br>longitud: -70.6917142<br>demanda: 365]]></description>
        <styleUrl>#icon-1739-0288D1</styleUrl>
        <ExtendedData>
          <Data name="latitud">
            <value>-33.4678744</value>
          </Data>
          <Data name="longitud">
            <value>-70.6917142</value>
          </Data>
          <Data name="demanda">
            <value>365.0</value>
          </Data>
        </ExtendedData>
        <Point>
          <coordinates>
            -70.6917142,-33.4678744,0
          </coordinates>
        </Point>
      </Placemark>
      <Placemark>
        <name>punto_150</name>
        <description><![CDATA[latitud: -33.4675911<br>longitud: -70.7021042<br>demanda: 188]]></description>
        <styleUrl>#icon-1739-0288D1</styleUrl>
        <ExtendedData>
          <Data name="latitud">
            <value>-33.4675911</value>
          </Data>
          <Data name="longitud">
            <value>-70.7021042</value>
          </Data>
          <Data name="demanda">
            <value>188.0</value>
          </Data>
        </ExtendedData>
        <Point>
          <coordinates>
            -70.7021042,-33.4675911,0
          </coordinates>
        </Point>
      </Placemark>
      <Placemark>
        <name>punto_151</name>
        <description><![CDATA[latitud: -33.4679144<br>longitud: -70.6922681<br>demanda: 328]]></description>
        <styleUrl>#icon-1739-0288D1</styleUrl>
        <ExtendedData>
          <Data name="latitud">
            <value>-33.4679144</value>
          </Data>
          <Data name="longitud">
            <value>-70.6922681</value>
          </Data>
          <Data name="demanda">
            <value>328.0</value>
          </Data>
        </ExtendedData>
        <Point>
          <coordinates>
            -70.6922681,-33.4679144,0
          </coordinates>
        </Point>
      </Placemark>
      <Placemark>
        <name>punto_152</name>
        <description><![CDATA[latitud: -33.4674475<br>longitud: -70.7055494<br>demanda: 103]]></description>
        <styleUrl>#icon-1739-0288D1</styleUrl>
        <ExtendedData>
          <Data name="latitud">
            <value>-33.4674475</value>
          </Data>
          <Data name="longitud">
            <value>-70.7055494</value>
          </Data>
          <Data name="demanda">
            <value>103.0</value>
          </Data>
        </ExtendedData>
        <Point>
          <coordinates>
            -70.7055494,-33.4674475,0
          </coordinates>
        </Point>
      </Placemark>
      <Placemark>
        <name>punto_153</name>
        <description><![CDATA[latitud: -33.4679603<br>longitud: -70.6928183<br>demanda: 143]]></description>
        <styleUrl>#icon-1739-0288D1</styleUrl>
        <ExtendedData>
          <Data name="latitud">
            <value>-33.4679603</value>
          </Data>
          <Data name="longitud">
            <value>-70.6928183</value>
          </Data>
          <Data name="demanda">
            <value>143.0</value>
          </Data>
        </ExtendedData>
        <Point>
          <coordinates>
            -70.6928183,-33.4679603,0
          </coordinates>
        </Point>
      </Placemark>
      <Placemark>
        <name>punto_154</name>
        <description><![CDATA[latitud: -33.4679669<br>longitud: -70.6886253<br>demanda: 122]]></description>
        <styleUrl>#icon-1739-0288D1</styleUrl>
        <ExtendedData>
          <Data name="latitud">
            <value>-33.4679669</value>
          </Data>
          <Data name="longitud">
            <value>-70.6886253</value>
          </Data>
          <Data name="demanda">
            <value>122.0</value>
          </Data>
        </ExtendedData>
        <Point>
          <coordinates>
            -70.6886253,-33.4679669,0
          </coordinates>
        </Point>
      </Placemark>
      <Placemark>
        <name>punto_155</name>
        <description><![CDATA[latitud: -33.4680028<br>longitud: -70.6974117<br>demanda: 180]]></description>
        <styleUrl>#icon-1739-0288D1</styleUrl>
        <ExtendedData>
          <Data name="latitud">
            <value>-33.4680028</value>
          </Data>
          <Data name="longitud">
            <value>-70.6974117</value>
          </Data>
          <Data name="demanda">
            <value>180.0</value>
          </Data>
        </ExtendedData>
        <Point>
          <coordinates>
            -70.6974117,-33.4680028,0
          </coordinates>
        </Point>
      </Placemark>
      <Placemark>
        <name>punto_156</name>
        <description><![CDATA[latitud: -33.4679953<br>longitud: -70.6934022<br>demanda: 173]]></description>
        <styleUrl>#icon-1739-0288D1</styleUrl>
        <ExtendedData>
          <Data name="latitud">
            <value>-33.4679953</value>
          </Data>
          <Data name="longitud">
            <value>-70.6934022</value>
          </Data>
          <Data name="demanda">
            <value>173.0</value>
          </Data>
        </ExtendedData>
        <Point>
          <coordinates>
            -70.6934022,-33.4679953,0
          </coordinates>
        </Point>
      </Placemark>
      <Placemark>
        <name>punto_157</name>
        <description><![CDATA[latitud: -33.468065<br>longitud: -70.6890697<br>demanda: 136]]></description>
        <styleUrl>#icon-1739-0288D1</styleUrl>
        <ExtendedData>
          <Data name="latitud">
            <value>-33.468065</value>
          </Data>
          <Data name="longitud">
            <value>-70.6890697</value>
          </Data>
          <Data name="demanda">
            <value>136.0</value>
          </Data>
        </ExtendedData>
        <Point>
          <coordinates>
            -70.6890697,-33.468065,0
          </coordinates>
        </Point>
      </Placemark>
      <Placemark>
        <name>punto_158</name>
        <description><![CDATA[latitud: -33.4680319<br>longitud: -70.6939483<br>demanda: 171]]></description>
        <styleUrl>#icon-1739-0288D1</styleUrl>
        <ExtendedData>
          <Data name="latitud">
            <value>-33.4680319</value>
          </Data>
          <Data name="longitud">
            <value>-70.6939483</value>
          </Data>
          <Data name="demanda">
            <value>171.0</value>
          </Data>
        </ExtendedData>
        <Point>
          <coordinates>
            -70.6939483,-33.4680319,0
          </coordinates>
        </Point>
      </Placemark>
      <Placemark>
        <name>punto_159</name>
        <description><![CDATA[latitud: -33.4680606<br>longitud: -70.6944794<br>demanda: 141]]></description>
        <styleUrl>#icon-1739-0288D1</styleUrl>
        <ExtendedData>
          <Data name="latitud">
            <value>-33.4680606</value>
          </Data>
          <Data name="longitud">
            <value>-70.6944794</value>
          </Data>
          <Data name="demanda">
            <value>141.0</value>
          </Data>
        </ExtendedData>
        <Point>
          <coordinates>
            -70.6944794,-33.4680606,0
          </coordinates>
        </Point>
      </Placemark>
      <Placemark>
        <name>punto_160</name>
        <description><![CDATA[latitud: -33.4680878<br>longitud: -70.6950294<br>demanda: 138]]></description>
        <styleUrl>#icon-1739-0288D1</styleUrl>
        <ExtendedData>
          <Data name="latitud">
            <value>-33.4680878</value>
          </Data>
          <Data name="longitud">
            <value>-70.6950294</value>
          </Data>
          <Data name="demanda">
            <value>138.0</value>
          </Data>
        </ExtendedData>
        <Point>
          <coordinates>
            -70.6950294,-33.4680878,0
          </coordinates>
        </Point>
      </Placemark>
      <Placemark>
        <name>punto_161</name>
        <description><![CDATA[latitud: -33.4681047<br>longitud: -70.6955503<br>demanda: 115]]></description>
        <styleUrl>#icon-1739-0288D1</styleUrl>
        <ExtendedData>
          <Data name="latitud">
            <value>-33.4681047</value>
          </Data>
          <Data name="longitud">
            <value>-70.6955503</value>
          </Data>
          <Data name="demanda">
            <value>115.0</value>
          </Data>
        </ExtendedData>
        <Point>
          <coordinates>
            -70.6955503,-33.4681047,0
          </coordinates>
        </Point>
      </Placemark>
      <Placemark>
        <name>punto_162</name>
        <description><![CDATA[latitud: -33.4697692<br>longitud: -70.7149511<br>demanda: 2845]]></description>
        <styleUrl>#icon-1739-0288D1</styleUrl>
        <ExtendedData>
          <Data name="latitud">
            <value>-33.4697692</value>
          </Data>
          <Data name="longitud">
            <value>-70.7149511</value>
          </Data>
          <Data name="demanda">
            <value>2845.0</value>
          </Data>
        </ExtendedData>
        <Point>
          <coordinates>
            -70.7149511,-33.4697692,0
          </coordinates>
        </Point>
      </Placemark>
      <Placemark>
        <name>punto_163</name>
        <description><![CDATA[latitud: -33.4683375<br>longitud: -70.7035781<br>demanda: 162]]></description>
        <styleUrl>#icon-1739-0288D1</styleUrl>
        <ExtendedData>
          <Data name="latitud">
            <value>-33.4683375</value>
          </Data>
          <Data name="longitud">
            <value>-70.7035781</value>
          </Data>
          <Data name="demanda">
            <value>162.0</value>
          </Data>
        </ExtendedData>
        <Point>
          <coordinates>
            -70.7035781,-33.4683375,0
          </coordinates>
        </Point>
      </Placemark>
      <Placemark>
        <name>punto_164</name>
        <description><![CDATA[latitud: -33.4681278<br>longitud: -70.6961094<br>demanda: 89]]></description>
        <styleUrl>#icon-1739-0288D1</styleUrl>
        <ExtendedData>
          <Data name="latitud">
            <value>-33.4681278</value>
          </Data>
          <Data name="longitud">
            <value>-70.6961094</value>
          </Data>
          <Data name="demanda">
            <value>89.0</value>
          </Data>
        </ExtendedData>
        <Point>
          <coordinates>
            -70.6961094,-33.4681278,0
          </coordinates>
        </Point>
      </Placemark>
      <Placemark>
        <name>punto_165</name>
        <description><![CDATA[latitud: -33.4681042<br>longitud: -70.7038847<br>demanda: 94]]></description>
        <styleUrl>#icon-1739-0288D1</styleUrl>
        <ExtendedData>
          <Data name="latitud">
            <value>-33.4681042</value>
          </Data>
          <Data name="longitud">
            <value>-70.7038847</value>
          </Data>
          <Data name="demanda">
            <value>94.0</value>
          </Data>
        </ExtendedData>
        <Point>
          <coordinates>
            -70.7038847,-33.4681042,0
          </coordinates>
        </Point>
      </Placemark>
      <Placemark>
        <name>punto_166</name>
        <description><![CDATA[latitud: -33.4678381<br>longitud: -70.7055769<br>demanda: 138]]></description>
        <styleUrl>#icon-1739-0288D1</styleUrl>
        <ExtendedData>
          <Data name="latitud">
            <value>-33.4678381</value>
          </Data>
          <Data name="longitud">
            <value>-70.7055769</value>
          </Data>
          <Data name="demanda">
            <value>138.0</value>
          </Data>
        </ExtendedData>
        <Point>
          <coordinates>
            -70.7055769,-33.4678381,0
          </coordinates>
        </Point>
      </Placemark>
      <Placemark>
        <name>punto_167</name>
        <description><![CDATA[latitud: -33.4682358<br>longitud: -70.7043436<br>demanda: 73]]></description>
        <styleUrl>#icon-1739-0288D1</styleUrl>
        <ExtendedData>
          <Data name="latitud">
            <value>-33.4682358</value>
          </Data>
          <Data name="longitud">
            <value>-70.7043436</value>
          </Data>
          <Data name="demanda">
            <value>73.0</value>
          </Data>
        </ExtendedData>
        <Point>
          <coordinates>
            -70.7043436,-33.4682358,0
          </coordinates>
        </Point>
      </Placemark>
      <Placemark>
        <name>punto_168</name>
        <description><![CDATA[latitud: -33.4681822<br>longitud: -70.6966992<br>demanda: 103]]></description>
        <styleUrl>#icon-1739-0288D1</styleUrl>
        <ExtendedData>
          <Data name="latitud">
            <value>-33.4681822</value>
          </Data>
          <Data name="longitud">
            <value>-70.6966992</value>
          </Data>
          <Data name="demanda">
            <value>103.0</value>
          </Data>
        </ExtendedData>
        <Point>
          <coordinates>
            -70.6966992,-33.4681822,0
          </coordinates>
        </Point>
      </Placemark>
      <Placemark>
        <name>punto_169</name>
        <description><![CDATA[latitud: -33.4685558<br>longitud: -70.7023158<br>demanda: 167]]></description>
        <styleUrl>#icon-1739-0288D1</styleUrl>
        <ExtendedData>
          <Data name="latitud">
            <value>-33.4685558</value>
          </Data>
          <Data name="longitud">
            <value>-70.7023158</value>
          </Data>
          <Data name="demanda">
            <value>167.0</value>
          </Data>
        </ExtendedData>
        <Point>
          <coordinates>
            -70.7023158,-33.4685558,0
          </coordinates>
        </Point>
      </Placemark>
      <Placemark>
        <name>punto_171</name>
        <description><![CDATA[latitud: -33.4517206<br>longitud: -70.6860103<br>demanda: 748]]></description>
        <styleUrl>#icon-1739-0288D1</styleUrl>
        <ExtendedData>
          <Data name="latitud">
            <value>-33.4517206</value>
          </Data>
          <Data name="longitud">
            <value>-70.6860103</value>
          </Data>
          <Data name="demanda">
            <value>748.0</value>
          </Data>
        </ExtendedData>
        <Point>
          <coordinates>
            -70.6860103,-33.4517206,0
          </coordinates>
        </Point>
      </Placemark>
      <Placemark>
        <name>punto_172</name>
        <description><![CDATA[latitud: -33.4515839<br>longitud: -70.6850028<br>demanda: 1502]]></description>
        <styleUrl>#icon-1739-0288D1</styleUrl>
        <ExtendedData>
          <Data name="latitud">
            <value>-33.4515839</value>
          </Data>
          <Data name="longitud">
            <value>-70.6850028</value>
          </Data>
          <Data name="demanda">
            <value>1502.0</value>
          </Data>
        </ExtendedData>
        <Point>
          <coordinates>
            -70.6850028,-33.4515839,0
          </coordinates>
        </Point>
      </Placemark>
      <Placemark>
        <name>punto_173</name>
        <description><![CDATA[latitud: -33.4514725<br>longitud: -70.6844692<br>demanda: 290]]></description>
        <styleUrl>#icon-1739-0288D1</styleUrl>
        <ExtendedData>
          <Data name="latitud">
            <value>-33.4514725</value>
          </Data>
          <Data name="longitud">
            <value>-70.6844692</value>
          </Data>
          <Data name="demanda">
            <value>290.0</value>
          </Data>
        </ExtendedData>
        <Point>
          <coordinates>
            -70.6844692,-33.4514725,0
          </coordinates>
        </Point>
      </Placemark>
      <Placemark>
        <name>punto_174</name>
        <description><![CDATA[latitud: -33.45147<br>longitud: -70.6837489<br>demanda: 131]]></description>
        <styleUrl>#icon-1739-0288D1</styleUrl>
        <ExtendedData>
          <Data name="latitud">
            <value>-33.45147</value>
          </Data>
          <Data name="longitud">
            <value>-70.6837489</value>
          </Data>
          <Data name="demanda">
            <value>131.0</value>
          </Data>
        </ExtendedData>
        <Point>
          <coordinates>
            -70.6837489,-33.45147,0
          </coordinates>
        </Point>
      </Placemark>
      <Placemark>
        <name>punto_175</name>
        <description><![CDATA[latitud: -33.4514639<br>longitud: -70.6835689<br>demanda: 72]]></description>
        <styleUrl>#icon-1739-0288D1</styleUrl>
        <ExtendedData>
          <Data name="latitud">
            <value>-33.4514639</value>
          </Data>
          <Data name="longitud">
            <value>-70.6835689</value>
          </Data>
          <Data name="demanda">
            <value>72.0</value>
          </Data>
        </ExtendedData>
        <Point>
          <coordinates>
            -70.6835689,-33.4514639,0
          </coordinates>
        </Point>
      </Placemark>
      <Placemark>
        <name>punto_176</name>
        <description><![CDATA[latitud: -33.4516331<br>longitud: -70.683165<br>demanda: 136]]></description>
        <styleUrl>#icon-1739-0288D1</styleUrl>
        <ExtendedData>
          <Data name="latitud">
            <value>-33.4516331</value>
          </Data>
          <Data name="longitud">
            <value>-70.683165</value>
          </Data>
          <Data name="demanda">
            <value>136.0</value>
          </Data>
        </ExtendedData>
        <Point>
          <coordinates>
            -70.683165,-33.4516331,0
          </coordinates>
        </Point>
      </Placemark>
      <Placemark>
        <name>punto_177</name>
        <description><![CDATA[latitud: -33.4575811<br>longitud: -70.6795119<br>demanda: 80]]></description>
        <styleUrl>#icon-1739-0288D1</styleUrl>
        <ExtendedData>
          <Data name="latitud">
            <value>-33.4575811</value>
          </Data>
          <Data name="longitud">
            <value>-70.6795119</value>
          </Data>
          <Data name="demanda">
            <value>80.0</value>
          </Data>
        </ExtendedData>
        <Point>
          <coordinates>
            -70.6795119,-33.4575811,0
          </coordinates>
        </Point>
      </Placemark>
      <Placemark>
        <name>punto_178</name>
        <description><![CDATA[latitud: -33.4514136<br>longitud: -70.6830517<br>demanda: 96]]></description>
        <styleUrl>#icon-1739-0288D1</styleUrl>
        <ExtendedData>
          <Data name="latitud">
            <value>-33.4514136</value>
          </Data>
          <Data name="longitud">
            <value>-70.6830517</value>
          </Data>
          <Data name="demanda">
            <value>96.0</value>
          </Data>
        </ExtendedData>
        <Point>
          <coordinates>
            -70.6830517,-33.4514136,0
          </coordinates>
        </Point>
      </Placemark>
      <Placemark>
        <name>punto_179</name>
        <description><![CDATA[latitud: -33.4513647<br>longitud: -70.6826181<br>demanda: 124]]></description>
        <styleUrl>#icon-1739-0288D1</styleUrl>
        <ExtendedData>
          <Data name="latitud">
            <value>-33.4513647</value>
          </Data>
          <Data name="longitud">
            <value>-70.6826181</value>
          </Data>
          <Data name="demanda">
            <value>124.0</value>
          </Data>
        </ExtendedData>
        <Point>
          <coordinates>
            -70.6826181,-33.4513647,0
          </coordinates>
        </Point>
      </Placemark>
      <Placemark>
        <name>punto_180</name>
        <description><![CDATA[latitud: -33.4512819<br>longitud: -70.6815578<br>demanda: 145]]></description>
        <styleUrl>#icon-1739-0288D1</styleUrl>
        <ExtendedData>
          <Data name="latitud">
            <value>-33.4512819</value>
          </Data>
          <Data name="longitud">
            <value>-70.6815578</value>
          </Data>
          <Data name="demanda">
            <value>145.0</value>
          </Data>
        </ExtendedData>
        <Point>
          <coordinates>
            -70.6815578,-33.4512819,0
          </coordinates>
        </Point>
      </Placemark>
      <Placemark>
        <name>punto_181</name>
        <description><![CDATA[latitud: -33.4524097<br>longitud: -70.6903464<br>demanda: 2302]]></description>
        <styleUrl>#icon-1739-0288D1</styleUrl>
        <ExtendedData>
          <Data name="latitud">
            <value>-33.4524097</value>
          </Data>
          <Data name="longitud">
            <value>-70.6903464</value>
          </Data>
          <Data name="demanda">
            <value>2302.0</value>
          </Data>
        </ExtendedData>
        <Point>
          <coordinates>
            -70.6903464,-33.4524097,0
          </coordinates>
        </Point>
      </Placemark>
      <Placemark>
        <name>punto_182</name>
        <description><![CDATA[latitud: -33.4539256<br>longitud: -70.6816569<br>demanda: 628]]></description>
        <styleUrl>#icon-1739-0288D1</styleUrl>
        <ExtendedData>
          <Data name="latitud">
            <value>-33.4539256</value>
          </Data>
          <Data name="longitud">
            <value>-70.6816569</value>
          </Data>
          <Data name="demanda">
            <value>628.0</value>
          </Data>
        </ExtendedData>
        <Point>
          <coordinates>
            -70.6816569,-33.4539256,0
          </coordinates>
        </Point>
      </Placemark>
      <Placemark>
        <name>punto_183</name>
        <description><![CDATA[latitud: -33.4517606<br>longitud: -70.6894375<br>demanda: 42]]></description>
        <styleUrl>#icon-1739-0288D1</styleUrl>
        <ExtendedData>
          <Data name="latitud">
            <value>-33.4517606</value>
          </Data>
          <Data name="longitud">
            <value>-70.6894375</value>
          </Data>
          <Data name="demanda">
            <value>42.0</value>
          </Data>
        </ExtendedData>
        <Point>
          <coordinates>
            -70.6894375,-33.4517606,0
          </coordinates>
        </Point>
      </Placemark>
      <Placemark>
        <name>punto_185</name>
        <description><![CDATA[latitud: -33.4519072<br>longitud: -70.6885808<br>demanda: 99]]></description>
        <styleUrl>#icon-1739-0288D1</styleUrl>
        <ExtendedData>
          <Data name="latitud">
            <value>-33.4519072</value>
          </Data>
          <Data name="longitud">
            <value>-70.6885808</value>
          </Data>
          <Data name="demanda">
            <value>99.0</value>
          </Data>
        </ExtendedData>
        <Point>
          <coordinates>
            -70.6885808,-33.4519072,0
          </coordinates>
        </Point>
      </Placemark>
      <Placemark>
        <name>punto_187</name>
        <description><![CDATA[latitud: -33.4520869<br>longitud: -70.6893325<br>demanda: 63]]></description>
        <styleUrl>#icon-1739-0288D1</styleUrl>
        <ExtendedData>
          <Data name="latitud">
            <value>-33.4520869</value>
          </Data>
          <Data name="longitud">
            <value>-70.6893325</value>
          </Data>
          <Data name="demanda">
            <value>63.0</value>
          </Data>
        </ExtendedData>
        <Point>
          <coordinates>
            -70.6893325,-33.4520869,0
          </coordinates>
        </Point>
      </Placemark>
      <Placemark>
        <name>punto_189</name>
        <description><![CDATA[latitud: -33.4527236<br>longitud: -70.6823247<br>demanda: 0]]></description>
        <styleUrl>#icon-1739-0288D1</styleUrl>
        <ExtendedData>
          <Data name="latitud">
            <value>-33.4527236</value>
          </Data>
          <Data name="longitud">
            <value>-70.6823247</value>
          </Data>
          <Data name="demanda">
            <value>0.0</value>
          </Data>
        </ExtendedData>
        <Point>
          <coordinates>
            -70.6823247,-33.4527236,0
          </coordinates>
        </Point>
      </Placemark>
      <Placemark>
        <name>punto_191</name>
        <description><![CDATA[latitud: -33.4525639<br>longitud: -70.6883583<br>demanda: 288]]></description>
        <styleUrl>#icon-1739-0288D1</styleUrl>
        <ExtendedData>
          <Data name="latitud">
            <value>-33.4525639</value>
          </Data>
          <Data name="longitud">
            <value>-70.6883583</value>
          </Data>
          <Data name="demanda">
            <value>288.0</value>
          </Data>
        </ExtendedData>
        <Point>
          <coordinates>
            -70.6883583,-33.4525639,0
          </coordinates>
        </Point>
      </Placemark>
      <Placemark>
        <name>punto_192</name>
        <description><![CDATA[latitud: -33.4527422<br>longitud: -70.689115<br>demanda: 181]]></description>
        <styleUrl>#icon-1739-0288D1</styleUrl>
        <ExtendedData>
          <Data name="latitud">
            <value>-33.4527422</value>
          </Data>
          <Data name="longitud">
            <value>-70.689115</value>
          </Data>
          <Data name="demanda">
            <value>181.0</value>
          </Data>
        </ExtendedData>
        <Point>
          <coordinates>
            -70.689115,-33.4527422,0
          </coordinates>
        </Point>
      </Placemark>
      <Placemark>
        <name>punto_193</name>
        <description><![CDATA[latitud: -33.4529439<br>longitud: -70.6831011<br>demanda: 141]]></description>
        <styleUrl>#icon-1739-0288D1</styleUrl>
        <ExtendedData>
          <Data name="latitud">
            <value>-33.4529439</value>
          </Data>
          <Data name="longitud">
            <value>-70.6831011</value>
          </Data>
          <Data name="demanda">
            <value>141.0</value>
          </Data>
        </ExtendedData>
        <Point>
          <coordinates>
            -70.6831011,-33.4529439,0
          </coordinates>
        </Point>
      </Placemark>
      <Placemark>
        <name>punto_194</name>
        <description><![CDATA[latitud: -33.4532653<br>longitud: -70.6835419<br>demanda: 358]]></description>
        <styleUrl>#icon-1739-0288D1</styleUrl>
        <ExtendedData>
          <Data name="latitud">
            <value>-33.4532653</value>
          </Data>
          <Data name="longitud">
            <value>-70.6835419</value>
          </Data>
          <Data name="demanda">
            <value>358.0</value>
          </Data>
        </ExtendedData>
        <Point>
          <coordinates>
            -70.6835419,-33.4532653,0
          </coordinates>
        </Point>
      </Placemark>
      <Placemark>
        <name>punto_198</name>
        <description><![CDATA[latitud: -33.4535094<br>longitud: -70.6852589<br>demanda: 141]]></description>
        <styleUrl>#icon-1739-0288D1</styleUrl>
        <ExtendedData>
          <Data name="latitud">
            <value>-33.4535094</value>
          </Data>
          <Data name="longitud">
            <value>-70.6852589</value>
          </Data>
          <Data name="demanda">
            <value>141.0</value>
          </Data>
        </ExtendedData>
        <Point>
          <coordinates>
            -70.6852589,-33.4535094,0
          </coordinates>
        </Point>
      </Placemark>
      <Placemark>
        <name>punto_200</name>
        <description><![CDATA[latitud: -33.4533997<br>longitud: -70.6866667<br>demanda: 66]]></description>
        <styleUrl>#icon-1739-0288D1</styleUrl>
        <ExtendedData>
          <Data name="latitud">
            <value>-33.4533997</value>
          </Data>
          <Data name="longitud">
            <value>-70.6866667</value>
          </Data>
          <Data name="demanda">
            <value>66.0</value>
          </Data>
        </ExtendedData>
        <Point>
          <coordinates>
            -70.6866667,-33.4533997,0
          </coordinates>
        </Point>
      </Placemark>
      <Placemark>
        <name>punto_203</name>
        <description><![CDATA[latitud: -33.4546447<br>longitud: -70.6838656<br>demanda: 365]]></description>
        <styleUrl>#icon-1739-0288D1</styleUrl>
        <ExtendedData>
          <Data name="latitud">
            <value>-33.4546447</value>
          </Data>
          <Data name="longitud">
            <value>-70.6838656</value>
          </Data>
          <Data name="demanda">
            <value>365.0</value>
          </Data>
        </ExtendedData>
        <Point>
          <coordinates>
            -70.6838656,-33.4546447,0
          </coordinates>
        </Point>
      </Placemark>
      <Placemark>
        <name>punto_204</name>
        <description><![CDATA[latitud: -33.4544164<br>longitud: -70.6896661<br>demanda: 89]]></description>
        <styleUrl>#icon-1739-0288D1</styleUrl>
        <ExtendedData>
          <Data name="latitud">
            <value>-33.4544164</value>
          </Data>
          <Data name="longitud">
            <value>-70.6896661</value>
          </Data>
          <Data name="demanda">
            <value>89.0</value>
          </Data>
        </ExtendedData>
        <Point>
          <coordinates>
            -70.6896661,-33.4544164,0
          </coordinates>
        </Point>
      </Placemark>
      <Placemark>
        <name>punto_206</name>
        <description><![CDATA[latitud: -33.4554956<br>longitud: -70.6847839<br>demanda: 424]]></description>
        <styleUrl>#icon-1739-0288D1</styleUrl>
        <ExtendedData>
          <Data name="latitud">
            <value>-33.4554956</value>
          </Data>
          <Data name="longitud">
            <value>-70.6847839</value>
          </Data>
          <Data name="demanda">
            <value>424.0</value>
          </Data>
        </ExtendedData>
        <Point>
          <coordinates>
            -70.6847839,-33.4554956,0
          </coordinates>
        </Point>
      </Placemark>
      <Placemark>
        <name>punto_207</name>
        <description><![CDATA[latitud: -33.4549483<br>longitud: -70.6913683<br>demanda: 2414]]></description>
        <styleUrl>#icon-1739-0288D1</styleUrl>
        <ExtendedData>
          <Data name="latitud">
            <value>-33.4549483</value>
          </Data>
          <Data name="longitud">
            <value>-70.6913683</value>
          </Data>
          <Data name="demanda">
            <value>2414.0</value>
          </Data>
        </ExtendedData>
        <Point>
          <coordinates>
            -70.6913683,-33.4549483,0
          </coordinates>
        </Point>
      </Placemark>
      <Placemark>
        <name>punto_208</name>
        <description><![CDATA[latitud: -33.455125<br>longitud: -70.6813306<br>demanda: 131]]></description>
        <styleUrl>#icon-1739-0288D1</styleUrl>
        <ExtendedData>
          <Data name="latitud">
            <value>-33.455125</value>
          </Data>
          <Data name="longitud">
            <value>-70.6813306</value>
          </Data>
          <Data name="demanda">
            <value>131.0</value>
          </Data>
        </ExtendedData>
        <Point>
          <coordinates>
            -70.6813306,-33.455125,0
          </coordinates>
        </Point>
      </Placemark>
      <Placemark>
        <name>punto_209</name>
        <description><![CDATA[latitud: -33.4553875<br>longitud: -70.6861969<br>demanda: 110]]></description>
        <styleUrl>#icon-1739-0288D1</styleUrl>
        <ExtendedData>
          <Data name="latitud">
            <value>-33.4553875</value>
          </Data>
          <Data name="longitud">
            <value>-70.6861969</value>
          </Data>
          <Data name="demanda">
            <value>110.0</value>
          </Data>
        </ExtendedData>
        <Point>
          <coordinates>
            -70.6861969,-33.4553875,0
          </coordinates>
        </Point>
      </Placemark>
      <Placemark>
        <name>punto_211</name>
        <description><![CDATA[latitud: -33.4556772<br>longitud: -70.6933142<br>demanda: 1289]]></description>
        <styleUrl>#icon-1739-0288D1</styleUrl>
        <ExtendedData>
          <Data name="latitud">
            <value>-33.4556772</value>
          </Data>
          <Data name="longitud">
            <value>-70.6933142</value>
          </Data>
          <Data name="demanda">
            <value>1289.0</value>
          </Data>
        </ExtendedData>
        <Point>
          <coordinates>
            -70.6933142,-33.4556772,0
          </coordinates>
        </Point>
      </Placemark>
      <Placemark>
        <name>punto_212</name>
        <description><![CDATA[latitud: -33.4551722<br>longitud: -70.6873275<br>demanda: 5]]></description>
        <styleUrl>#icon-1739-0288D1</styleUrl>
        <ExtendedData>
          <Data name="latitud">
            <value>-33.4551722</value>
          </Data>
          <Data name="longitud">
            <value>-70.6873275</value>
          </Data>
          <Data name="demanda">
            <value>5.0</value>
          </Data>
        </ExtendedData>
        <Point>
          <coordinates>
            -70.6873275,-33.4551722,0
          </coordinates>
        </Point>
      </Placemark>
      <Placemark>
        <name>punto_213</name>
        <description><![CDATA[latitud: -33.4552008<br>longitud: -70.6878433<br>demanda: 436]]></description>
        <styleUrl>#icon-1739-0288D1</styleUrl>
        <ExtendedData>
          <Data name="latitud">
            <value>-33.4552008</value>
          </Data>
          <Data name="longitud">
            <value>-70.6878433</value>
          </Data>
          <Data name="demanda">
            <value>436.0</value>
          </Data>
        </ExtendedData>
        <Point>
          <coordinates>
            -70.6878433,-33.4552008,0
          </coordinates>
        </Point>
      </Placemark>
      <Placemark>
        <name>punto_214</name>
        <description><![CDATA[latitud: -33.4562069<br>longitud: -70.683495<br>demanda: 895]]></description>
        <styleUrl>#icon-1739-0288D1</styleUrl>
        <ExtendedData>
          <Data name="latitud">
            <value>-33.4562069</value>
          </Data>
          <Data name="longitud">
            <value>-70.683495</value>
          </Data>
          <Data name="demanda">
            <value>895.0</value>
          </Data>
        </ExtendedData>
        <Point>
          <coordinates>
            -70.683495,-33.4562069,0
          </coordinates>
        </Point>
      </Placemark>
      <Placemark>
        <name>punto_215</name>
        <description><![CDATA[latitud: -33.4555519<br>longitud: -70.6892817<br>demanda: 4317]]></description>
        <styleUrl>#icon-1739-0288D1</styleUrl>
        <ExtendedData>
          <Data name="latitud">
            <value>-33.4555519</value>
          </Data>
          <Data name="longitud">
            <value>-70.6892817</value>
          </Data>
          <Data name="demanda">
            <value>4317.0</value>
          </Data>
        </ExtendedData>
        <Point>
          <coordinates>
            -70.6892817,-33.4555519,0
          </coordinates>
        </Point>
      </Placemark>
      <Placemark>
        <name>punto_216</name>
        <description><![CDATA[latitud: -33.455205<br>longitud: -70.6925322<br>demanda: 312]]></description>
        <styleUrl>#icon-1739-0288D1</styleUrl>
        <ExtendedData>
          <Data name="latitud">
            <value>-33.455205</value>
          </Data>
          <Data name="longitud">
            <value>-70.6925322</value>
          </Data>
          <Data name="demanda">
            <value>312.0</value>
          </Data>
        </ExtendedData>
        <Point>
          <coordinates>
            -70.6925322,-33.455205,0
          </coordinates>
        </Point>
      </Placemark>
      <Placemark>
        <name>punto_217</name>
        <description><![CDATA[latitud: -33.4558006<br>longitud: -70.694965<br>demanda: 359]]></description>
        <styleUrl>#icon-1739-0288D1</styleUrl>
        <ExtendedData>
          <Data name="latitud">
            <value>-33.4558006</value>
          </Data>
          <Data name="longitud">
            <value>-70.694965</value>
          </Data>
          <Data name="demanda">
            <value>359.0</value>
          </Data>
        </ExtendedData>
        <Point>
          <coordinates>
            -70.694965,-33.4558006,0
          </coordinates>
        </Point>
      </Placemark>
      <Placemark>
        <name>punto_218</name>
        <description><![CDATA[latitud: -33.4562458<br>longitud: -70.6967008<br>demanda: 957]]></description>
        <styleUrl>#icon-1739-0288D1</styleUrl>
        <ExtendedData>
          <Data name="latitud">
            <value>-33.4562458</value>
          </Data>
          <Data name="longitud">
            <value>-70.6967008</value>
          </Data>
          <Data name="demanda">
            <value>957.0</value>
          </Data>
        </ExtendedData>
        <Point>
          <coordinates>
            -70.6967008,-33.4562458,0
          </coordinates>
        </Point>
      </Placemark>
      <Placemark>
        <name>punto_219</name>
        <description><![CDATA[latitud: -33.4563383<br>longitud: -70.6921689<br>demanda: 291]]></description>
        <styleUrl>#icon-1739-0288D1</styleUrl>
        <ExtendedData>
          <Data name="latitud">
            <value>-33.4563383</value>
          </Data>
          <Data name="longitud">
            <value>-70.6921689</value>
          </Data>
          <Data name="demanda">
            <value>291.0</value>
          </Data>
        </ExtendedData>
        <Point>
          <coordinates>
            -70.6921689,-33.4563383,0
          </coordinates>
        </Point>
      </Placemark>
      <Placemark>
        <name>punto_220</name>
        <description><![CDATA[latitud: -33.4564964<br>longitud: -70.681815<br>demanda: 324]]></description>
        <styleUrl>#icon-1739-0288D1</styleUrl>
        <ExtendedData>
          <Data name="latitud">
            <value>-33.4564964</value>
          </Data>
          <Data name="longitud">
            <value>-70.681815</value>
          </Data>
          <Data name="demanda">
            <value>324.0</value>
          </Data>
        </ExtendedData>
        <Point>
          <coordinates>
            -70.681815,-33.4564964,0
          </coordinates>
        </Point>
      </Placemark>
      <Placemark>
        <name>punto_221</name>
        <description><![CDATA[latitud: -33.4564397<br>longitud: -70.6875594<br>demanda: 235]]></description>
        <styleUrl>#icon-1739-0288D1</styleUrl>
        <ExtendedData>
          <Data name="latitud">
            <value>-33.4564397</value>
          </Data>
          <Data name="longitud">
            <value>-70.6875594</value>
          </Data>
          <Data name="demanda">
            <value>235.0</value>
          </Data>
        </ExtendedData>
        <Point>
          <coordinates>
            -70.6875594,-33.4564397,0
          </coordinates>
        </Point>
      </Placemark>
      <Placemark>
        <name>punto_222</name>
        <description><![CDATA[latitud: -33.4564694<br>longitud: -70.684585<br>demanda: 469]]></description>
        <styleUrl>#icon-1739-0288D1</styleUrl>
        <ExtendedData>
          <Data name="latitud">
            <value>-33.4564694</value>
          </Data>
          <Data name="longitud">
            <value>-70.684585</value>
          </Data>
          <Data name="demanda">
            <value>469.0</value>
          </Data>
        </ExtendedData>
        <Point>
          <coordinates>
            -70.684585,-33.4564694,0
          </coordinates>
        </Point>
      </Placemark>
      <Placemark>
        <name>punto_223</name>
        <description><![CDATA[latitud: -33.4563483<br>longitud: -70.6908997<br>demanda: 1891]]></description>
        <styleUrl>#icon-1739-0288D1</styleUrl>
        <ExtendedData>
          <Data name="latitud">
            <value>-33.4563483</value>
          </Data>
          <Data name="longitud">
            <value>-70.6908997</value>
          </Data>
          <Data name="demanda">
            <value>1891.0</value>
          </Data>
        </ExtendedData>
        <Point>
          <coordinates>
            -70.6908997,-33.4563483,0
          </coordinates>
        </Point>
      </Placemark>
      <Placemark>
        <name>punto_224</name>
        <description><![CDATA[latitud: -33.4563689<br>longitud: -70.6979875<br>demanda: 138]]></description>
        <styleUrl>#icon-1739-0288D1</styleUrl>
        <ExtendedData>
          <Data name="latitud">
            <value>-33.4563689</value>
          </Data>
          <Data name="longitud">
            <value>-70.6979875</value>
          </Data>
          <Data name="demanda">
            <value>138.0</value>
          </Data>
        </ExtendedData>
        <Point>
          <coordinates>
            -70.6979875,-33.4563689,0
          </coordinates>
        </Point>
      </Placemark>
      <Placemark>
        <name>punto_225</name>
        <description><![CDATA[latitud: -33.4566675<br>longitud: -70.6883942<br>demanda: 82]]></description>
        <styleUrl>#icon-1739-0288D1</styleUrl>
        <ExtendedData>
          <Data name="latitud">
            <value>-33.4566675</value>
          </Data>
          <Data name="longitud">
            <value>-70.6883942</value>
          </Data>
          <Data name="demanda">
            <value>82.0</value>
          </Data>
        </ExtendedData>
        <Point>
          <coordinates>
            -70.6883942,-33.4566675,0
          </coordinates>
        </Point>
      </Placemark>
      <Placemark>
        <name>punto_226</name>
        <description><![CDATA[latitud: -33.4568167<br>longitud: -70.6888856<br>demanda: 183]]></description>
        <styleUrl>#icon-1739-0288D1</styleUrl>
        <ExtendedData>
          <Data name="latitud">
            <value>-33.4568167</value>
          </Data>
          <Data name="longitud">
            <value>-70.6888856</value>
          </Data>
          <Data name="demanda">
            <value>183.0</value>
          </Data>
        </ExtendedData>
        <Point>
          <coordinates>
            -70.6888856,-33.4568167,0
          </coordinates>
        </Point>
      </Placemark>
      <Placemark>
        <name>punto_227</name>
        <description><![CDATA[latitud: -33.4568861<br>longitud: -70.6891217<br>demanda: 159]]></description>
        <styleUrl>#icon-1739-0288D1</styleUrl>
        <ExtendedData>
          <Data name="latitud">
            <value>-33.4568861</value>
          </Data>
          <Data name="longitud">
            <value>-70.6891217</value>
          </Data>
          <Data name="demanda">
            <value>159.0</value>
          </Data>
        </ExtendedData>
        <Point>
          <coordinates>
            -70.6891217,-33.4568861,0
          </coordinates>
        </Point>
      </Placemark>
      <Placemark>
        <name>punto_228</name>
        <description><![CDATA[latitud: -33.4570792<br>longitud: -70.6893756<br>demanda: 195]]></description>
        <styleUrl>#icon-1739-0288D1</styleUrl>
        <ExtendedData>
          <Data name="latitud">
            <value>-33.4570792</value>
          </Data>
          <Data name="longitud">
            <value>-70.6893756</value>
          </Data>
          <Data name="demanda">
            <value>195.0</value>
          </Data>
        </ExtendedData>
        <Point>
          <coordinates>
            -70.6893756,-33.4570792,0
          </coordinates>
        </Point>
      </Placemark>
      <Placemark>
        <name>punto_229</name>
        <description><![CDATA[latitud: -33.4571744<br>longitud: -70.6933469<br>demanda: 314]]></description>
        <styleUrl>#icon-1739-0288D1</styleUrl>
        <ExtendedData>
          <Data name="latitud">
            <value>-33.4571744</value>
          </Data>
          <Data name="longitud">
            <value>-70.6933469</value>
          </Data>
          <Data name="demanda">
            <value>314.0</value>
          </Data>
        </ExtendedData>
        <Point>
          <coordinates>
            -70.6933469,-33.4571744,0
          </coordinates>
        </Point>
      </Placemark>
      <Placemark>
        <name>punto_230</name>
        <description><![CDATA[latitud: -33.4577469<br>longitud: -70.6859514<br>demanda: 717]]></description>
        <styleUrl>#icon-1739-0288D1</styleUrl>
        <ExtendedData>
          <Data name="latitud">
            <value>-33.4577469</value>
          </Data>
          <Data name="longitud">
            <value>-70.6859514</value>
          </Data>
          <Data name="demanda">
            <value>717.0</value>
          </Data>
        </ExtendedData>
        <Point>
          <coordinates>
            -70.6859514,-33.4577469,0
          </coordinates>
        </Point>
      </Placemark>
      <Placemark>
        <name>punto_231</name>
        <description><![CDATA[latitud: -33.4572214<br>longitud: -70.6944922<br>demanda: 258]]></description>
        <styleUrl>#icon-1739-0288D1</styleUrl>
        <ExtendedData>
          <Data name="latitud">
            <value>-33.4572214</value>
          </Data>
          <Data name="longitud">
            <value>-70.6944922</value>
          </Data>
          <Data name="demanda">
            <value>258.0</value>
          </Data>
        </ExtendedData>
        <Point>
          <coordinates>
            -70.6944922,-33.4572214,0
          </coordinates>
        </Point>
      </Placemark>
      <Placemark>
        <name>punto_232</name>
        <description><![CDATA[latitud: -33.4574881<br>longitud: -70.6953981<br>demanda: 359]]></description>
        <styleUrl>#icon-1739-0288D1</styleUrl>
        <ExtendedData>
          <Data name="latitud">
            <value>-33.4574881</value>
          </Data>
          <Data name="longitud">
            <value>-70.6953981</value>
          </Data>
          <Data name="demanda">
            <value>359.0</value>
          </Data>
        </ExtendedData>
        <Point>
          <coordinates>
            -70.6953981,-33.4574881,0
          </coordinates>
        </Point>
      </Placemark>
      <Placemark>
        <name>punto_233</name>
        <description><![CDATA[latitud: -33.4580486<br>longitud: -70.6872131<br>demanda: 408]]></description>
        <styleUrl>#icon-1739-0288D1</styleUrl>
        <ExtendedData>
          <Data name="latitud">
            <value>-33.4580486</value>
          </Data>
          <Data name="longitud">
            <value>-70.6872131</value>
          </Data>
          <Data name="demanda">
            <value>408.0</value>
          </Data>
        </ExtendedData>
        <Point>
          <coordinates>
            -70.6872131,-33.4580486,0
          </coordinates>
        </Point>
      </Placemark>
      <Placemark>
        <name>punto_234</name>
        <description><![CDATA[latitud: -33.4571217<br>longitud: -70.6972097<br>demanda: 127]]></description>
        <styleUrl>#icon-1739-0288D1</styleUrl>
        <ExtendedData>
          <Data name="latitud">
            <value>-33.4571217</value>
          </Data>
          <Data name="longitud">
            <value>-70.6972097</value>
          </Data>
          <Data name="demanda">
            <value>127.0</value>
          </Data>
        </ExtendedData>
        <Point>
          <coordinates>
            -70.6972097,-33.4571217,0
          </coordinates>
        </Point>
      </Placemark>
      <Placemark>
        <name>punto_235</name>
        <description><![CDATA[latitud: -33.4576433<br>longitud: -70.690435<br>demanda: 288]]></description>
        <styleUrl>#icon-1739-0288D1</styleUrl>
        <ExtendedData>
          <Data name="latitud">
            <value>-33.4576433</value>
          </Data>
          <Data name="longitud">
            <value>-70.690435</value>
          </Data>
          <Data name="demanda">
            <value>288.0</value>
          </Data>
        </ExtendedData>
        <Point>
          <coordinates>
            -70.690435,-33.4576433,0
          </coordinates>
        </Point>
      </Placemark>
      <Placemark>
        <name>punto_236</name>
        <description><![CDATA[latitud: -33.4572808<br>longitud: -70.6814831<br>demanda: 113]]></description>
        <styleUrl>#icon-1739-0288D1</styleUrl>
        <ExtendedData>
          <Data name="latitud">
            <value>-33.4572808</value>
          </Data>
          <Data name="longitud">
            <value>-70.6814831</value>
          </Data>
          <Data name="demanda">
            <value>113.0</value>
          </Data>
        </ExtendedData>
        <Point>
          <coordinates>
            -70.6814831,-33.4572808,0
          </coordinates>
        </Point>
      </Placemark>
      <Placemark>
        <name>punto_237</name>
        <description><![CDATA[latitud: -33.457525<br>longitud: -70.6825306<br>demanda: 143]]></description>
        <styleUrl>#icon-1739-0288D1</styleUrl>
        <ExtendedData>
          <Data name="latitud">
            <value>-33.457525</value>
          </Data>
          <Data name="longitud">
            <value>-70.6825306</value>
          </Data>
          <Data name="demanda">
            <value>143.0</value>
          </Data>
        </ExtendedData>
        <Point>
          <coordinates>
            -70.6825306,-33.457525,0
          </coordinates>
        </Point>
      </Placemark>
      <Placemark>
        <name>punto_238</name>
        <description><![CDATA[latitud: -33.4575369<br>longitud: -70.6829614<br>demanda: 145]]></description>
        <styleUrl>#icon-1739-0288D1</styleUrl>
        <ExtendedData>
          <Data name="latitud">
            <value>-33.4575369</value>
          </Data>
          <Data name="longitud">
            <value>-70.6829614</value>
          </Data>
          <Data name="demanda">
            <value>145.0</value>
          </Data>
        </ExtendedData>
        <Point>
          <coordinates>
            -70.6829614,-33.4575369,0
          </coordinates>
        </Point>
      </Placemark>
      <Placemark>
        <name>punto_239</name>
        <description><![CDATA[latitud: -33.4575419<br>longitud: -70.68336<br>demanda: 131]]></description>
        <styleUrl>#icon-1739-0288D1</styleUrl>
        <ExtendedData>
          <Data name="latitud">
            <value>-33.4575419</value>
          </Data>
          <Data name="longitud">
            <value>-70.68336</value>
          </Data>
          <Data name="demanda">
            <value>131.0</value>
          </Data>
        </ExtendedData>
        <Point>
          <coordinates>
            -70.68336,-33.4575419,0
          </coordinates>
        </Point>
      </Placemark>
      <Placemark>
        <name>punto_240</name>
        <description><![CDATA[latitud: -33.4577103<br>longitud: -70.6962356<br>demanda: 127]]></description>
        <styleUrl>#icon-1739-0288D1</styleUrl>
        <ExtendedData>
          <Data name="latitud">
            <value>-33.4577103</value>
          </Data>
          <Data name="longitud">
            <value>-70.6962356</value>
          </Data>
          <Data name="demanda">
            <value>127.0</value>
          </Data>
        </ExtendedData>
        <Point>
          <coordinates>
            -70.6962356,-33.4577103,0
          </coordinates>
        </Point>
      </Placemark>
      <Placemark>
        <name>punto_241</name>
        <description><![CDATA[latitud: -33.4572831<br>longitud: -70.69801<br>demanda: 265]]></description>
        <styleUrl>#icon-1739-0288D1</styleUrl>
        <ExtendedData>
          <Data name="latitud">
            <value>-33.4572831</value>
          </Data>
          <Data name="longitud">
            <value>-70.69801</value>
          </Data>
          <Data name="demanda">
            <value>265.0</value>
          </Data>
        </ExtendedData>
        <Point>
          <coordinates>
            -70.69801,-33.4572831,0
          </coordinates>
        </Point>
      </Placemark>
      <Placemark>
        <name>punto_242</name>
        <description><![CDATA[latitud: -33.4575497<br>longitud: -70.6837758<br>demanda: 157]]></description>
        <styleUrl>#icon-1739-0288D1</styleUrl>
        <ExtendedData>
          <Data name="latitud">
            <value>-33.4575497</value>
          </Data>
          <Data name="longitud">
            <value>-70.6837758</value>
          </Data>
          <Data name="demanda">
            <value>157.0</value>
          </Data>
        </ExtendedData>
        <Point>
          <coordinates>
            -70.6837758,-33.4575497,0
          </coordinates>
        </Point>
      </Placemark>
      <Placemark>
        <name>punto_243</name>
        <description><![CDATA[latitud: -33.4575603<br>longitud: -70.6848217<br>demanda: 153]]></description>
        <styleUrl>#icon-1739-0288D1</styleUrl>
        <ExtendedData>
          <Data name="latitud">
            <value>-33.4575603</value>
          </Data>
          <Data name="longitud">
            <value>-70.6848217</value>
          </Data>
          <Data name="demanda">
            <value>153.0</value>
          </Data>
        </ExtendedData>
        <Point>
          <coordinates>
            -70.6848217,-33.4575603,0
          </coordinates>
        </Point>
      </Placemark>
      <Placemark>
        <name>punto_244</name>
        <description><![CDATA[latitud: -33.4575803<br>longitud: -70.6851839<br>demanda: 173]]></description>
        <styleUrl>#icon-1739-0288D1</styleUrl>
        <ExtendedData>
          <Data name="latitud">
            <value>-33.4575803</value>
          </Data>
          <Data name="longitud">
            <value>-70.6851839</value>
          </Data>
          <Data name="demanda">
            <value>173.0</value>
          </Data>
        </ExtendedData>
        <Point>
          <coordinates>
            -70.6851839,-33.4575803,0
          </coordinates>
        </Point>
      </Placemark>
      <Placemark>
        <name>punto_245</name>
        <description><![CDATA[latitud: -33.4578031<br>longitud: -70.6922953<br>demanda: 614]]></description>
        <styleUrl>#icon-1739-0288D1</styleUrl>
        <ExtendedData>
          <Data name="latitud">
            <value>-33.4578031</value>
          </Data>
          <Data name="longitud">
            <value>-70.6922953</value>
          </Data>
          <Data name="demanda">
            <value>614.0</value>
          </Data>
        </ExtendedData>
        <Point>
          <coordinates>
            -70.6922953,-33.4578031,0
          </coordinates>
        </Point>
      </Placemark>
      <Placemark>
        <name>punto_246</name>
        <description><![CDATA[latitud: -33.4789047<br>longitud: -70.7000419<br>demanda: 141]]></description>
        <styleUrl>#icon-1739-0288D1</styleUrl>
        <ExtendedData>
          <Data name="latitud">
            <value>-33.4789047</value>
          </Data>
          <Data name="longitud">
            <value>-70.7000419</value>
          </Data>
          <Data name="demanda">
            <value>141.0</value>
          </Data>
        </ExtendedData>
        <Point>
          <coordinates>
            -70.7000419,-33.4789047,0
          </coordinates>
        </Point>
      </Placemark>
      <Placemark>
        <name>punto_247</name>
        <description><![CDATA[latitud: -33.4789028<br>longitud: -70.714645<br>demanda: 152]]></description>
        <styleUrl>#icon-1739-0288D1</styleUrl>
        <ExtendedData>
          <Data name="latitud">
            <value>-33.4789028</value>
          </Data>
          <Data name="longitud">
            <value>-70.714645</value>
          </Data>
          <Data name="demanda">
            <value>152.0</value>
          </Data>
        </ExtendedData>
        <Point>
          <coordinates>
            -70.714645,-33.4789028,0
          </coordinates>
        </Point>
      </Placemark>
      <Placemark>
        <name>punto_248</name>
        <description><![CDATA[latitud: -33.4790936<br>longitud: -70.7008028<br>demanda: 106]]></description>
        <styleUrl>#icon-1739-0288D1</styleUrl>
        <ExtendedData>
          <Data name="latitud">
            <value>-33.4790936</value>
          </Data>
          <Data name="longitud">
            <value>-70.7008028</value>
          </Data>
          <Data name="demanda">
            <value>106.0</value>
          </Data>
        </ExtendedData>
        <Point>
          <coordinates>
            -70.7008028,-33.4790936,0
          </coordinates>
        </Point>
      </Placemark>
      <Placemark>
        <name>punto_249</name>
        <description><![CDATA[latitud: -33.4793108<br>longitud: -70.7003267<br>demanda: 56]]></description>
        <styleUrl>#icon-1739-0288D1</styleUrl>
        <ExtendedData>
          <Data name="latitud">
            <value>-33.4793108</value>
          </Data>
          <Data name="longitud">
            <value>-70.7003267</value>
          </Data>
          <Data name="demanda">
            <value>56.0</value>
          </Data>
        </ExtendedData>
        <Point>
          <coordinates>
            -70.7003267,-33.4793108,0
          </coordinates>
        </Point>
      </Placemark>
      <Placemark>
        <name>punto_250</name>
        <description><![CDATA[latitud: -33.465055<br>longitud: -70.7035461<br>demanda: 295]]></description>
        <styleUrl>#icon-1739-0288D1</styleUrl>
        <ExtendedData>
          <Data name="latitud">
            <value>-33.465055</value>
          </Data>
          <Data name="longitud">
            <value>-70.7035461</value>
          </Data>
          <Data name="demanda">
            <value>295.0</value>
          </Data>
        </ExtendedData>
        <Point>
          <coordinates>
            -70.7035461,-33.465055,0
          </coordinates>
        </Point>
      </Placemark>
      <Placemark>
        <name>punto_251</name>
        <description><![CDATA[latitud: -33.4645211<br>longitud: -70.7038153<br>demanda: 66]]></description>
        <styleUrl>#icon-1739-0288D1</styleUrl>
        <ExtendedData>
          <Data name="latitud">
            <value>-33.4645211</value>
          </Data>
          <Data name="longitud">
            <value>-70.7038153</value>
          </Data>
          <Data name="demanda">
            <value>66.0</value>
          </Data>
        </ExtendedData>
        <Point>
          <coordinates>
            -70.7038153,-33.4645211,0
          </coordinates>
        </Point>
      </Placemark>
      <Placemark>
        <name>punto_252</name>
        <description><![CDATA[latitud: -33.464415<br>longitud: -70.7035142<br>demanda: 56]]></description>
        <styleUrl>#icon-1739-0288D1</styleUrl>
        <ExtendedData>
          <Data name="latitud">
            <value>-33.464415</value>
          </Data>
          <Data name="longitud">
            <value>-70.7035142</value>
          </Data>
          <Data name="demanda">
            <value>56.0</value>
          </Data>
        </ExtendedData>
        <Point>
          <coordinates>
            -70.7035142,-33.464415,0
          </coordinates>
        </Point>
      </Placemark>
      <Placemark>
        <name>punto_253</name>
        <description><![CDATA[latitud: -33.4657558<br>longitud: -70.70339<br>demanda: 89]]></description>
        <styleUrl>#icon-1739-0288D1</styleUrl>
        <ExtendedData>
          <Data name="latitud">
            <value>-33.4657558</value>
          </Data>
          <Data name="longitud">
            <value>-70.70339</value>
          </Data>
          <Data name="demanda">
            <value>89.0</value>
          </Data>
        </ExtendedData>
        <Point>
          <coordinates>
            -70.70339,-33.4657558,0
          </coordinates>
        </Point>
      </Placemark>
      <Placemark>
        <name>punto_254</name>
        <description><![CDATA[latitud: -33.4658206<br>longitud: -70.7043403<br>demanda: 75]]></description>
        <styleUrl>#icon-1739-0288D1</styleUrl>
        <ExtendedData>
          <Data name="latitud">
            <value>-33.4658206</value>
          </Data>
          <Data name="longitud">
            <value>-70.7043403</value>
          </Data>
          <Data name="demanda">
            <value>75.0</value>
          </Data>
        </ExtendedData>
        <Point>
          <coordinates>
            -70.7043403,-33.4658206,0
          </coordinates>
        </Point>
      </Placemark>
      <Placemark>
        <name>punto_255</name>
        <description><![CDATA[latitud: -33.4646339<br>longitud: -70.7041303<br>demanda: 66]]></description>
        <styleUrl>#icon-1739-0288D1</styleUrl>
        <ExtendedData>
          <Data name="latitud">
            <value>-33.4646339</value>
          </Data>
          <Data name="longitud">
            <value>-70.7041303</value>
          </Data>
          <Data name="demanda">
            <value>66.0</value>
          </Data>
        </ExtendedData>
        <Point>
          <coordinates>
            -70.7041303,-33.4646339,0
          </coordinates>
        </Point>
      </Placemark>
      <Placemark>
        <name>punto_256</name>
        <description><![CDATA[latitud: -33.4652786<br>longitud: -70.703965<br>demanda: 262]]></description>
        <styleUrl>#icon-1739-0288D1</styleUrl>
        <ExtendedData>
          <Data name="latitud">
            <value>-33.4652786</value>
          </Data>
          <Data name="longitud">
            <value>-70.703965</value>
          </Data>
          <Data name="demanda">
            <value>262.0</value>
          </Data>
        </ExtendedData>
        <Point>
          <coordinates>
            -70.703965,-33.4652786,0
          </coordinates>
        </Point>
      </Placemark>
      <Placemark>
        <name>punto_257</name>
        <description><![CDATA[latitud: -33.46487<br>longitud: -70.7047519<br>demanda: 54]]></description>
        <styleUrl>#icon-1739-0288D1</styleUrl>
        <ExtendedData>
          <Data name="latitud">
            <value>-33.46487</value>
          </Data>
          <Data name="longitud">
            <value>-70.7047519</value>
          </Data>
          <Data name="demanda">
            <value>54.0</value>
          </Data>
        </ExtendedData>
        <Point>
          <coordinates>
            -70.7047519,-33.46487,0
          </coordinates>
        </Point>
      </Placemark>
      <Placemark>
        <name>punto_258</name>
        <description><![CDATA[latitud: -33.4652006<br>longitud: -70.7047256<br>demanda: 52]]></description>
        <styleUrl>#icon-1739-0288D1</styleUrl>
        <ExtendedData>
          <Data name="latitud">
            <value>-33.4652006</value>
          </Data>
          <Data name="longitud">
            <value>-70.7047256</value>
          </Data>
          <Data name="demanda">
            <value>52.0</value>
          </Data>
        </ExtendedData>
        <Point>
          <coordinates>
            -70.7047256,-33.4652006,0
          </coordinates>
        </Point>
      </Placemark>
      <Placemark>
        <name>punto_259</name>
        <description><![CDATA[latitud: -33.4655122<br>longitud: -70.7046994<br>demanda: 61]]></description>
        <styleUrl>#icon-1739-0288D1</styleUrl>
        <ExtendedData>
          <Data name="latitud">
            <value>-33.4655122</value>
          </Data>
          <Data name="longitud">
            <value>-70.7046994</value>
          </Data>
          <Data name="demanda">
            <value>61.0</value>
          </Data>
        </ExtendedData>
        <Point>
          <coordinates>
            -70.7046994,-33.4655122,0
          </coordinates>
        </Point>
      </Placemark>
      <Placemark>
        <name>punto_260</name>
        <description><![CDATA[latitud: -33.4655025<br>longitud: -70.7043725<br>demanda: 72]]></description>
        <styleUrl>#icon-1739-0288D1</styleUrl>
        <ExtendedData>
          <Data name="latitud">
            <value>-33.4655025</value>
          </Data>
          <Data name="longitud">
            <value>-70.7043725</value>
          </Data>
          <Data name="demanda">
            <value>72.0</value>
          </Data>
        </ExtendedData>
        <Point>
          <coordinates>
            -70.7043725,-33.4655025,0
          </coordinates>
        </Point>
      </Placemark>
      <Placemark>
        <name>punto_261</name>
        <description><![CDATA[latitud: -33.4657761<br>longitud: -70.7036989<br>demanda: 54]]></description>
        <styleUrl>#icon-1739-0288D1</styleUrl>
        <ExtendedData>
          <Data name="latitud">
            <value>-33.4657761</value>
          </Data>
          <Data name="longitud">
            <value>-70.7036989</value>
          </Data>
          <Data name="demanda">
            <value>54.0</value>
          </Data>
        </ExtendedData>
        <Point>
          <coordinates>
            -70.7036989,-33.4657761,0
          </coordinates>
        </Point>
      </Placemark>
      <Placemark>
        <name>punto_262</name>
        <description><![CDATA[latitud: -33.4657983<br>longitud: -70.7040161<br>demanda: 75]]></description>
        <styleUrl>#icon-1739-0288D1</styleUrl>
        <ExtendedData>
          <Data name="latitud">
            <value>-33.4657983</value>
          </Data>
          <Data name="longitud">
            <value>-70.7040161</value>
          </Data>
          <Data name="demanda">
            <value>75.0</value>
          </Data>
        </ExtendedData>
        <Point>
          <coordinates>
            -70.7040161,-33.4657983,0
          </coordinates>
        </Point>
      </Placemark>
      <Placemark>
        <name>punto_263</name>
        <description><![CDATA[latitud: -33.4658367<br>longitud: -70.7046669<br>demanda: 42]]></description>
        <styleUrl>#icon-1739-0288D1</styleUrl>
        <ExtendedData>
          <Data name="latitud">
            <value>-33.4658367</value>
          </Data>
          <Data name="longitud">
            <value>-70.7046669</value>
          </Data>
          <Data name="demanda">
            <value>42.0</value>
          </Data>
        </ExtendedData>
        <Point>
          <coordinates>
            -70.7046669,-33.4658367,0
          </coordinates>
        </Point>
      </Placemark>
      <Placemark>
        <name>punto_264</name>
        <description><![CDATA[latitud: -33.4709314<br>longitud: -70.7047442<br>demanda: 378]]></description>
        <styleUrl>#icon-1739-0288D1</styleUrl>
        <ExtendedData>
          <Data name="latitud">
            <value>-33.4709314</value>
          </Data>
          <Data name="longitud">
            <value>-70.7047442</value>
          </Data>
          <Data name="demanda">
            <value>378.0</value>
          </Data>
        </ExtendedData>
        <Point>
          <coordinates>
            -70.7047442,-33.4709314,0
          </coordinates>
        </Point>
      </Placemark>
      <Placemark>
        <name>punto_265</name>
        <description><![CDATA[latitud: -33.4709872<br>longitud: -70.7053389<br>demanda: 160]]></description>
        <styleUrl>#icon-1739-0288D1</styleUrl>
        <ExtendedData>
          <Data name="latitud">
            <value>-33.4709872</value>
          </Data>
          <Data name="longitud">
            <value>-70.7053389</value>
          </Data>
          <Data name="demanda">
            <value>160.0</value>
          </Data>
        </ExtendedData>
        <Point>
          <coordinates>
            -70.7053389,-33.4709872,0
          </coordinates>
        </Point>
      </Placemark>
      <Placemark>
        <name>punto_266</name>
        <description><![CDATA[latitud: -33.4720883<br>longitud: -70.7052081<br>demanda: 47]]></description>
        <styleUrl>#icon-1739-0288D1</styleUrl>
        <ExtendedData>
          <Data name="latitud">
            <value>-33.4720883</value>
          </Data>
          <Data name="longitud">
            <value>-70.7052081</value>
          </Data>
          <Data name="demanda">
            <value>47.0</value>
          </Data>
        </ExtendedData>
        <Point>
          <coordinates>
            -70.7052081,-33.4720883,0
          </coordinates>
        </Point>
      </Placemark>
      <Placemark>
        <name>punto_269</name>
        <description><![CDATA[latitud: -33.4789175<br>longitud: -70.7078753<br>demanda: 38]]></description>
        <styleUrl>#icon-1739-0288D1</styleUrl>
        <ExtendedData>
          <Data name="latitud">
            <value>-33.4789175</value>
          </Data>
          <Data name="longitud">
            <value>-70.7078753</value>
          </Data>
          <Data name="demanda">
            <value>38.0</value>
          </Data>
        </ExtendedData>
        <Point>
          <coordinates>
            -70.7078753,-33.4789175,0
          </coordinates>
        </Point>
      </Placemark>
      <Placemark>
        <name>punto_270</name>
        <description><![CDATA[latitud: -33.4777331<br>longitud: -70.6924225<br>demanda: 85]]></description>
        <styleUrl>#icon-1739-0288D1</styleUrl>
        <ExtendedData>
          <Data name="latitud">
            <value>-33.4777331</value>
          </Data>
          <Data name="longitud">
            <value>-70.6924225</value>
          </Data>
          <Data name="demanda">
            <value>85.0</value>
          </Data>
        </ExtendedData>
        <Point>
          <coordinates>
            -70.6924225,-33.4777331,0
          </coordinates>
        </Point>
      </Placemark>
      <Placemark>
        <name>punto_271</name>
        <description><![CDATA[latitud: -33.4635292<br>longitud: -70.6941864<br>demanda: 70]]></description>
        <styleUrl>#icon-1739-0288D1</styleUrl>
        <ExtendedData>
          <Data name="latitud">
            <value>-33.4635292</value>
          </Data>
          <Data name="longitud">
            <value>-70.6941864</value>
          </Data>
          <Data name="demanda">
            <value>70.0</value>
          </Data>
        </ExtendedData>
        <Point>
          <coordinates>
            -70.6941864,-33.4635292,0
          </coordinates>
        </Point>
      </Placemark>
      <Placemark>
        <name>punto_272</name>
        <description><![CDATA[latitud: -33.477415<br>longitud: -70.7116014<br>demanda: 192]]></description>
        <styleUrl>#icon-1739-0288D1</styleUrl>
        <ExtendedData>
          <Data name="latitud">
            <value>-33.477415</value>
          </Data>
          <Data name="longitud">
            <value>-70.7116014</value>
          </Data>
          <Data name="demanda">
            <value>192.0</value>
          </Data>
        </ExtendedData>
        <Point>
          <coordinates>
            -70.7116014,-33.477415,0
          </coordinates>
        </Point>
      </Placemark>
      <Placemark>
        <name>punto_311</name>
        <description><![CDATA[latitud: -33.4767164<br>longitud: -70.7000167<br>demanda: 94]]></description>
        <styleUrl>#icon-1739-0288D1</styleUrl>
        <ExtendedData>
          <Data name="latitud">
            <value>-33.4767164</value>
          </Data>
          <Data name="longitud">
            <value>-70.7000167</value>
          </Data>
          <Data name="demanda">
            <value>94.0</value>
          </Data>
        </ExtendedData>
        <Point>
          <coordinates>
            -70.7000167,-33.4767164,0
          </coordinates>
        </Point>
      </Placemark>
      <Placemark>
        <name>punto_312</name>
        <description><![CDATA[latitud: -33.4782936<br>longitud: -70.6943692<br>demanda: 127]]></description>
        <styleUrl>#icon-1739-0288D1</styleUrl>
        <ExtendedData>
          <Data name="latitud">
            <value>-33.4782936</value>
          </Data>
          <Data name="longitud">
            <value>-70.6943692</value>
          </Data>
          <Data name="demanda">
            <value>127.0</value>
          </Data>
        </ExtendedData>
        <Point>
          <coordinates>
            -70.6943692,-33.4782936,0
          </coordinates>
        </Point>
      </Placemark>
      <Placemark>
        <name>punto_313</name>
        <description><![CDATA[latitud: -33.4706103<br>longitud: -70.6921519<br>demanda: 333]]></description>
        <styleUrl>#icon-1739-0288D1</styleUrl>
        <ExtendedData>
          <Data name="latitud">
            <value>-33.4706103</value>
          </Data>
          <Data name="longitud">
            <value>-70.6921519</value>
          </Data>
          <Data name="demanda">
            <value>333.0</value>
          </Data>
        </ExtendedData>
        <Point>
          <coordinates>
            -70.6921519,-33.4706103,0
          </coordinates>
        </Point>
      </Placemark>
      <Placemark>
        <name>punto_314</name>
        <description><![CDATA[latitud: -33.4634997<br>longitud: -70.6921042<br>demanda: 78]]></description>
        <styleUrl>#icon-1739-0288D1</styleUrl>
        <ExtendedData>
          <Data name="latitud">
            <value>-33.4634997</value>
          </Data>
          <Data name="longitud">
            <value>-70.6921042</value>
          </Data>
          <Data name="demanda">
            <value>78.0</value>
          </Data>
        </ExtendedData>
        <Point>
          <coordinates>
            -70.6921042,-33.4634997,0
          </coordinates>
        </Point>
      </Placemark>
      <Placemark>
        <name>punto_315</name>
        <description><![CDATA[latitud: -33.4659094<br>longitud: -70.7023328<br>demanda: 73]]></description>
        <styleUrl>#icon-1739-0288D1</styleUrl>
        <ExtendedData>
          <Data name="latitud">
            <value>-33.4659094</value>
          </Data>
          <Data name="longitud">
            <value>-70.7023328</value>
          </Data>
          <Data name="demanda">
            <value>73.0</value>
          </Data>
        </ExtendedData>
        <Point>
          <coordinates>
            -70.7023328,-33.4659094,0
          </coordinates>
        </Point>
      </Placemark>
      <Placemark>
        <name>punto_316</name>
        <description><![CDATA[latitud: -33.4724478<br>longitud: -70.7069303<br>demanda: 119]]></description>
        <styleUrl>#icon-1739-0288D1</styleUrl>
        <ExtendedData>
          <Data name="latitud">
            <value>-33.4724478</value>
          </Data>
          <Data name="longitud">
            <value>-70.7069303</value>
          </Data>
          <Data name="demanda">
            <value>119.0</value>
          </Data>
        </ExtendedData>
        <Point>
          <coordinates>
            -70.7069303,-33.4724478,0
          </coordinates>
        </Point>
      </Placemark>
      <Placemark>
        <name>punto_317</name>
        <description><![CDATA[latitud: -33.4758764<br>longitud: -70.7105139<br>demanda: 66]]></description>
        <styleUrl>#icon-1739-0288D1</styleUrl>
        <ExtendedData>
          <Data name="latitud">
            <value>-33.4758764</value>
          </Data>
          <Data name="longitud">
            <value>-70.7105139</value>
          </Data>
          <Data name="demanda">
            <value>66.0</value>
          </Data>
        </ExtendedData>
        <Point>
          <coordinates>
            -70.7105139,-33.4758764,0
          </coordinates>
        </Point>
      </Placemark>
      <Placemark>
        <name>punto_318</name>
        <description><![CDATA[latitud: -33.461815<br>longitud: -70.6993981<br>demanda: 354]]></description>
        <styleUrl>#icon-1739-0288D1</styleUrl>
        <ExtendedData>
          <Data name="latitud">
            <value>-33.461815</value>
          </Data>
          <Data name="longitud">
            <value>-70.6993981</value>
          </Data>
          <Data name="demanda">
            <value>354.0</value>
          </Data>
        </ExtendedData>
        <Point>
          <coordinates>
            -70.6993981,-33.461815,0
          </coordinates>
        </Point>
      </Placemark>
      <Placemark>
        <name>punto_320</name>
        <description><![CDATA[latitud: -33.4513525<br>longitud: -70.6887706<br>demanda: 31]]></description>
        <styleUrl>#icon-1739-0288D1</styleUrl>
        <ExtendedData>
          <Data name="latitud">
            <value>-33.4513525</value>
          </Data>
          <Data name="longitud">
            <value>-70.6887706</value>
          </Data>
          <Data name="demanda">
            <value>31.0</value>
          </Data>
        </ExtendedData>
        <Point>
          <coordinates>
            -70.6887706,-33.4513525,0
          </coordinates>
        </Point>
      </Placemark>
      <Placemark>
        <name>punto_321</name>
        <description><![CDATA[latitud: -33.456275<br>longitud: -70.6880394<br>demanda: 197]]></description>
        <styleUrl>#icon-1739-0288D1</styleUrl>
        <ExtendedData>
          <Data name="latitud">
            <value>-33.456275</value>
          </Data>
          <Data name="longitud">
            <value>-70.6880394</value>
          </Data>
          <Data name="demanda">
            <value>197.0</value>
          </Data>
        </ExtendedData>
        <Point>
          <coordinates>
            -70.6880394,-33.456275,0
          </coordinates>
        </Point>
      </Placemark>
      <Placemark>
        <name>punto_322</name>
        <description><![CDATA[latitud: -33.4725803<br>longitud: -70.7148353<br>demanda: 112]]></description>
        <styleUrl>#icon-1739-0288D1</styleUrl>
        <ExtendedData>
          <Data name="latitud">
            <value>-33.4725803</value>
          </Data>
          <Data name="longitud">
            <value>-70.7148353</value>
          </Data>
          <Data name="demanda">
            <value>112.0</value>
          </Data>
        </ExtendedData>
        <Point>
          <coordinates>
            -70.7148353,-33.4725803,0
          </coordinates>
        </Point>
      </Placemark>
      <Placemark>
        <name>punto_323</name>
        <description><![CDATA[latitud: -33.4753519<br>longitud: -70.7159647<br>demanda: 35]]></description>
        <styleUrl>#icon-1739-0288D1</styleUrl>
        <ExtendedData>
          <Data name="latitud">
            <value>-33.4753519</value>
          </Data>
          <Data name="longitud">
            <value>-70.7159647</value>
          </Data>
          <Data name="demanda">
            <value>35.0</value>
          </Data>
        </ExtendedData>
        <Point>
          <coordinates>
            -70.7159647,-33.4753519,0
          </coordinates>
        </Point>
      </Placemark>
      <Placemark>
        <name>punto_324</name>
        <description><![CDATA[latitud: -33.4683394<br>longitud: -70.7055058<br>demanda: 146]]></description>
        <styleUrl>#icon-1739-0288D1</styleUrl>
        <ExtendedData>
          <Data name="latitud">
            <value>-33.4683394</value>
          </Data>
          <Data name="longitud">
            <value>-70.7055058</value>
          </Data>
          <Data name="demanda">
            <value>146.0</value>
          </Data>
        </ExtendedData>
        <Point>
          <coordinates>
            -70.7055058,-33.4683394,0
          </coordinates>
        </Point>
      </Placemark>
      <Placemark>
        <name>punto_325</name>
        <description><![CDATA[latitud: -33.4691211<br>longitud: -70.6886117<br>demanda: 176]]></description>
        <styleUrl>#icon-1739-0288D1</styleUrl>
        <ExtendedData>
          <Data name="latitud">
            <value>-33.4691211</value>
          </Data>
          <Data name="longitud">
            <value>-70.6886117</value>
          </Data>
          <Data name="demanda">
            <value>176.0</value>
          </Data>
        </ExtendedData>
        <Point>
          <coordinates>
            -70.6886117,-33.4691211,0
          </coordinates>
        </Point>
      </Placemark>
      <Placemark>
        <name>punto_326</name>
        <description><![CDATA[latitud: -33.46912<br>longitud: -70.6896467<br>demanda: 260]]></description>
        <styleUrl>#icon-1739-0288D1</styleUrl>
        <ExtendedData>
          <Data name="latitud">
            <value>-33.46912</value>
          </Data>
          <Data name="longitud">
            <value>-70.6896467</value>
          </Data>
          <Data name="demanda">
            <value>260.0</value>
          </Data>
        </ExtendedData>
        <Point>
          <coordinates>
            -70.6896467,-33.46912,0
          </coordinates>
        </Point>
      </Placemark>
      <Placemark>
        <name>punto_327</name>
        <description><![CDATA[latitud: -33.4691564<br>longitud: -70.6901492<br>demanda: 373]]></description>
        <styleUrl>#icon-1739-0288D1</styleUrl>
        <ExtendedData>
          <Data name="latitud">
            <value>-33.4691564</value>
          </Data>
          <Data name="longitud">
            <value>-70.6901492</value>
          </Data>
          <Data name="demanda">
            <value>373.0</value>
          </Data>
        </ExtendedData>
        <Point>
          <coordinates>
            -70.6901492,-33.4691564,0
          </coordinates>
        </Point>
      </Placemark>
      <Placemark>
        <name>punto_328</name>
        <description><![CDATA[latitud: -33.4687172<br>longitud: -70.6910014<br>demanda: 33]]></description>
        <styleUrl>#icon-1739-0288D1</styleUrl>
        <ExtendedData>
          <Data name="latitud">
            <value>-33.4687172</value>
          </Data>
          <Data name="longitud">
            <value>-70.6910014</value>
          </Data>
          <Data name="demanda">
            <value>33.0</value>
          </Data>
        </ExtendedData>
        <Point>
          <coordinates>
            -70.6910014,-33.4687172,0
          </coordinates>
        </Point>
      </Placemark>
      <Placemark>
        <name>punto_329</name>
        <description><![CDATA[latitud: -33.4691639<br>longitud: -70.6923094<br>demanda: 63]]></description>
        <styleUrl>#icon-1739-0288D1</styleUrl>
        <ExtendedData>
          <Data name="latitud">
            <value>-33.4691639</value>
          </Data>
          <Data name="longitud">
            <value>-70.6923094</value>
          </Data>
          <Data name="demanda">
            <value>63.0</value>
          </Data>
        </ExtendedData>
        <Point>
          <coordinates>
            -70.6923094,-33.4691639,0
          </coordinates>
        </Point>
      </Placemark>
      <Placemark>
        <name>punto_330</name>
        <description><![CDATA[latitud: -33.4691981<br>longitud: -70.6933392<br>demanda: 283]]></description>
        <styleUrl>#icon-1739-0288D1</styleUrl>
        <ExtendedData>
          <Data name="latitud">
            <value>-33.4691981</value>
          </Data>
          <Data name="longitud">
            <value>-70.6933392</value>
          </Data>
          <Data name="demanda">
            <value>283.0</value>
          </Data>
        </ExtendedData>
        <Point>
          <coordinates>
            -70.6933392,-33.4691981,0
          </coordinates>
        </Point>
      </Placemark>
      <Placemark>
        <name>punto_331</name>
        <description><![CDATA[latitud: -33.4692067<br>longitud: -70.693885<br>demanda: 237]]></description>
        <styleUrl>#icon-1739-0288D1</styleUrl>
        <ExtendedData>
          <Data name="latitud">
            <value>-33.4692067</value>
          </Data>
          <Data name="longitud">
            <value>-70.693885</value>
          </Data>
          <Data name="demanda">
            <value>237.0</value>
          </Data>
        </ExtendedData>
        <Point>
          <coordinates>
            -70.693885,-33.4692067,0
          </coordinates>
        </Point>
      </Placemark>
      <Placemark>
        <name>punto_332</name>
        <description><![CDATA[latitud: -33.4692092<br>longitud: -70.6944244<br>demanda: 284]]></description>
        <styleUrl>#icon-1739-0288D1</styleUrl>
        <ExtendedData>
          <Data name="latitud">
            <value>-33.4692092</value>
          </Data>
          <Data name="longitud">
            <value>-70.6944244</value>
          </Data>
          <Data name="demanda">
            <value>284.0</value>
          </Data>
        </ExtendedData>
        <Point>
          <coordinates>
            -70.6944244,-33.4692092,0
          </coordinates>
        </Point>
      </Placemark>
      <Placemark>
        <name>punto_333</name>
        <description><![CDATA[latitud: -33.4692208<br>longitud: -70.6949739<br>demanda: 267]]></description>
        <styleUrl>#icon-1739-0288D1</styleUrl>
        <ExtendedData>
          <Data name="latitud">
            <value>-33.4692208</value>
          </Data>
          <Data name="longitud">
            <value>-70.6949739</value>
          </Data>
          <Data name="demanda">
            <value>267.0</value>
          </Data>
        </ExtendedData>
        <Point>
          <coordinates>
            -70.6949739,-33.4692208,0
          </coordinates>
        </Point>
      </Placemark>
      <Placemark>
        <name>punto_334</name>
        <description><![CDATA[latitud: -33.4692286<br>longitud: -70.6954958<br>demanda: 249]]></description>
        <styleUrl>#icon-1739-0288D1</styleUrl>
        <ExtendedData>
          <Data name="latitud">
            <value>-33.4692286</value>
          </Data>
          <Data name="longitud">
            <value>-70.6954958</value>
          </Data>
          <Data name="demanda">
            <value>249.0</value>
          </Data>
        </ExtendedData>
        <Point>
          <coordinates>
            -70.6954958,-33.4692286,0
          </coordinates>
        </Point>
      </Placemark>
      <Placemark>
        <name>punto_335</name>
        <description><![CDATA[latitud: -33.4692269<br>longitud: -70.6960606<br>demanda: 242]]></description>
        <styleUrl>#icon-1739-0288D1</styleUrl>
        <ExtendedData>
          <Data name="latitud">
            <value>-33.4692269</value>
          </Data>
          <Data name="longitud">
            <value>-70.6960606</value>
          </Data>
          <Data name="demanda">
            <value>242.0</value>
          </Data>
        </ExtendedData>
        <Point>
          <coordinates>
            -70.6960606,-33.4692269,0
          </coordinates>
        </Point>
      </Placemark>
      <Placemark>
        <name>punto_336</name>
        <description><![CDATA[latitud: -33.4693197<br>longitud: -70.6906556<br>demanda: 174]]></description>
        <styleUrl>#icon-1739-0288D1</styleUrl>
        <ExtendedData>
          <Data name="latitud">
            <value>-33.4693197</value>
          </Data>
          <Data name="longitud">
            <value>-70.6906556</value>
          </Data>
          <Data name="demanda">
            <value>174.0</value>
          </Data>
        </ExtendedData>
        <Point>
          <coordinates>
            -70.6906556,-33.4693197,0
          </coordinates>
        </Point>
      </Placemark>
      <Placemark>
        <name>punto_337</name>
        <description><![CDATA[latitud: -33.4692331<br>longitud: -70.6966783<br>demanda: 368]]></description>
        <styleUrl>#icon-1739-0288D1</styleUrl>
        <ExtendedData>
          <Data name="latitud">
            <value>-33.4692331</value>
          </Data>
          <Data name="longitud">
            <value>-70.6966783</value>
          </Data>
          <Data name="demanda">
            <value>368.0</value>
          </Data>
        </ExtendedData>
        <Point>
          <coordinates>
            -70.6966783,-33.4692331,0
          </coordinates>
        </Point>
      </Placemark>
      <Placemark>
        <name>punto_338</name>
        <description><![CDATA[latitud: -33.4693328<br>longitud: -70.6971092<br>demanda: 108]]></description>
        <styleUrl>#icon-1739-0288D1</styleUrl>
        <ExtendedData>
          <Data name="latitud">
            <value>-33.4693328</value>
          </Data>
          <Data name="longitud">
            <value>-70.6971092</value>
          </Data>
          <Data name="demanda">
            <value>108.0</value>
          </Data>
        </ExtendedData>
        <Point>
          <coordinates>
            -70.6971092,-33.4693328,0
          </coordinates>
        </Point>
      </Placemark>
      <Placemark>
        <name>punto_339</name>
        <description><![CDATA[latitud: -33.4692475<br>longitud: -70.7132314<br>demanda: 232]]></description>
        <styleUrl>#icon-1739-0288D1</styleUrl>
        <ExtendedData>
          <Data name="latitud">
            <value>-33.4692475</value>
          </Data>
          <Data name="longitud">
            <value>-70.7132314</value>
          </Data>
          <Data name="demanda">
            <value>232.0</value>
          </Data>
        </ExtendedData>
        <Point>
          <coordinates>
            -70.7132314,-33.4692475,0
          </coordinates>
        </Point>
      </Placemark>
      <Placemark>
        <name>punto_340</name>
        <description><![CDATA[latitud: -33.4699669<br>longitud: -70.7052164<br>demanda: 2628]]></description>
        <styleUrl>#icon-1739-0288D1</styleUrl>
        <ExtendedData>
          <Data name="latitud">
            <value>-33.4699669</value>
          </Data>
          <Data name="longitud">
            <value>-70.7052164</value>
          </Data>
          <Data name="demanda">
            <value>2628.0</value>
          </Data>
        </ExtendedData>
        <Point>
          <coordinates>
            -70.7052164,-33.4699669,0
          </coordinates>
        </Point>
      </Placemark>
      <Placemark>
        <name>punto_341</name>
        <description><![CDATA[latitud: -33.4691289<br>longitud: -70.7051456<br>demanda: 345]]></description>
        <styleUrl>#icon-1739-0288D1</styleUrl>
        <ExtendedData>
          <Data name="latitud">
            <value>-33.4691289</value>
          </Data>
          <Data name="longitud">
            <value>-70.7051456</value>
          </Data>
          <Data name="demanda">
            <value>345.0</value>
          </Data>
        </ExtendedData>
        <Point>
          <coordinates>
            -70.7051456,-33.4691289,0
          </coordinates>
        </Point>
      </Placemark>
      <Placemark>
        <name>punto_342</name>
        <description><![CDATA[latitud: -33.4715747<br>longitud: -70.7031961<br>demanda: 1842]]></description>
        <styleUrl>#icon-1739-0288D1</styleUrl>
        <ExtendedData>
          <Data name="latitud">
            <value>-33.4715747</value>
          </Data>
          <Data name="longitud">
            <value>-70.7031961</value>
          </Data>
          <Data name="demanda">
            <value>1842.0</value>
          </Data>
        </ExtendedData>
        <Point>
          <coordinates>
            -70.7031961,-33.4715747,0
          </coordinates>
        </Point>
      </Placemark>
      <Placemark>
        <name>punto_343</name>
        <description><![CDATA[latitud: -33.4695106<br>longitud: -70.6911967<br>demanda: 153]]></description>
        <styleUrl>#icon-1739-0288D1</styleUrl>
        <ExtendedData>
          <Data name="latitud">
            <value>-33.4695106</value>
          </Data>
          <Data name="longitud">
            <value>-70.6911967</value>
          </Data>
          <Data name="demanda">
            <value>153.0</value>
          </Data>
        </ExtendedData>
        <Point>
          <coordinates>
            -70.6911967,-33.4695106,0
          </coordinates>
        </Point>
      </Placemark>
      <Placemark>
        <name>punto_344</name>
        <description><![CDATA[latitud: -33.4697867<br>longitud: -70.7021128<br>demanda: 124]]></description>
        <styleUrl>#icon-1739-0288D1</styleUrl>
        <ExtendedData>
          <Data name="latitud">
            <value>-33.4697867</value>
          </Data>
          <Data name="longitud">
            <value>-70.7021128</value>
          </Data>
          <Data name="demanda">
            <value>124.0</value>
          </Data>
        </ExtendedData>
        <Point>
          <coordinates>
            -70.7021128,-33.4697867,0
          </coordinates>
        </Point>
      </Placemark>
      <Placemark>
        <name>punto_345</name>
        <description><![CDATA[latitud: -33.4705403<br>longitud: -70.6886592<br>demanda: 345]]></description>
        <styleUrl>#icon-1739-0288D1</styleUrl>
        <ExtendedData>
          <Data name="latitud">
            <value>-33.4705403</value>
          </Data>
          <Data name="longitud">
            <value>-70.6886592</value>
          </Data>
          <Data name="demanda">
            <value>345.0</value>
          </Data>
        </ExtendedData>
        <Point>
          <coordinates>
            -70.6886592,-33.4705403,0
          </coordinates>
        </Point>
      </Placemark>
      <Placemark>
        <name>punto_346</name>
        <description><![CDATA[latitud: -33.4705628<br>longitud: -70.6896925<br>demanda: 410]]></description>
        <styleUrl>#icon-1739-0288D1</styleUrl>
        <ExtendedData>
          <Data name="latitud">
            <value>-33.4705628</value>
          </Data>
          <Data name="longitud">
            <value>-70.6896925</value>
          </Data>
          <Data name="demanda">
            <value>410.0</value>
          </Data>
        </ExtendedData>
        <Point>
          <coordinates>
            -70.6896925,-33.4705628,0
          </coordinates>
        </Point>
      </Placemark>
      <Placemark>
        <name>punto_347</name>
        <description><![CDATA[latitud: -33.4705828<br>longitud: -70.6901972<br>demanda: 293]]></description>
        <styleUrl>#icon-1739-0288D1</styleUrl>
        <ExtendedData>
          <Data name="latitud">
            <value>-33.4705828</value>
          </Data>
          <Data name="longitud">
            <value>-70.6901972</value>
          </Data>
          <Data name="demanda">
            <value>293.0</value>
          </Data>
        </ExtendedData>
        <Point>
          <coordinates>
            -70.6901972,-33.4705828,0
          </coordinates>
        </Point>
      </Placemark>
      <Placemark>
        <name>punto_348</name>
        <description><![CDATA[latitud: -33.4705964<br>longitud: -70.6907094<br>demanda: 312]]></description>
        <styleUrl>#icon-1739-0288D1</styleUrl>
        <ExtendedData>
          <Data name="latitud">
            <value>-33.4705964</value>
          </Data>
          <Data name="longitud">
            <value>-70.6907094</value>
          </Data>
          <Data name="demanda">
            <value>312.0</value>
          </Data>
        </ExtendedData>
        <Point>
          <coordinates>
            -70.6907094,-33.4705964,0
          </coordinates>
        </Point>
      </Placemark>
      <Placemark>
        <name>punto_349</name>
        <description><![CDATA[latitud: -33.4706192<br>longitud: -70.691245<br>demanda: 288]]></description>
        <styleUrl>#icon-1739-0288D1</styleUrl>
        <ExtendedData>
          <Data name="latitud">
            <value>-33.4706192</value>
          </Data>
          <Data name="longitud">
            <value>-70.691245</value>
          </Data>
          <Data name="demanda">
            <value>288.0</value>
          </Data>
        </ExtendedData>
        <Point>
          <coordinates>
            -70.691245,-33.4706192,0
          </coordinates>
        </Point>
      </Placemark>
      <Placemark>
        <name>punto_350</name>
        <description><![CDATA[latitud: -33.4701986<br>longitud: -70.6933194<br>demanda: 122]]></description>
        <styleUrl>#icon-1739-0288D1</styleUrl>
        <ExtendedData>
          <Data name="latitud">
            <value>-33.4701986</value>
          </Data>
          <Data name="longitud">
            <value>-70.6933194</value>
          </Data>
          <Data name="demanda">
            <value>122.0</value>
          </Data>
        </ExtendedData>
        <Point>
          <coordinates>
            -70.6933194,-33.4701986,0
          </coordinates>
        </Point>
      </Placemark>
      <Placemark>
        <name>punto_351</name>
        <description><![CDATA[latitud: -33.4703839<br>longitud: -70.6938442<br>demanda: 192]]></description>
        <styleUrl>#icon-1739-0288D1</styleUrl>
        <ExtendedData>
          <Data name="latitud">
            <value>-33.4703839</value>
          </Data>
          <Data name="longitud">
            <value>-70.6938442</value>
          </Data>
          <Data name="demanda">
            <value>192.0</value>
          </Data>
        </ExtendedData>
        <Point>
          <coordinates>
            -70.6938442,-33.4703839,0
          </coordinates>
        </Point>
      </Placemark>
      <Placemark>
        <name>punto_352</name>
        <description><![CDATA[latitud: -33.4705619<br>longitud: -70.6943667<br>demanda: 358]]></description>
        <styleUrl>#icon-1739-0288D1</styleUrl>
        <ExtendedData>
          <Data name="latitud">
            <value>-33.4705619</value>
          </Data>
          <Data name="longitud">
            <value>-70.6943667</value>
          </Data>
          <Data name="demanda">
            <value>358.0</value>
          </Data>
        </ExtendedData>
        <Point>
          <coordinates>
            -70.6943667,-33.4705619,0
          </coordinates>
        </Point>
      </Placemark>
      <Placemark>
        <name>punto_353</name>
        <description><![CDATA[latitud: -33.4705928<br>longitud: -70.6949164<br>demanda: 230]]></description>
        <styleUrl>#icon-1739-0288D1</styleUrl>
        <ExtendedData>
          <Data name="latitud">
            <value>-33.4705928</value>
          </Data>
          <Data name="longitud">
            <value>-70.6949164</value>
          </Data>
          <Data name="demanda">
            <value>230.0</value>
          </Data>
        </ExtendedData>
        <Point>
          <coordinates>
            -70.6949164,-33.4705928,0
          </coordinates>
        </Point>
      </Placemark>
      <Placemark>
        <name>punto_354</name>
        <description><![CDATA[latitud: -33.4705997<br>longitud: -70.6954489<br>demanda: 276]]></description>
        <styleUrl>#icon-1739-0288D1</styleUrl>
        <ExtendedData>
          <Data name="latitud">
            <value>-33.4705997</value>
          </Data>
          <Data name="longitud">
            <value>-70.6954489</value>
          </Data>
          <Data name="demanda">
            <value>276.0</value>
          </Data>
        </ExtendedData>
        <Point>
          <coordinates>
            -70.6954489,-33.4705997,0
          </coordinates>
        </Point>
      </Placemark>
      <Placemark>
        <name>punto_355</name>
        <description><![CDATA[latitud: -33.4706086<br>longitud: -70.696005<br>demanda: 281]]></description>
        <styleUrl>#icon-1739-0288D1</styleUrl>
        <ExtendedData>
          <Data name="latitud">
            <value>-33.4706086</value>
          </Data>
          <Data name="longitud">
            <value>-70.696005</value>
          </Data>
          <Data name="demanda">
            <value>281.0</value>
          </Data>
        </ExtendedData>
        <Point>
          <coordinates>
            -70.696005,-33.4706086,0
          </coordinates>
        </Point>
      </Placemark>
      <Placemark>
        <name>punto_356</name>
        <description><![CDATA[latitud: -33.4706189<br>longitud: -70.6966133<br>demanda: 295]]></description>
        <styleUrl>#icon-1739-0288D1</styleUrl>
        <ExtendedData>
          <Data name="latitud">
            <value>-33.4706189</value>
          </Data>
          <Data name="longitud">
            <value>-70.6966133</value>
          </Data>
          <Data name="demanda">
            <value>295.0</value>
          </Data>
        </ExtendedData>
        <Point>
          <coordinates>
            -70.6966133,-33.4706189,0
          </coordinates>
        </Point>
      </Placemark>
      <Placemark>
        <name>punto_357</name>
        <description><![CDATA[latitud: -33.4718647<br>longitud: -70.6972214<br>demanda: 795]]></description>
        <styleUrl>#icon-1739-0288D1</styleUrl>
        <ExtendedData>
          <Data name="latitud">
            <value>-33.4718647</value>
          </Data>
          <Data name="longitud">
            <value>-70.6972214</value>
          </Data>
          <Data name="demanda">
            <value>795.0</value>
          </Data>
        </ExtendedData>
        <Point>
          <coordinates>
            -70.6972214,-33.4718647,0
          </coordinates>
        </Point>
      </Placemark>
      <Placemark>
        <name>punto_358</name>
        <description><![CDATA[latitud: -33.4703664<br>longitud: -70.7136622<br>demanda: 134]]></description>
        <styleUrl>#icon-1739-0288D1</styleUrl>
        <ExtendedData>
          <Data name="latitud">
            <value>-33.4703664</value>
          </Data>
          <Data name="longitud">
            <value>-70.7136622</value>
          </Data>
          <Data name="demanda">
            <value>134.0</value>
          </Data>
        </ExtendedData>
        <Point>
          <coordinates>
            -70.7136622,-33.4703664,0
          </coordinates>
        </Point>
      </Placemark>
      <Placemark>
        <name>punto_359</name>
        <description><![CDATA[latitud: -33.4707017<br>longitud: -70.71467<br>demanda: 23]]></description>
        <styleUrl>#icon-1739-0288D1</styleUrl>
        <ExtendedData>
          <Data name="latitud">
            <value>-33.4707017</value>
          </Data>
          <Data name="longitud">
            <value>-70.71467</value>
          </Data>
          <Data name="demanda">
            <value>23.0</value>
          </Data>
        </ExtendedData>
        <Point>
          <coordinates>
            -70.71467,-33.4707017,0
          </coordinates>
        </Point>
      </Placemark>
      <Placemark>
        <name>punto_360</name>
        <description><![CDATA[latitud: -33.4706414<br>longitud: -70.7171697<br>demanda: 645]]></description>
        <styleUrl>#icon-1739-0288D1</styleUrl>
        <ExtendedData>
          <Data name="latitud">
            <value>-33.4706414</value>
          </Data>
          <Data name="longitud">
            <value>-70.7171697</value>
          </Data>
          <Data name="demanda">
            <value>645.0</value>
          </Data>
        </ExtendedData>
        <Point>
          <coordinates>
            -70.7171697,-33.4706414,0
          </coordinates>
        </Point>
      </Placemark>
      <Placemark>
        <name>punto_361</name>
        <description><![CDATA[latitud: -33.4709506<br>longitud: -70.6931978<br>demanda: 127]]></description>
        <styleUrl>#icon-1739-0288D1</styleUrl>
        <ExtendedData>
          <Data name="latitud">
            <value>-33.4709506</value>
          </Data>
          <Data name="longitud">
            <value>-70.6931978</value>
          </Data>
          <Data name="demanda">
            <value>127.0</value>
          </Data>
        </ExtendedData>
        <Point>
          <coordinates>
            -70.6931978,-33.4709506,0
          </coordinates>
        </Point>
      </Placemark>
      <Placemark>
        <name>punto_362</name>
        <description><![CDATA[latitud: -33.4709653<br>longitud: -70.7050931<br>demanda: 384]]></description>
        <styleUrl>#icon-1739-0288D1</styleUrl>
        <ExtendedData>
          <Data name="latitud">
            <value>-33.4709653</value>
          </Data>
          <Data name="longitud">
            <value>-70.7050931</value>
          </Data>
          <Data name="demanda">
            <value>384.0</value>
          </Data>
        </ExtendedData>
        <Point>
          <coordinates>
            -70.7050931,-33.4709653,0
          </coordinates>
        </Point>
      </Placemark>
      <Placemark>
        <name>punto_363</name>
        <description><![CDATA[latitud: -33.4707869<br>longitud: -70.7159731<br>demanda: 183]]></description>
        <styleUrl>#icon-1739-0288D1</styleUrl>
        <ExtendedData>
          <Data name="latitud">
            <value>-33.4707869</value>
          </Data>
          <Data name="longitud">
            <value>-70.7159731</value>
          </Data>
          <Data name="demanda">
            <value>183.0</value>
          </Data>
        </ExtendedData>
        <Point>
          <coordinates>
            -70.7159731,-33.4707869,0
          </coordinates>
        </Point>
      </Placemark>
      <Placemark>
        <name>punto_364</name>
        <description><![CDATA[latitud: -33.4711356<br>longitud: -70.6937469<br>demanda: 26]]></description>
        <styleUrl>#icon-1739-0288D1</styleUrl>
        <ExtendedData>
          <Data name="latitud">
            <value>-33.4711356</value>
          </Data>
          <Data name="longitud">
            <value>-70.6937469</value>
          </Data>
          <Data name="demanda">
            <value>26.0</value>
          </Data>
        </ExtendedData>
        <Point>
          <coordinates>
            -70.6937469,-33.4711356,0
          </coordinates>
        </Point>
      </Placemark>
      <Placemark>
        <name>punto_365</name>
        <description><![CDATA[latitud: -33.4711122<br>longitud: -70.7138561<br>demanda: 146]]></description>
        <styleUrl>#icon-1739-0288D1</styleUrl>
        <ExtendedData>
          <Data name="latitud">
            <value>-33.4711122</value>
          </Data>
          <Data name="longitud">
            <value>-70.7138561</value>
          </Data>
          <Data name="demanda">
            <value>146.0</value>
          </Data>
        </ExtendedData>
        <Point>
          <coordinates>
            -70.7138561,-33.4711122,0
          </coordinates>
        </Point>
      </Placemark>
      <Placemark>
        <name>punto_366</name>
        <description><![CDATA[latitud: -33.4712292<br>longitud: -70.7162856<br>demanda: 37]]></description>
        <styleUrl>#icon-1739-0288D1</styleUrl>
        <ExtendedData>
          <Data name="latitud">
            <value>-33.4712292</value>
          </Data>
          <Data name="longitud">
            <value>-70.7162856</value>
          </Data>
          <Data name="demanda">
            <value>37.0</value>
          </Data>
        </ExtendedData>
        <Point>
          <coordinates>
            -70.7162856,-33.4712292,0
          </coordinates>
        </Point>
      </Placemark>
      <Placemark>
        <name>punto_367</name>
        <description><![CDATA[latitud: -33.4718561<br>longitud: -70.688695<br>demanda: 173]]></description>
        <styleUrl>#icon-1739-0288D1</styleUrl>
        <ExtendedData>
          <Data name="latitud">
            <value>-33.4718561</value>
          </Data>
          <Data name="longitud">
            <value>-70.688695</value>
          </Data>
          <Data name="demanda">
            <value>173.0</value>
          </Data>
        </ExtendedData>
        <Point>
          <coordinates>
            -70.688695,-33.4718561,0
          </coordinates>
        </Point>
      </Placemark>
      <Placemark>
        <name>punto_368</name>
        <description><![CDATA[latitud: -33.4719233<br>longitud: -70.6892292<br>demanda: 218]]></description>
        <styleUrl>#icon-1739-0288D1</styleUrl>
        <ExtendedData>
          <Data name="latitud">
            <value>-33.4719233</value>
          </Data>
          <Data name="longitud">
            <value>-70.6892292</value>
          </Data>
          <Data name="demanda">
            <value>218.0</value>
          </Data>
        </ExtendedData>
        <Point>
          <coordinates>
            -70.6892292,-33.4719233,0
          </coordinates>
        </Point>
      </Placemark>
      <Placemark>
        <name>punto_369</name>
        <description><![CDATA[latitud: -33.4719911<br>longitud: -70.6897408<br>demanda: 283]]></description>
        <styleUrl>#icon-1739-0288D1</styleUrl>
        <ExtendedData>
          <Data name="latitud">
            <value>-33.4719911</value>
          </Data>
          <Data name="longitud">
            <value>-70.6897408</value>
          </Data>
          <Data name="demanda">
            <value>283.0</value>
          </Data>
        </ExtendedData>
        <Point>
          <coordinates>
            -70.6897408,-33.4719911,0
          </coordinates>
        </Point>
      </Placemark>
      <Placemark>
        <name>punto_370</name>
        <description><![CDATA[latitud: -33.4720508<br>longitud: -70.6902408<br>demanda: 319]]></description>
        <styleUrl>#icon-1739-0288D1</styleUrl>
        <ExtendedData>
          <Data name="latitud">
            <value>-33.4720508</value>
          </Data>
          <Data name="longitud">
            <value>-70.6902408</value>
          </Data>
          <Data name="demanda">
            <value>319.0</value>
          </Data>
        </ExtendedData>
        <Point>
          <coordinates>
            -70.6902408,-33.4720508,0
          </coordinates>
        </Point>
      </Placemark>
      <Placemark>
        <name>punto_371</name>
        <description><![CDATA[latitud: -33.472565<br>longitud: -70.6942186<br>demanda: 452]]></description>
        <styleUrl>#icon-1739-0288D1</styleUrl>
        <ExtendedData>
          <Data name="latitud">
            <value>-33.472565</value>
          </Data>
          <Data name="longitud">
            <value>-70.6942186</value>
          </Data>
          <Data name="demanda">
            <value>452.0</value>
          </Data>
        </ExtendedData>
        <Point>
          <coordinates>
            -70.6942186,-33.472565,0
          </coordinates>
        </Point>
      </Placemark>
      <Placemark>
        <name>punto_372</name>
        <description><![CDATA[latitud: -33.4715103<br>longitud: -70.7151922<br>demanda: 133]]></description>
        <styleUrl>#icon-1739-0288D1</styleUrl>
        <ExtendedData>
          <Data name="latitud">
            <value>-33.4715103</value>
          </Data>
          <Data name="longitud">
            <value>-70.7151922</value>
          </Data>
          <Data name="demanda">
            <value>133.0</value>
          </Data>
        </ExtendedData>
        <Point>
          <coordinates>
            -70.7151922,-33.4715103,0
          </coordinates>
        </Point>
      </Placemark>
      <Placemark>
        <name>punto_373</name>
        <description><![CDATA[latitud: -33.4714728<br>longitud: -70.6949183<br>demanda: 28]]></description>
        <styleUrl>#icon-1739-0288D1</styleUrl>
        <ExtendedData>
          <Data name="latitud">
            <value>-33.4714728</value>
          </Data>
          <Data name="longitud">
            <value>-70.6949183</value>
          </Data>
          <Data name="demanda">
            <value>28.0</value>
          </Data>
        </ExtendedData>
        <Point>
          <coordinates>
            -70.6949183,-33.4714728,0
          </coordinates>
        </Point>
      </Placemark>
      <Placemark>
        <name>punto_374</name>
        <description><![CDATA[latitud: -33.4721219<br>longitud: -70.6907464<br>demanda: 286]]></description>
        <styleUrl>#icon-1739-0288D1</styleUrl>
        <ExtendedData>
          <Data name="latitud">
            <value>-33.4721219</value>
          </Data>
          <Data name="longitud">
            <value>-70.6907464</value>
          </Data>
          <Data name="demanda">
            <value>286.0</value>
          </Data>
        </ExtendedData>
        <Point>
          <coordinates>
            -70.6907464,-33.4721219,0
          </coordinates>
        </Point>
      </Placemark>
      <Placemark>
        <name>punto_375</name>
        <description><![CDATA[latitud: -33.4724647<br>longitud: -70.6936917<br>demanda: 415]]></description>
        <styleUrl>#icon-1739-0288D1</styleUrl>
        <ExtendedData>
          <Data name="latitud">
            <value>-33.4724647</value>
          </Data>
          <Data name="longitud">
            <value>-70.6936917</value>
          </Data>
          <Data name="demanda">
            <value>415.0</value>
          </Data>
        </ExtendedData>
        <Point>
          <coordinates>
            -70.6936917,-33.4724647,0
          </coordinates>
        </Point>
      </Placemark>
      <Placemark>
        <name>punto_376</name>
        <description><![CDATA[latitud: -33.4724011<br>longitud: -70.6931453<br>demanda: 445]]></description>
        <styleUrl>#icon-1739-0288D1</styleUrl>
        <ExtendedData>
          <Data name="latitud">
            <value>-33.4724011</value>
          </Data>
          <Data name="longitud">
            <value>-70.6931453</value>
          </Data>
          <Data name="demanda">
            <value>445.0</value>
          </Data>
        </ExtendedData>
        <Point>
          <coordinates>
            -70.6931453,-33.4724011,0
          </coordinates>
        </Point>
      </Placemark>
      <Placemark>
        <name>punto_377</name>
        <description><![CDATA[latitud: -33.4716492<br>longitud: -70.6954258<br>demanda: 94]]></description>
        <styleUrl>#icon-1739-0288D1</styleUrl>
        <ExtendedData>
          <Data name="latitud">
            <value>-33.4716492</value>
          </Data>
          <Data name="longitud">
            <value>-70.6954258</value>
          </Data>
          <Data name="demanda">
            <value>94.0</value>
          </Data>
        </ExtendedData>
        <Point>
          <coordinates>
            -70.6954258,-33.4716492,0
          </coordinates>
        </Point>
      </Placemark>
      <Placemark>
        <name>punto_378</name>
        <description><![CDATA[latitud: -33.4721939<br>longitud: -70.6912892<br>demanda: 328]]></description>
        <styleUrl>#icon-1739-0288D1</styleUrl>
        <ExtendedData>
          <Data name="latitud">
            <value>-33.4721939</value>
          </Data>
          <Data name="longitud">
            <value>-70.6912892</value>
          </Data>
          <Data name="demanda">
            <value>328.0</value>
          </Data>
        </ExtendedData>
        <Point>
          <coordinates>
            -70.6912892,-33.4721939,0
          </coordinates>
        </Point>
      </Placemark>
      <Placemark>
        <name>punto_379</name>
        <description><![CDATA[latitud: -33.4723256<br>longitud: -70.6925625<br>demanda: 455]]></description>
        <styleUrl>#icon-1739-0288D1</styleUrl>
        <ExtendedData>
          <Data name="latitud">
            <value>-33.4723256</value>
          </Data>
          <Data name="longitud">
            <value>-70.6925625</value>
          </Data>
          <Data name="demanda">
            <value>455.0</value>
          </Data>
        </ExtendedData>
        <Point>
          <coordinates>
            -70.6925625,-33.4723256,0
          </coordinates>
        </Point>
      </Placemark>
      <Placemark>
        <name>punto_380</name>
        <description><![CDATA[latitud: -33.4718314<br>longitud: -70.6959625<br>demanda: 220]]></description>
        <styleUrl>#icon-1739-0288D1</styleUrl>
        <ExtendedData>
          <Data name="latitud">
            <value>-33.4718314</value>
          </Data>
          <Data name="longitud">
            <value>-70.6959625</value>
          </Data>
          <Data name="demanda">
            <value>220.0</value>
          </Data>
        </ExtendedData>
        <Point>
          <coordinates>
            -70.6959625,-33.4718314,0
          </coordinates>
        </Point>
      </Placemark>
      <Placemark>
        <name>punto_381</name>
        <description><![CDATA[latitud: -33.4720731<br>longitud: -70.6965586<br>demanda: 251]]></description>
        <styleUrl>#icon-1739-0288D1</styleUrl>
        <ExtendedData>
          <Data name="latitud">
            <value>-33.4720731</value>
          </Data>
          <Data name="longitud">
            <value>-70.6965586</value>
          </Data>
          <Data name="demanda">
            <value>251.0</value>
          </Data>
        </ExtendedData>
        <Point>
          <coordinates>
            -70.6965586,-33.4720731,0
          </coordinates>
        </Point>
      </Placemark>
      <Placemark>
        <name>punto_382</name>
        <description><![CDATA[latitud: -33.4717908<br>longitud: -70.7189744<br>demanda: 534]]></description>
        <styleUrl>#icon-1739-0288D1</styleUrl>
        <ExtendedData>
          <Data name="latitud">
            <value>-33.4717908</value>
          </Data>
          <Data name="longitud">
            <value>-70.7189744</value>
          </Data>
          <Data name="demanda">
            <value>534.0</value>
          </Data>
        </ExtendedData>
        <Point>
          <coordinates>
            -70.7189744,-33.4717908,0
          </coordinates>
        </Point>
      </Placemark>
      <Placemark>
        <name>punto_383</name>
        <description><![CDATA[latitud: -33.4716572<br>longitud: -70.717275<br>demanda: 150]]></description>
        <styleUrl>#icon-1739-0288D1</styleUrl>
        <ExtendedData>
          <Data name="latitud">
            <value>-33.4716572</value>
          </Data>
          <Data name="longitud">
            <value>-70.717275</value>
          </Data>
          <Data name="demanda">
            <value>150.0</value>
          </Data>
        </ExtendedData>
        <Point>
          <coordinates>
            -70.717275,-33.4716572,0
          </coordinates>
        </Point>
      </Placemark>
      <Placemark>
        <name>punto_384</name>
        <description><![CDATA[latitud: -33.4716564<br>longitud: -70.7049058<br>demanda: 211]]></description>
        <styleUrl>#icon-1739-0288D1</styleUrl>
        <ExtendedData>
          <Data name="latitud">
            <value>-33.4716564</value>
          </Data>
          <Data name="longitud">
            <value>-70.7049058</value>
          </Data>
          <Data name="demanda">
            <value>211.0</value>
          </Data>
        </ExtendedData>
        <Point>
          <coordinates>
            -70.7049058,-33.4716564,0
          </coordinates>
        </Point>
      </Placemark>
      <Placemark>
        <name>punto_385</name>
        <description><![CDATA[latitud: -33.4727997<br>longitud: -70.6947406<br>demanda: 541]]></description>
        <styleUrl>#icon-1739-0288D1</styleUrl>
        <ExtendedData>
          <Data name="latitud">
            <value>-33.4727997</value>
          </Data>
          <Data name="longitud">
            <value>-70.6947406</value>
          </Data>
          <Data name="demanda">
            <value>541.0</value>
          </Data>
        </ExtendedData>
        <Point>
          <coordinates>
            -70.6947406,-33.4727997,0
          </coordinates>
        </Point>
      </Placemark>
      <Placemark>
        <name>punto_386</name>
        <description><![CDATA[latitud: -33.4718417<br>longitud: -70.7156392<br>demanda: 129]]></description>
        <styleUrl>#icon-1739-0288D1</styleUrl>
        <ExtendedData>
          <Data name="latitud">
            <value>-33.4718417</value>
          </Data>
          <Data name="longitud">
            <value>-70.7156392</value>
          </Data>
          <Data name="demanda">
            <value>129.0</value>
          </Data>
        </ExtendedData>
        <Point>
          <coordinates>
            -70.7156392,-33.4718417,0
          </coordinates>
        </Point>
      </Placemark>
      <Placemark>
        <name>punto_387</name>
        <description><![CDATA[latitud: -33.4719611<br>longitud: -70.7176822<br>demanda: 181]]></description>
        <styleUrl>#icon-1739-0288D1</styleUrl>
        <ExtendedData>
          <Data name="latitud">
            <value>-33.4719611</value>
          </Data>
          <Data name="longitud">
            <value>-70.7176822</value>
          </Data>
          <Data name="demanda">
            <value>181.0</value>
          </Data>
        </ExtendedData>
        <Point>
          <coordinates>
            -70.7176822,-33.4719611,0
          </coordinates>
        </Point>
      </Placemark>
      <Placemark>
        <name>punto_388</name>
        <description><![CDATA[latitud: -33.4722014<br>longitud: -70.7141128<br>demanda: 241]]></description>
        <styleUrl>#icon-1739-0288D1</styleUrl>
        <ExtendedData>
          <Data name="latitud">
            <value>-33.4722014</value>
          </Data>
          <Data name="longitud">
            <value>-70.7141128</value>
          </Data>
          <Data name="demanda">
            <value>241.0</value>
          </Data>
        </ExtendedData>
        <Point>
          <coordinates>
            -70.7141128,-33.4722014,0
          </coordinates>
        </Point>
      </Placemark>
      <Placemark>
        <name>punto_389</name>
        <description><![CDATA[latitud: -33.4719786<br>longitud: -70.712705<br>demanda: 267]]></description>
        <styleUrl>#icon-1739-0288D1</styleUrl>
        <ExtendedData>
          <Data name="latitud">
            <value>-33.4719786</value>
          </Data>
          <Data name="longitud">
            <value>-70.712705</value>
          </Data>
          <Data name="demanda">
            <value>267.0</value>
          </Data>
        </ExtendedData>
        <Point>
          <coordinates>
            -70.712705,-33.4719786,0
          </coordinates>
        </Point>
      </Placemark>
      <Placemark>
        <name>punto_390</name>
        <description><![CDATA[latitud: -33.4730556<br>longitud: -70.6952542<br>demanda: 527]]></description>
        <styleUrl>#icon-1739-0288D1</styleUrl>
        <ExtendedData>
          <Data name="latitud">
            <value>-33.4730556</value>
          </Data>
          <Data name="longitud">
            <value>-70.6952542</value>
          </Data>
          <Data name="demanda">
            <value>527.0</value>
          </Data>
        </ExtendedData>
        <Point>
          <coordinates>
            -70.6952542,-33.4730556,0
          </coordinates>
        </Point>
      </Placemark>
      <Placemark>
        <name>punto_391</name>
        <description><![CDATA[latitud: -33.4721692<br>longitud: -70.7160644<br>demanda: 140]]></description>
        <styleUrl>#icon-1739-0288D1</styleUrl>
        <ExtendedData>
          <Data name="latitud">
            <value>-33.4721692</value>
          </Data>
          <Data name="longitud">
            <value>-70.7160644</value>
          </Data>
          <Data name="demanda">
            <value>140.0</value>
          </Data>
        </ExtendedData>
        <Point>
          <coordinates>
            -70.7160644,-33.4721692,0
          </coordinates>
        </Point>
      </Placemark>
      <Placemark>
        <name>punto_392</name>
        <description><![CDATA[latitud: -33.4721253<br>longitud: -70.7047144<br>demanda: 185]]></description>
        <styleUrl>#icon-1739-0288D1</styleUrl>
        <ExtendedData>
          <Data name="latitud">
            <value>-33.4721253</value>
          </Data>
          <Data name="longitud">
            <value>-70.7047144</value>
          </Data>
          <Data name="demanda">
            <value>185.0</value>
          </Data>
        </ExtendedData>
        <Point>
          <coordinates>
            -70.7047144,-33.4721253,0
          </coordinates>
        </Point>
      </Placemark>
      <Placemark>
        <name>punto_393</name>
        <description><![CDATA[latitud: -33.4720603<br>longitud: -70.7063025<br>demanda: 120]]></description>
        <styleUrl>#icon-1739-0288D1</styleUrl>
        <ExtendedData>
          <Data name="latitud">
            <value>-33.4720603</value>
          </Data>
          <Data name="longitud">
            <value>-70.7063025</value>
          </Data>
          <Data name="demanda">
            <value>120.0</value>
          </Data>
        </ExtendedData>
        <Point>
          <coordinates>
            -70.7063025,-33.4720603,0
          </coordinates>
        </Point>
      </Placemark>
      <Placemark>
        <name>punto_394</name>
        <description><![CDATA[latitud: -33.4722742<br>longitud: -70.7055297<br>demanda: 171]]></description>
        <styleUrl>#icon-1739-0288D1</styleUrl>
        <ExtendedData>
          <Data name="latitud">
            <value>-33.4722742</value>
          </Data>
          <Data name="longitud">
            <value>-70.7055297</value>
          </Data>
          <Data name="demanda">
            <value>171.0</value>
          </Data>
        </ExtendedData>
        <Point>
          <coordinates>
            -70.7055297,-33.4722742,0
          </coordinates>
        </Point>
      </Placemark>
      <Placemark>
        <name>punto_395</name>
        <description><![CDATA[latitud: -33.4726483<br>longitud: -70.7107239<br>demanda: 309]]></description>
        <styleUrl>#icon-1739-0288D1</styleUrl>
        <ExtendedData>
          <Data name="latitud">
            <value>-33.4726483</value>
          </Data>
          <Data name="longitud">
            <value>-70.7107239</value>
          </Data>
          <Data name="demanda">
            <value>309.0</value>
          </Data>
        </ExtendedData>
        <Point>
          <coordinates>
            -70.7107239,-33.4726483,0
          </coordinates>
        </Point>
      </Placemark>
      <Placemark>
        <name>punto_396</name>
        <description><![CDATA[latitud: -33.4724525<br>longitud: -70.7164219<br>demanda: 176]]></description>
        <styleUrl>#icon-1739-0288D1</styleUrl>
        <ExtendedData>
          <Data name="latitud">
            <value>-33.4724525</value>
          </Data>
          <Data name="longitud">
            <value>-70.7164219</value>
          </Data>
          <Data name="demanda">
            <value>176.0</value>
          </Data>
        </ExtendedData>
        <Point>
          <coordinates>
            -70.7164219,-33.4724525,0
          </coordinates>
        </Point>
      </Placemark>
      <Placemark>
        <name>punto_397</name>
        <description><![CDATA[latitud: -33.4724067<br>longitud: -70.7179986<br>demanda: 73]]></description>
        <styleUrl>#icon-1739-0288D1</styleUrl>
        <ExtendedData>
          <Data name="latitud">
            <value>-33.4724067</value>
          </Data>
          <Data name="longitud">
            <value>-70.7179986</value>
          </Data>
          <Data name="demanda">
            <value>73.0</value>
          </Data>
        </ExtendedData>
        <Point>
          <coordinates>
            -70.7179986,-33.4724067,0
          </coordinates>
        </Point>
      </Placemark>
      <Placemark>
        <name>punto_398</name>
        <description><![CDATA[latitud: -33.4733231<br>longitud: -70.6957819<br>demanda: 399]]></description>
        <styleUrl>#icon-1739-0288D1</styleUrl>
        <ExtendedData>
          <Data name="latitud">
            <value>-33.4733231</value>
          </Data>
          <Data name="longitud">
            <value>-70.6957819</value>
          </Data>
          <Data name="demanda">
            <value>399.0</value>
          </Data>
        </ExtendedData>
        <Point>
          <coordinates>
            -70.6957819,-33.4733231,0
          </coordinates>
        </Point>
      </Placemark>
      <Placemark>
        <name>punto_399</name>
        <description><![CDATA[latitud: -33.4727575<br>longitud: -70.6892103<br>demanda: 253]]></description>
        <styleUrl>#icon-1739-0288D1</styleUrl>
        <ExtendedData>
          <Data name="latitud">
            <value>-33.4727575</value>
          </Data>
          <Data name="longitud">
            <value>-70.6892103</value>
          </Data>
          <Data name="demanda">
            <value>253.0</value>
          </Data>
        </ExtendedData>
        <Point>
          <coordinates>
            -70.6892103,-33.4727575,0
          </coordinates>
        </Point>
      </Placemark>
      <Placemark>
        <name>punto_400</name>
        <description><![CDATA[latitud: -33.4729686<br>longitud: -70.7129933<br>demanda: 514]]></description>
        <styleUrl>#icon-1739-0288D1</styleUrl>
        <ExtendedData>
          <Data name="latitud">
            <value>-33.4729686</value>
          </Data>
          <Data name="longitud">
            <value>-70.7129933</value>
          </Data>
          <Data name="demanda">
            <value>514.0</value>
          </Data>
        </ExtendedData>
        <Point>
          <coordinates>
            -70.7129933,-33.4729686,0
          </coordinates>
        </Point>
      </Placemark>
      <Placemark>
        <name>punto_401</name>
        <description><![CDATA[latitud: -33.4725228<br>longitud: -70.7095047<br>demanda: 265]]></description>
        <styleUrl>#icon-1739-0288D1</styleUrl>
        <ExtendedData>
          <Data name="latitud">
            <value>-33.4725228</value>
          </Data>
          <Data name="longitud">
            <value>-70.7095047</value>
          </Data>
          <Data name="demanda">
            <value>265.0</value>
          </Data>
        </ExtendedData>
        <Point>
          <coordinates>
            -70.7095047,-33.4725228,0
          </coordinates>
        </Point>
      </Placemark>
      <Placemark>
        <name>punto_402</name>
        <description><![CDATA[latitud: -33.472345<br>longitud: -70.7063578<br>demanda: 92]]></description>
        <styleUrl>#icon-1739-0288D1</styleUrl>
        <ExtendedData>
          <Data name="latitud">
            <value>-33.472345</value>
          </Data>
          <Data name="longitud">
            <value>-70.7063578</value>
          </Data>
          <Data name="demanda">
            <value>92.0</value>
          </Data>
        </ExtendedData>
        <Point>
          <coordinates>
            -70.7063578,-33.472345,0
          </coordinates>
        </Point>
      </Placemark>
      <Placemark>
        <name>punto_403</name>
        <description><![CDATA[latitud: -33.4728517<br>longitud: -70.7033033<br>demanda: 183]]></description>
        <styleUrl>#icon-1739-0288D1</styleUrl>
        <ExtendedData>
          <Data name="latitud">
            <value>-33.4728517</value>
          </Data>
          <Data name="longitud">
            <value>-70.7033033</value>
          </Data>
          <Data name="demanda">
            <value>183.0</value>
          </Data>
        </ExtendedData>
        <Point>
          <coordinates>
            -70.7033033,-33.4728517,0
          </coordinates>
        </Point>
      </Placemark>
      <Placemark>
        <name>punto_404</name>
        <description><![CDATA[latitud: -33.4728161<br>longitud: -70.7052456<br>demanda: 363]]></description>
        <styleUrl>#icon-1739-0288D1</styleUrl>
        <ExtendedData>
          <Data name="latitud">
            <value>-33.4728161</value>
          </Data>
          <Data name="longitud">
            <value>-70.7052456</value>
          </Data>
          <Data name="demanda">
            <value>363.0</value>
          </Data>
        </ExtendedData>
        <Point>
          <coordinates>
            -70.7052456,-33.4728161,0
          </coordinates>
        </Point>
      </Placemark>
      <Placemark>
        <name>punto_405</name>
        <description><![CDATA[latitud: -33.4728<br>longitud: -70.7027836<br>demanda: 124]]></description>
        <styleUrl>#icon-1739-0288D1</styleUrl>
        <ExtendedData>
          <Data name="latitud">
            <value>-33.4728</value>
          </Data>
          <Data name="longitud">
            <value>-70.7027836</value>
          </Data>
          <Data name="demanda">
            <value>124.0</value>
          </Data>
        </ExtendedData>
        <Point>
          <coordinates>
            -70.7027836,-33.4728,0
          </coordinates>
        </Point>
      </Placemark>
      <Placemark>
        <name>punto_406</name>
        <description><![CDATA[latitud: -33.4728678<br>longitud: -70.7049217<br>demanda: 434]]></description>
        <styleUrl>#icon-1739-0288D1</styleUrl>
        <ExtendedData>
          <Data name="latitud">
            <value>-33.4728678</value>
          </Data>
          <Data name="longitud">
            <value>-70.7049217</value>
          </Data>
          <Data name="demanda">
            <value>434.0</value>
          </Data>
        </ExtendedData>
        <Point>
          <coordinates>
            -70.7049217,-33.4728678,0
          </coordinates>
        </Point>
      </Placemark>
      <Placemark>
        <name>punto_407</name>
        <description><![CDATA[latitud: -33.4724947<br>longitud: -70.7121844<br>demanda: 110]]></description>
        <styleUrl>#icon-1739-0288D1</styleUrl>
        <ExtendedData>
          <Data name="latitud">
            <value>-33.4724947</value>
          </Data>
          <Data name="longitud">
            <value>-70.7121844</value>
          </Data>
          <Data name="demanda">
            <value>110.0</value>
          </Data>
        </ExtendedData>
        <Point>
          <coordinates>
            -70.7121844,-33.4724947,0
          </coordinates>
        </Point>
      </Placemark>
      <Placemark>
        <name>punto_408</name>
        <description><![CDATA[latitud: -33.4729089<br>longitud: -70.7046753<br>demanda: 188]]></description>
        <styleUrl>#icon-1739-0288D1</styleUrl>
        <ExtendedData>
          <Data name="latitud">
            <value>-33.4729089</value>
          </Data>
          <Data name="longitud">
            <value>-70.7046753</value>
          </Data>
          <Data name="demanda">
            <value>188.0</value>
          </Data>
        </ExtendedData>
        <Point>
          <coordinates>
            -70.7046753,-33.4729089,0
          </coordinates>
        </Point>
      </Placemark>
      <Placemark>
        <name>punto_409</name>
        <description><![CDATA[latitud: -33.4729656<br>longitud: -70.7097558<br>demanda: 225]]></description>
        <styleUrl>#icon-1739-0288D1</styleUrl>
        <ExtendedData>
          <Data name="latitud">
            <value>-33.4729656</value>
          </Data>
          <Data name="longitud">
            <value>-70.7097558</value>
          </Data>
          <Data name="demanda">
            <value>225.0</value>
          </Data>
        </ExtendedData>
        <Point>
          <coordinates>
            -70.7097558,-33.4729656,0
          </coordinates>
        </Point>
      </Placemark>
      <Placemark>
        <name>punto_410</name>
        <description><![CDATA[latitud: -33.4726803<br>longitud: -70.7203428<br>demanda: 270]]></description>
        <styleUrl>#icon-1739-0288D1</styleUrl>
        <ExtendedData>
          <Data name="latitud">
            <value>-33.4726803</value>
          </Data>
          <Data name="longitud">
            <value>-70.7203428</value>
          </Data>
          <Data name="demanda">
            <value>270.0</value>
          </Data>
        </ExtendedData>
        <Point>
          <coordinates>
            -70.7203428,-33.4726803,0
          </coordinates>
        </Point>
      </Placemark>
      <Placemark>
        <name>punto_411</name>
        <description><![CDATA[latitud: -33.4727656<br>longitud: -70.7168069<br>demanda: 117]]></description>
        <styleUrl>#icon-1739-0288D1</styleUrl>
        <ExtendedData>
          <Data name="latitud">
            <value>-33.4727656</value>
          </Data>
          <Data name="longitud">
            <value>-70.7168069</value>
          </Data>
          <Data name="demanda">
            <value>117.0</value>
          </Data>
        </ExtendedData>
        <Point>
          <coordinates>
            -70.7168069,-33.4727656,0
          </coordinates>
        </Point>
      </Placemark>
      <Placemark>
        <name>punto_412</name>
        <description><![CDATA[latitud: -33.4726103<br>longitud: -70.7064156<br>demanda: 94]]></description>
        <styleUrl>#icon-1739-0288D1</styleUrl>
        <ExtendedData>
          <Data name="latitud">
            <value>-33.4726103</value>
          </Data>
          <Data name="longitud">
            <value>-70.7064156</value>
          </Data>
          <Data name="demanda">
            <value>94.0</value>
          </Data>
        </ExtendedData>
        <Point>
          <coordinates>
            -70.7064156,-33.4726103,0
          </coordinates>
        </Point>
      </Placemark>
      <Placemark>
        <name>punto_413</name>
        <description><![CDATA[latitud: -33.4731592<br>longitud: -70.7076253<br>demanda: 201]]></description>
        <styleUrl>#icon-1739-0288D1</styleUrl>
        <ExtendedData>
          <Data name="latitud">
            <value>-33.4731592</value>
          </Data>
          <Data name="longitud">
            <value>-70.7076253</value>
          </Data>
          <Data name="demanda">
            <value>201.0</value>
          </Data>
        </ExtendedData>
        <Point>
          <coordinates>
            -70.7076253,-33.4731592,0
          </coordinates>
        </Point>
      </Placemark>
      <Placemark>
        <name>punto_414</name>
        <description><![CDATA[latitud: -33.4729458<br>longitud: -70.7115836<br>demanda: 288]]></description>
        <styleUrl>#icon-1739-0288D1</styleUrl>
        <ExtendedData>
          <Data name="latitud">
            <value>-33.4729458</value>
          </Data>
          <Data name="longitud">
            <value>-70.7115836</value>
          </Data>
          <Data name="demanda">
            <value>288.0</value>
          </Data>
        </ExtendedData>
        <Point>
          <coordinates>
            -70.7115836,-33.4729458,0
          </coordinates>
        </Point>
      </Placemark>
      <Placemark>
        <name>punto_415</name>
        <description><![CDATA[latitud: -33.4728636<br>longitud: -70.7189636<br>demanda: 173]]></description>
        <styleUrl>#icon-1739-0288D1</styleUrl>
        <ExtendedData>
          <Data name="latitud">
            <value>-33.4728636</value>
          </Data>
          <Data name="longitud">
            <value>-70.7189636</value>
          </Data>
          <Data name="demanda">
            <value>173.0</value>
          </Data>
        </ExtendedData>
        <Point>
          <coordinates>
            -70.7189636,-33.4728636,0
          </coordinates>
        </Point>
      </Placemark>
      <Placemark>
        <name>punto_416</name>
        <description><![CDATA[latitud: -33.4727306<br>longitud: -70.7184197<br>demanda: 99]]></description>
        <styleUrl>#icon-1739-0288D1</styleUrl>
        <ExtendedData>
          <Data name="latitud">
            <value>-33.4727306</value>
          </Data>
          <Data name="longitud">
            <value>-70.7184197</value>
          </Data>
          <Data name="demanda">
            <value>99.0</value>
          </Data>
        </ExtendedData>
        <Point>
          <coordinates>
            -70.7184197,-33.4727306,0
          </coordinates>
        </Point>
      </Placemark>
      <Placemark>
        <name>punto_417</name>
        <description><![CDATA[latitud: -33.4728833<br>longitud: -70.7060028<br>demanda: 153]]></description>
        <styleUrl>#icon-1739-0288D1</styleUrl>
        <ExtendedData>
          <Data name="latitud">
            <value>-33.4728833</value>
          </Data>
          <Data name="longitud">
            <value>-70.7060028</value>
          </Data>
          <Data name="demanda">
            <value>153.0</value>
          </Data>
        </ExtendedData>
        <Point>
          <coordinates>
            -70.7060028,-33.4728833,0
          </coordinates>
        </Point>
      </Placemark>
      <Placemark>
        <name>punto_418</name>
        <description><![CDATA[latitud: -33.4735989<br>longitud: -70.6963653<br>demanda: 377]]></description>
        <styleUrl>#icon-1739-0288D1</styleUrl>
        <ExtendedData>
          <Data name="latitud">
            <value>-33.4735989</value>
          </Data>
          <Data name="longitud">
            <value>-70.6963653</value>
          </Data>
          <Data name="demanda">
            <value>377.0</value>
          </Data>
        </ExtendedData>
        <Point>
          <coordinates>
            -70.6963653,-33.4735989,0
          </coordinates>
        </Point>
      </Placemark>
      <Placemark>
        <name>punto_419</name>
        <description><![CDATA[latitud: -33.4731269<br>longitud: -70.6907758<br>demanda: 218]]></description>
        <styleUrl>#icon-1739-0288D1</styleUrl>
        <ExtendedData>
          <Data name="latitud">
            <value>-33.4731269</value>
          </Data>
          <Data name="longitud">
            <value>-70.6907758</value>
          </Data>
          <Data name="demanda">
            <value>218.0</value>
          </Data>
        </ExtendedData>
        <Point>
          <coordinates>
            -70.6907758,-33.4731269,0
          </coordinates>
        </Point>
      </Placemark>
      <Placemark>
        <name>punto_420</name>
        <description><![CDATA[latitud: -33.4729003<br>longitud: -70.7152797<br>demanda: 160]]></description>
        <styleUrl>#icon-1739-0288D1</styleUrl>
        <ExtendedData>
          <Data name="latitud">
            <value>-33.4729003</value>
          </Data>
          <Data name="longitud">
            <value>-70.7152797</value>
          </Data>
          <Data name="demanda">
            <value>160.0</value>
          </Data>
        </ExtendedData>
        <Point>
          <coordinates>
            -70.7152797,-33.4729003,0
          </coordinates>
        </Point>
      </Placemark>
      <Placemark>
        <name>punto_421</name>
        <description><![CDATA[latitud: -33.4729369<br>longitud: -70.7056653<br>demanda: 129]]></description>
        <styleUrl>#icon-1739-0288D1</styleUrl>
        <ExtendedData>
          <Data name="latitud">
            <value>-33.4729369</value>
          </Data>
          <Data name="longitud">
            <value>-70.7056653</value>
          </Data>
          <Data name="demanda">
            <value>129.0</value>
          </Data>
        </ExtendedData>
        <Point>
          <coordinates>
            -70.7056653,-33.4729369,0
          </coordinates>
        </Point>
      </Placemark>
      <Placemark>
        <name>punto_422</name>
        <description><![CDATA[latitud: -33.4737878<br>longitud: -70.6889492<br>demanda: 146]]></description>
        <styleUrl>#icon-1739-0288D1</styleUrl>
        <ExtendedData>
          <Data name="latitud">
            <value>-33.4737878</value>
          </Data>
          <Data name="longitud">
            <value>-70.6889492</value>
          </Data>
          <Data name="demanda">
            <value>146.0</value>
          </Data>
        </ExtendedData>
        <Point>
          <coordinates>
            -70.6889492,-33.4737878,0
          </coordinates>
        </Point>
      </Placemark>
      <Placemark>
        <name>punto_423</name>
        <description><![CDATA[latitud: -33.4730456<br>longitud: -70.7171833<br>demanda: 164]]></description>
        <styleUrl>#icon-1739-0288D1</styleUrl>
        <ExtendedData>
          <Data name="latitud">
            <value>-33.4730456</value>
          </Data>
          <Data name="longitud">
            <value>-70.7171833</value>
          </Data>
          <Data name="demanda">
            <value>164.0</value>
          </Data>
        </ExtendedData>
        <Point>
          <coordinates>
            -70.7171833,-33.4730456,0
          </coordinates>
        </Point>
      </Placemark>
      <Placemark>
        <name>punto_424</name>
        <description><![CDATA[latitud: -33.4728756<br>longitud: -70.7122731<br>demanda: 105]]></description>
        <styleUrl>#icon-1739-0288D1</styleUrl>
        <ExtendedData>
          <Data name="latitud">
            <value>-33.4728756</value>
          </Data>
          <Data name="longitud">
            <value>-70.7122731</value>
          </Data>
          <Data name="demanda">
            <value>105.0</value>
          </Data>
        </ExtendedData>
        <Point>
          <coordinates>
            -70.7122731,-33.4728756,0
          </coordinates>
        </Point>
      </Placemark>
      <Placemark>
        <name>punto_425</name>
        <description><![CDATA[latitud: -33.4729606<br>longitud: -70.7064897<br>demanda: 153]]></description>
        <styleUrl>#icon-1739-0288D1</styleUrl>
        <ExtendedData>
          <Data name="latitud">
            <value>-33.4729606</value>
          </Data>
          <Data name="longitud">
            <value>-70.7064897</value>
          </Data>
          <Data name="demanda">
            <value>153.0</value>
          </Data>
        </ExtendedData>
        <Point>
          <coordinates>
            -70.7064897,-33.4729606,0
          </coordinates>
        </Point>
      </Placemark>
      <Placemark>
        <name>punto_426</name>
        <description><![CDATA[latitud: -33.4732994<br>longitud: -70.6891819<br>demanda: 126]]></description>
        <styleUrl>#icon-1739-0288D1</styleUrl>
        <ExtendedData>
          <Data name="latitud">
            <value>-33.4732994</value>
          </Data>
          <Data name="longitud">
            <value>-70.6891819</value>
          </Data>
          <Data name="demanda">
            <value>126.0</value>
          </Data>
        </ExtendedData>
        <Point>
          <coordinates>
            -70.6891819,-33.4732994,0
          </coordinates>
        </Point>
      </Placemark>
      <Placemark>
        <name>punto_427</name>
        <description><![CDATA[latitud: -33.4734144<br>longitud: -70.7201561<br>demanda: 466]]></description>
        <styleUrl>#icon-1739-0288D1</styleUrl>
        <ExtendedData>
          <Data name="latitud">
            <value>-33.4734144</value>
          </Data>
          <Data name="longitud">
            <value>-70.7201561</value>
          </Data>
          <Data name="demanda">
            <value>466.0</value>
          </Data>
        </ExtendedData>
        <Point>
          <coordinates>
            -70.7201561,-33.4734144,0
          </coordinates>
        </Point>
      </Placemark>
      <Placemark>
        <name>punto_428</name>
        <description><![CDATA[latitud: -33.47326<br>longitud: -70.7155383<br>demanda: 171]]></description>
        <styleUrl>#icon-1739-0288D1</styleUrl>
        <ExtendedData>
          <Data name="latitud">
            <value>-33.47326</value>
          </Data>
          <Data name="longitud">
            <value>-70.7155383</value>
          </Data>
          <Data name="demanda">
            <value>171.0</value>
          </Data>
        </ExtendedData>
        <Point>
          <coordinates>
            -70.7155383,-33.47326,0
          </coordinates>
        </Point>
      </Placemark>
      <Placemark>
        <name>punto_429</name>
        <description><![CDATA[latitud: -33.4738156<br>longitud: -70.7083894<br>demanda: 276]]></description>
        <styleUrl>#icon-1739-0288D1</styleUrl>
        <ExtendedData>
          <Data name="latitud">
            <value>-33.4738156</value>
          </Data>
          <Data name="longitud">
            <value>-70.7083894</value>
          </Data>
          <Data name="demanda">
            <value>276.0</value>
          </Data>
        </ExtendedData>
        <Point>
          <coordinates>
            -70.7083894,-33.4738156,0
          </coordinates>
        </Point>
      </Placemark>
      <Placemark>
        <name>punto_430</name>
        <description><![CDATA[latitud: -33.4734836<br>longitud: -70.6896292<br>demanda: 92]]></description>
        <styleUrl>#icon-1739-0288D1</styleUrl>
        <ExtendedData>
          <Data name="latitud">
            <value>-33.4734836</value>
          </Data>
          <Data name="longitud">
            <value>-70.6896292</value>
          </Data>
          <Data name="demanda">
            <value>92.0</value>
          </Data>
        </ExtendedData>
        <Point>
          <coordinates>
            -70.6896292,-33.4734836,0
          </coordinates>
        </Point>
      </Placemark>
      <Placemark>
        <name>punto_431</name>
        <description><![CDATA[latitud: -33.4734681<br>longitud: -70.6921917<br>demanda: 208]]></description>
        <styleUrl>#icon-1739-0288D1</styleUrl>
        <ExtendedData>
          <Data name="latitud">
            <value>-33.4734681</value>
          </Data>
          <Data name="longitud">
            <value>-70.6921917</value>
          </Data>
          <Data name="demanda">
            <value>208.0</value>
          </Data>
        </ExtendedData>
        <Point>
          <coordinates>
            -70.6921917,-33.4734681,0
          </coordinates>
        </Point>
      </Placemark>
      <Placemark>
        <name>punto_432</name>
        <description><![CDATA[latitud: -33.473415<br>longitud: -70.7143908<br>demanda: 145]]></description>
        <styleUrl>#icon-1739-0288D1</styleUrl>
        <ExtendedData>
          <Data name="latitud">
            <value>-33.473415</value>
          </Data>
          <Data name="longitud">
            <value>-70.7143908</value>
          </Data>
          <Data name="demanda">
            <value>145.0</value>
          </Data>
        </ExtendedData>
        <Point>
          <coordinates>
            -70.7143908,-33.473415,0
          </coordinates>
        </Point>
      </Placemark>
      <Placemark>
        <name>punto_433</name>
        <description><![CDATA[latitud: -33.4739167<br>longitud: -70.6968936<br>demanda: 394]]></description>
        <styleUrl>#icon-1739-0288D1</styleUrl>
        <ExtendedData>
          <Data name="latitud">
            <value>-33.4739167</value>
          </Data>
          <Data name="longitud">
            <value>-70.6968936</value>
          </Data>
          <Data name="demanda">
            <value>394.0</value>
          </Data>
        </ExtendedData>
        <Point>
          <coordinates>
            -70.6968936,-33.4739167,0
          </coordinates>
        </Point>
      </Placemark>
      <Placemark>
        <name>punto_434</name>
        <description><![CDATA[latitud: -33.4735858<br>longitud: -70.6900872<br>demanda: 112]]></description>
        <styleUrl>#icon-1739-0288D1</styleUrl>
        <ExtendedData>
          <Data name="latitud">
            <value>-33.4735858</value>
          </Data>
          <Data name="longitud">
            <value>-70.6900872</value>
          </Data>
          <Data name="demanda">
            <value>112.0</value>
          </Data>
        </ExtendedData>
        <Point>
          <coordinates>
            -70.6900872,-33.4735858,0
          </coordinates>
        </Point>
      </Placemark>
      <Placemark>
        <name>punto_435</name>
        <description><![CDATA[latitud: -33.4732594<br>longitud: -70.7123683<br>demanda: 103]]></description>
        <styleUrl>#icon-1739-0288D1</styleUrl>
        <ExtendedData>
          <Data name="latitud">
            <value>-33.4732594</value>
          </Data>
          <Data name="longitud">
            <value>-70.7123683</value>
          </Data>
          <Data name="demanda">
            <value>103.0</value>
          </Data>
        </ExtendedData>
        <Point>
          <coordinates>
            -70.7123683,-33.4732594,0
          </coordinates>
        </Point>
      </Placemark>
      <Placemark>
        <name>punto_436</name>
        <description><![CDATA[latitud: -33.4734319<br>longitud: -70.717675<br>demanda: 126]]></description>
        <styleUrl>#icon-1739-0288D1</styleUrl>
        <ExtendedData>
          <Data name="latitud">
            <value>-33.4734319</value>
          </Data>
          <Data name="longitud">
            <value>-70.717675</value>
          </Data>
          <Data name="demanda">
            <value>126.0</value>
          </Data>
        </ExtendedData>
        <Point>
          <coordinates>
            -70.717675,-33.4734319,0
          </coordinates>
        </Point>
      </Placemark>
      <Placemark>
        <name>punto_437</name>
        <description><![CDATA[latitud: -33.4737717<br>longitud: -70.706575<br>demanda: 283]]></description>
        <styleUrl>#icon-1739-0288D1</styleUrl>
        <ExtendedData>
          <Data name="latitud">
            <value>-33.4737717</value>
          </Data>
          <Data name="longitud">
            <value>-70.706575</value>
          </Data>
          <Data name="demanda">
            <value>283.0</value>
          </Data>
        </ExtendedData>
        <Point>
          <coordinates>
            -70.706575,-33.4737717,0
          </coordinates>
        </Point>
      </Placemark>
      <Placemark>
        <name>punto_438</name>
        <description><![CDATA[latitud: -33.4735203<br>longitud: -70.7159983<br>demanda: 157]]></description>
        <styleUrl>#icon-1739-0288D1</styleUrl>
        <ExtendedData>
          <Data name="latitud">
            <value>-33.4735203</value>
          </Data>
          <Data name="longitud">
            <value>-70.7159983</value>
          </Data>
          <Data name="demanda">
            <value>157.0</value>
          </Data>
        </ExtendedData>
        <Point>
          <coordinates>
            -70.7159983,-33.4735203,0
          </coordinates>
        </Point>
      </Placemark>
      <Placemark>
        <name>punto_439</name>
        <description><![CDATA[latitud: -33.4736989<br>longitud: -70.6905461<br>demanda: 99]]></description>
        <styleUrl>#icon-1739-0288D1</styleUrl>
        <ExtendedData>
          <Data name="latitud">
            <value>-33.4736989</value>
          </Data>
          <Data name="longitud">
            <value>-70.6905461</value>
          </Data>
          <Data name="demanda">
            <value>99.0</value>
          </Data>
        </ExtendedData>
        <Point>
          <coordinates>
            -70.6905461,-33.4736989,0
          </coordinates>
        </Point>
      </Placemark>
      <Placemark>
        <name>punto_440</name>
        <description><![CDATA[latitud: -33.473835<br>longitud: -70.7091533<br>demanda: 244]]></description>
        <styleUrl>#icon-1739-0288D1</styleUrl>
        <ExtendedData>
          <Data name="latitud">
            <value>-33.473835</value>
          </Data>
          <Data name="longitud">
            <value>-70.7091533</value>
          </Data>
          <Data name="demanda">
            <value>244.0</value>
          </Data>
        </ExtendedData>
        <Point>
          <coordinates>
            -70.7091533,-33.473835,0
          </coordinates>
        </Point>
      </Placemark>
      <Placemark>
        <name>punto_441</name>
        <description><![CDATA[latitud: -33.4738436<br>longitud: -70.6935833<br>demanda: 366]]></description>
        <styleUrl>#icon-1739-0288D1</styleUrl>
        <ExtendedData>
          <Data name="latitud">
            <value>-33.4738436</value>
          </Data>
          <Data name="longitud">
            <value>-70.6935833</value>
          </Data>
          <Data name="demanda">
            <value>366.0</value>
          </Data>
        </ExtendedData>
        <Point>
          <coordinates>
            -70.6935833,-33.4738436,0
          </coordinates>
        </Point>
      </Placemark>
      <Placemark>
        <name>punto_442</name>
        <description><![CDATA[latitud: -33.4738<br>longitud: -70.6909992<br>demanda: 80]]></description>
        <styleUrl>#icon-1739-0288D1</styleUrl>
        <ExtendedData>
          <Data name="latitud">
            <value>-33.4738</value>
          </Data>
          <Data name="longitud">
            <value>-70.6909992</value>
          </Data>
          <Data name="demanda">
            <value>80.0</value>
          </Data>
        </ExtendedData>
        <Point>
          <coordinates>
            -70.6909992,-33.4738,0
          </coordinates>
        </Point>
      </Placemark>
      <Placemark>
        <name>punto_443</name>
        <description><![CDATA[latitud: -33.4740222<br>longitud: -70.7021914<br>demanda: 225]]></description>
        <styleUrl>#icon-1739-0288D1</styleUrl>
        <ExtendedData>
          <Data name="latitud">
            <value>-33.4740222</value>
          </Data>
          <Data name="longitud">
            <value>-70.7021914</value>
          </Data>
          <Data name="demanda">
            <value>225.0</value>
          </Data>
        </ExtendedData>
        <Point>
          <coordinates>
            -70.7021914,-33.4740222,0
          </coordinates>
        </Point>
      </Placemark>
      <Placemark>
        <name>punto_444</name>
        <description><![CDATA[latitud: -33.4736636<br>longitud: -70.7033481<br>demanda: 225]]></description>
        <styleUrl>#icon-1739-0288D1</styleUrl>
        <ExtendedData>
          <Data name="latitud">
            <value>-33.4736636</value>
          </Data>
          <Data name="longitud">
            <value>-70.7033481</value>
          </Data>
          <Data name="demanda">
            <value>225.0</value>
          </Data>
        </ExtendedData>
        <Point>
          <coordinates>
            -70.7033481,-33.4736636,0
          </coordinates>
        </Point>
      </Placemark>
      <Placemark>
        <name>punto_445</name>
        <description><![CDATA[latitud: -33.4739797<br>longitud: -70.7009089<br>demanda: 68]]></description>
        <styleUrl>#icon-1739-0288D1</styleUrl>
        <ExtendedData>
          <Data name="latitud">
            <value>-33.4739797</value>
          </Data>
          <Data name="longitud">
            <value>-70.7009089</value>
          </Data>
          <Data name="demanda">
            <value>68.0</value>
          </Data>
        </ExtendedData>
        <Point>
          <coordinates>
            -70.7009089,-33.4739797,0
          </coordinates>
        </Point>
      </Placemark>
      <Placemark>
        <name>punto_446</name>
        <description><![CDATA[latitud: -33.4764744<br>longitud: -70.7013336<br>demanda: 96]]></description>
        <styleUrl>#icon-1739-0288D1</styleUrl>
        <ExtendedData>
          <Data name="latitud">
            <value>-33.4764744</value>
          </Data>
          <Data name="longitud">
            <value>-70.7013336</value>
          </Data>
          <Data name="demanda">
            <value>96.0</value>
          </Data>
        </ExtendedData>
        <Point>
          <coordinates>
            -70.7013336,-33.4764744,0
          </coordinates>
        </Point>
      </Placemark>
      <Placemark>
        <name>punto_447</name>
        <description><![CDATA[latitud: -33.4739881<br>longitud: -70.7052717<br>demanda: 0]]></description>
        <styleUrl>#icon-1739-0288D1</styleUrl>
        <ExtendedData>
          <Data name="latitud">
            <value>-33.4739881</value>
          </Data>
          <Data name="longitud">
            <value>-70.7052717</value>
          </Data>
          <Data name="demanda">
            <value>0.0</value>
          </Data>
        </ExtendedData>
        <Point>
          <coordinates>
            -70.7052717,-33.4739881,0
          </coordinates>
        </Point>
      </Placemark>
      <Placemark>
        <name>punto_448</name>
        <description><![CDATA[latitud: -33.4737189<br>longitud: -70.7180464<br>demanda: 152]]></description>
        <styleUrl>#icon-1739-0288D1</styleUrl>
        <ExtendedData>
          <Data name="latitud">
            <value>-33.4737189</value>
          </Data>
          <Data name="longitud">
            <value>-70.7180464</value>
          </Data>
          <Data name="demanda">
            <value>152.0</value>
          </Data>
        </ExtendedData>
        <Point>
          <coordinates>
            -70.7180464,-33.4737189,0
          </coordinates>
        </Point>
      </Placemark>
      <Placemark>
        <name>punto_449</name>
        <description><![CDATA[latitud: -33.4739047<br>longitud: -70.6914406<br>demanda: 145]]></description>
        <styleUrl>#icon-1739-0288D1</styleUrl>
        <ExtendedData>
          <Data name="latitud">
            <value>-33.4739047</value>
          </Data>
          <Data name="longitud">
            <value>-70.6914406</value>
          </Data>
          <Data name="demanda">
            <value>145.0</value>
          </Data>
        </ExtendedData>
        <Point>
          <coordinates>
            -70.6914406,-33.4739047,0
          </coordinates>
        </Point>
      </Placemark>
      <Placemark>
        <name>punto_450</name>
        <description><![CDATA[latitud: -33.4746303<br>longitud: -70.6974294<br>demanda: 337]]></description>
        <styleUrl>#icon-1739-0288D1</styleUrl>
        <ExtendedData>
          <Data name="latitud">
            <value>-33.4746303</value>
          </Data>
          <Data name="longitud">
            <value>-70.6974294</value>
          </Data>
          <Data name="demanda">
            <value>337.0</value>
          </Data>
        </ExtendedData>
        <Point>
          <coordinates>
            -70.6974294,-33.4746303,0
          </coordinates>
        </Point>
      </Placemark>
      <Placemark>
        <name>punto_451</name>
        <description><![CDATA[latitud: -33.4737961<br>longitud: -70.7163681<br>demanda: 153]]></description>
        <styleUrl>#icon-1739-0288D1</styleUrl>
        <ExtendedData>
          <Data name="latitud">
            <value>-33.4737961</value>
          </Data>
          <Data name="longitud">
            <value>-70.7163681</value>
          </Data>
          <Data name="demanda">
            <value>153.0</value>
          </Data>
        </ExtendedData>
        <Point>
          <coordinates>
            -70.7163681,-33.4737961,0
          </coordinates>
        </Point>
      </Placemark>
      <Placemark>
        <name>punto_452</name>
        <description><![CDATA[latitud: -33.4740072<br>longitud: -70.6918867<br>demanda: 110]]></description>
        <styleUrl>#icon-1739-0288D1</styleUrl>
        <ExtendedData>
          <Data name="latitud">
            <value>-33.4740072</value>
          </Data>
          <Data name="longitud">
            <value>-70.6918867</value>
          </Data>
          <Data name="demanda">
            <value>110.0</value>
          </Data>
        </ExtendedData>
        <Point>
          <coordinates>
            -70.6918867,-33.4740072,0
          </coordinates>
        </Point>
      </Placemark>
      <Placemark>
        <name>punto_453</name>
        <description><![CDATA[latitud: -33.4736506<br>longitud: -70.7124578<br>demanda: 171]]></description>
        <styleUrl>#icon-1739-0288D1</styleUrl>
        <ExtendedData>
          <Data name="latitud">
            <value>-33.4736506</value>
          </Data>
          <Data name="longitud">
            <value>-70.7124578</value>
          </Data>
          <Data name="demanda">
            <value>171.0</value>
          </Data>
        </ExtendedData>
        <Point>
          <coordinates>
            -70.7124578,-33.4736506,0
          </coordinates>
        </Point>
      </Placemark>
      <Placemark>
        <name>punto_454</name>
        <description><![CDATA[latitud: -33.4738289<br>longitud: -70.7044764<br>demanda: 188]]></description>
        <styleUrl>#icon-1739-0288D1</styleUrl>
        <ExtendedData>
          <Data name="latitud">
            <value>-33.4738289</value>
          </Data>
          <Data name="longitud">
            <value>-70.7044764</value>
          </Data>
          <Data name="demanda">
            <value>188.0</value>
          </Data>
        </ExtendedData>
        <Point>
          <coordinates>
            -70.7044764,-33.4738289,0
          </coordinates>
        </Point>
      </Placemark>
      <Placemark>
        <name>punto_455</name>
        <description><![CDATA[latitud: -33.4740814<br>longitud: -70.7072989<br>demanda: 296]]></description>
        <styleUrl>#icon-1739-0288D1</styleUrl>
        <ExtendedData>
          <Data name="latitud">
            <value>-33.4740814</value>
          </Data>
          <Data name="longitud">
            <value>-70.7072989</value>
          </Data>
          <Data name="demanda">
            <value>296.0</value>
          </Data>
        </ExtendedData>
        <Point>
          <coordinates>
            -70.7072989,-33.4740814,0
          </coordinates>
        </Point>
      </Placemark>
      <Placemark>
        <name>punto_456</name>
        <description><![CDATA[latitud: -33.4739289<br>longitud: -70.7117019<br>demanda: 307]]></description>
        <styleUrl>#icon-1739-0288D1</styleUrl>
        <ExtendedData>
          <Data name="latitud">
            <value>-33.4739289</value>
          </Data>
          <Data name="longitud">
            <value>-70.7117019</value>
          </Data>
          <Data name="demanda">
            <value>307.0</value>
          </Data>
        </ExtendedData>
        <Point>
          <coordinates>
            -70.7117019,-33.4739289,0
          </coordinates>
        </Point>
      </Placemark>
      <Placemark>
        <name>punto_457</name>
        <description><![CDATA[latitud: -33.4742167<br>longitud: -70.6896611<br>demanda: 30]]></description>
        <styleUrl>#icon-1739-0288D1</styleUrl>
        <ExtendedData>
          <Data name="latitud">
            <value>-33.4742167</value>
          </Data>
          <Data name="longitud">
            <value>-70.6896611</value>
          </Data>
          <Data name="demanda">
            <value>30.0</value>
          </Data>
        </ExtendedData>
        <Point>
          <coordinates>
            -70.6896611,-33.4742167,0
          </coordinates>
        </Point>
      </Placemark>
      <Placemark>
        <name>punto_458</name>
        <description><![CDATA[latitud: -33.4741639<br>longitud: -70.6924153<br>demanda: 105]]></description>
        <styleUrl>#icon-1739-0288D1</styleUrl>
        <ExtendedData>
          <Data name="latitud">
            <value>-33.4741639</value>
          </Data>
          <Data name="longitud">
            <value>-70.6924153</value>
          </Data>
          <Data name="demanda">
            <value>105.0</value>
          </Data>
        </ExtendedData>
        <Point>
          <coordinates>
            -70.6924153,-33.4741639,0
          </coordinates>
        </Point>
      </Placemark>
      <Placemark>
        <name>punto_459</name>
        <description><![CDATA[latitud: -33.4745197<br>longitud: -70.7096797<br>demanda: 227]]></description>
        <styleUrl>#icon-1739-0288D1</styleUrl>
        <ExtendedData>
          <Data name="latitud">
            <value>-33.4745197</value>
          </Data>
          <Data name="longitud">
            <value>-70.7096797</value>
          </Data>
          <Data name="demanda">
            <value>227.0</value>
          </Data>
        </ExtendedData>
        <Point>
          <coordinates>
            -70.7096797,-33.4745197,0
          </coordinates>
        </Point>
      </Placemark>
      <Placemark>
        <name>punto_460</name>
        <description><![CDATA[latitud: -33.4739561<br>longitud: -70.7131556<br>demanda: 286]]></description>
        <styleUrl>#icon-1739-0288D1</styleUrl>
        <ExtendedData>
          <Data name="latitud">
            <value>-33.4739561</value>
          </Data>
          <Data name="longitud">
            <value>-70.7131556</value>
          </Data>
          <Data name="demanda">
            <value>286.0</value>
          </Data>
        </ExtendedData>
        <Point>
          <coordinates>
            -70.7131556,-33.4739561,0
          </coordinates>
        </Point>
      </Placemark>
      <Placemark>
        <name>punto_461</name>
        <description><![CDATA[latitud: -33.4739642<br>longitud: -70.7189289<br>demanda: 155]]></description>
        <styleUrl>#icon-1739-0288D1</styleUrl>
        <ExtendedData>
          <Data name="latitud">
            <value>-33.4739642</value>
          </Data>
          <Data name="longitud">
            <value>-70.7189289</value>
          </Data>
          <Data name="demanda">
            <value>155.0</value>
          </Data>
        </ExtendedData>
        <Point>
          <coordinates>
            -70.7189289,-33.4739642,0
          </coordinates>
        </Point>
      </Placemark>
      <Placemark>
        <name>punto_462</name>
        <description><![CDATA[latitud: -33.4741569<br>longitud: -70.6984933<br>demanda: 96]]></description>
        <styleUrl>#icon-1739-0288D1</styleUrl>
        <ExtendedData>
          <Data name="latitud">
            <value>-33.4741569</value>
          </Data>
          <Data name="longitud">
            <value>-70.6984933</value>
          </Data>
          <Data name="demanda">
            <value>96.0</value>
          </Data>
        </ExtendedData>
        <Point>
          <coordinates>
            -70.6984933,-33.4741569,0
          </coordinates>
        </Point>
      </Placemark>
      <Placemark>
        <name>punto_463</name>
        <description><![CDATA[latitud: -33.4742733<br>longitud: -70.6930733<br>demanda: 105]]></description>
        <styleUrl>#icon-1739-0288D1</styleUrl>
        <ExtendedData>
          <Data name="latitud">
            <value>-33.4742733</value>
          </Data>
          <Data name="longitud">
            <value>-70.6930733</value>
          </Data>
          <Data name="demanda">
            <value>105.0</value>
          </Data>
        </ExtendedData>
        <Point>
          <coordinates>
            -70.6930733,-33.4742733,0
          </coordinates>
        </Point>
      </Placemark>
      <Placemark>
        <name>punto_464</name>
        <description><![CDATA[latitud: -33.4742469<br>longitud: -70.7111678<br>demanda: 295]]></description>
        <styleUrl>#icon-1739-0288D1</styleUrl>
        <ExtendedData>
          <Data name="latitud">
            <value>-33.4742469</value>
          </Data>
          <Data name="longitud">
            <value>-70.7111678</value>
          </Data>
          <Data name="demanda">
            <value>295.0</value>
          </Data>
        </ExtendedData>
        <Point>
          <coordinates>
            -70.7111678,-33.4742469,0
          </coordinates>
        </Point>
      </Placemark>
      <Placemark>
        <name>punto_465</name>
        <description><![CDATA[latitud: -33.4742725<br>longitud: -70.6951386<br>demanda: 227]]></description>
        <styleUrl>#icon-1739-0288D1</styleUrl>
        <ExtendedData>
          <Data name="latitud">
            <value>-33.4742725</value>
          </Data>
          <Data name="longitud">
            <value>-70.6951386</value>
          </Data>
          <Data name="demanda">
            <value>227.0</value>
          </Data>
        </ExtendedData>
        <Point>
          <coordinates>
            -70.6951386,-33.4742725,0
          </coordinates>
        </Point>
      </Placemark>
      <Placemark>
        <name>punto_466</name>
        <description><![CDATA[latitud: -33.4744683<br>longitud: -70.6901475<br>demanda: 131]]></description>
        <styleUrl>#icon-1739-0288D1</styleUrl>
        <ExtendedData>
          <Data name="latitud">
            <value>-33.4744683</value>
          </Data>
          <Data name="longitud">
            <value>-70.6901475</value>
          </Data>
          <Data name="demanda">
            <value>131.0</value>
          </Data>
        </ExtendedData>
        <Point>
          <coordinates>
            -70.6901475,-33.4744683,0
          </coordinates>
        </Point>
      </Placemark>
      <Placemark>
        <name>punto_467</name>
        <description><![CDATA[latitud: -33.4744217<br>longitud: -70.7032322<br>demanda: 239]]></description>
        <styleUrl>#icon-1739-0288D1</styleUrl>
        <ExtendedData>
          <Data name="latitud">
            <value>-33.4744217</value>
          </Data>
          <Data name="longitud">
            <value>-70.7032322</value>
          </Data>
          <Data name="demanda">
            <value>239.0</value>
          </Data>
        </ExtendedData>
        <Point>
          <coordinates>
            -70.7032322,-33.4744217,0
          </coordinates>
        </Point>
      </Placemark>
      <Placemark>
        <name>punto_468</name>
        <description><![CDATA[latitud: -33.4741847<br>longitud: -70.7168608<br>demanda: 133]]></description>
        <styleUrl>#icon-1739-0288D1</styleUrl>
        <ExtendedData>
          <Data name="latitud">
            <value>-33.4741847</value>
          </Data>
          <Data name="longitud">
            <value>-70.7168608</value>
          </Data>
          <Data name="demanda">
            <value>133.0</value>
          </Data>
        </ExtendedData>
        <Point>
          <coordinates>
            -70.7168608,-33.4741847,0
          </coordinates>
        </Point>
      </Placemark>
      <Placemark>
        <name>punto_469</name>
        <description><![CDATA[latitud: -33.4746106<br>longitud: -70.6905558<br>demanda: 169]]></description>
        <styleUrl>#icon-1739-0288D1</styleUrl>
        <ExtendedData>
          <Data name="latitud">
            <value>-33.4746106</value>
          </Data>
          <Data name="longitud">
            <value>-70.6905558</value>
          </Data>
          <Data name="demanda">
            <value>169.0</value>
          </Data>
        </ExtendedData>
        <Point>
          <coordinates>
            -70.6905558,-33.4746106,0
          </coordinates>
        </Point>
      </Placemark>
      <Placemark>
        <name>punto_470</name>
        <description><![CDATA[latitud: -33.4744747<br>longitud: -70.6935358<br>demanda: 94]]></description>
        <styleUrl>#icon-1739-0288D1</styleUrl>
        <ExtendedData>
          <Data name="latitud">
            <value>-33.4744747</value>
          </Data>
          <Data name="longitud">
            <value>-70.6935358</value>
          </Data>
          <Data name="demanda">
            <value>94.0</value>
          </Data>
        </ExtendedData>
        <Point>
          <coordinates>
            -70.6935358,-33.4744747,0
          </coordinates>
        </Point>
      </Placemark>
      <Placemark>
        <name>punto_471</name>
        <description><![CDATA[latitud: -33.4744986<br>longitud: -70.7087403<br>demanda: 134]]></description>
        <styleUrl>#icon-1739-0288D1</styleUrl>
        <ExtendedData>
          <Data name="latitud">
            <value>-33.4744986</value>
          </Data>
          <Data name="longitud">
            <value>-70.7087403</value>
          </Data>
          <Data name="demanda">
            <value>134.0</value>
          </Data>
        </ExtendedData>
        <Point>
          <coordinates>
            -70.7087403,-33.4744986,0
          </coordinates>
        </Point>
      </Placemark>
      <Placemark>
        <name>punto_472</name>
        <description><![CDATA[latitud: -33.4752972<br>longitud: -70.6884283<br>demanda: 712]]></description>
        <styleUrl>#icon-1739-0288D1</styleUrl>
        <ExtendedData>
          <Data name="latitud">
            <value>-33.4752972</value>
          </Data>
          <Data name="longitud">
            <value>-70.6884283</value>
          </Data>
          <Data name="demanda">
            <value>712.0</value>
          </Data>
        </ExtendedData>
        <Point>
          <coordinates>
            -70.6884283,-33.4752972,0
          </coordinates>
        </Point>
      </Placemark>
      <Placemark>
        <name>punto_473</name>
        <description><![CDATA[latitud: -33.4745706<br>longitud: -70.6910997<br>demanda: 129]]></description>
        <styleUrl>#icon-1739-0288D1</styleUrl>
        <ExtendedData>
          <Data name="latitud">
            <value>-33.4745706</value>
          </Data>
          <Data name="longitud">
            <value>-70.6910997</value>
          </Data>
          <Data name="demanda">
            <value>129.0</value>
          </Data>
        </ExtendedData>
        <Point>
          <coordinates>
            -70.6910997,-33.4745706,0
          </coordinates>
        </Point>
      </Placemark>
      <Placemark>
        <name>punto_474</name>
        <description><![CDATA[latitud: -33.4742822<br>longitud: -70.7185967<br>demanda: 138]]></description>
        <styleUrl>#icon-1739-0288D1</styleUrl>
        <ExtendedData>
          <Data name="latitud">
            <value>-33.4742822</value>
          </Data>
          <Data name="longitud">
            <value>-70.7185967</value>
          </Data>
          <Data name="demanda">
            <value>138.0</value>
          </Data>
        </ExtendedData>
        <Point>
          <coordinates>
            -70.7185967,-33.4742822,0
          </coordinates>
        </Point>
      </Placemark>
      <Placemark>
        <name>punto_475</name>
        <description><![CDATA[latitud: -33.4744853<br>longitud: -70.6988592<br>demanda: 103]]></description>
        <styleUrl>#icon-1739-0288D1</styleUrl>
        <ExtendedData>
          <Data name="latitud">
            <value>-33.4744853</value>
          </Data>
          <Data name="longitud">
            <value>-70.6988592</value>
          </Data>
          <Data name="demanda">
            <value>103.0</value>
          </Data>
        </ExtendedData>
        <Point>
          <coordinates>
            -70.6988592,-33.4744853,0
          </coordinates>
        </Point>
      </Placemark>
      <Placemark>
        <name>punto_476</name>
        <description><![CDATA[latitud: -33.4746286<br>longitud: -70.6939464<br>demanda: 98]]></description>
        <styleUrl>#icon-1739-0288D1</styleUrl>
        <ExtendedData>
          <Data name="latitud">
            <value>-33.4746286</value>
          </Data>
          <Data name="longitud">
            <value>-70.6939464</value>
          </Data>
          <Data name="demanda">
            <value>98.0</value>
          </Data>
        </ExtendedData>
        <Point>
          <coordinates>
            -70.6939464,-33.4746286,0
          </coordinates>
        </Point>
      </Placemark>
      <Placemark>
        <name>punto_477</name>
        <description><![CDATA[latitud: -33.4746161<br>longitud: -70.71466<br>demanda: 187]]></description>
        <styleUrl>#icon-1739-0288D1</styleUrl>
        <ExtendedData>
          <Data name="latitud">
            <value>-33.4746161</value>
          </Data>
          <Data name="longitud">
            <value>-70.71466</value>
          </Data>
          <Data name="demanda">
            <value>187.0</value>
          </Data>
        </ExtendedData>
        <Point>
          <coordinates>
            -70.71466,-33.4746161,0
          </coordinates>
        </Point>
      </Placemark>
      <Placemark>
        <name>punto_478</name>
        <description><![CDATA[latitud: -33.4746878<br>longitud: -70.7044997<br>demanda: 258]]></description>
        <styleUrl>#icon-1739-0288D1</styleUrl>
        <ExtendedData>
          <Data name="latitud">
            <value>-33.4746878</value>
          </Data>
          <Data name="longitud">
            <value>-70.7044997</value>
          </Data>
          <Data name="demanda">
            <value>258.0</value>
          </Data>
        </ExtendedData>
        <Point>
          <coordinates>
            -70.7044997,-33.4746878,0
          </coordinates>
        </Point>
      </Placemark>
      <Placemark>
        <name>punto_479</name>
        <description><![CDATA[latitud: -33.4747181<br>longitud: -70.6915183<br>demanda: 169]]></description>
        <styleUrl>#icon-1739-0288D1</styleUrl>
        <ExtendedData>
          <Data name="latitud">
            <value>-33.4747181</value>
          </Data>
          <Data name="longitud">
            <value>-70.6915183</value>
          </Data>
          <Data name="demanda">
            <value>169.0</value>
          </Data>
        </ExtendedData>
        <Point>
          <coordinates>
            -70.6915183,-33.4747181,0
          </coordinates>
        </Point>
      </Placemark>
      <Placemark>
        <name>punto_480</name>
        <description><![CDATA[latitud: -33.4744725<br>longitud: -70.7172328<br>demanda: 180]]></description>
        <styleUrl>#icon-1739-0288D1</styleUrl>
        <ExtendedData>
          <Data name="latitud">
            <value>-33.4744725</value>
          </Data>
          <Data name="longitud">
            <value>-70.7172328</value>
          </Data>
          <Data name="demanda">
            <value>180.0</value>
          </Data>
        </ExtendedData>
        <Point>
          <coordinates>
            -70.7172328,-33.4744725,0
          </coordinates>
        </Point>
      </Placemark>
      <Placemark>
        <name>punto_481</name>
        <description><![CDATA[latitud: -33.4747194<br>longitud: -70.6992692<br>demanda: 129]]></description>
        <styleUrl>#icon-1739-0288D1</styleUrl>
        <ExtendedData>
          <Data name="latitud">
            <value>-33.4747194</value>
          </Data>
          <Data name="longitud">
            <value>-70.6992692</value>
          </Data>
          <Data name="demanda">
            <value>129.0</value>
          </Data>
        </ExtendedData>
        <Point>
          <coordinates>
            -70.6992692,-33.4747194,0
          </coordinates>
        </Point>
      </Placemark>
      <Placemark>
        <name>punto_482</name>
        <description><![CDATA[latitud: -33.4759478<br>longitud: -70.7138656<br>demanda: 670]]></description>
        <styleUrl>#icon-1739-0288D1</styleUrl>
        <ExtendedData>
          <Data name="latitud">
            <value>-33.4759478</value>
          </Data>
          <Data name="longitud">
            <value>-70.7138656</value>
          </Data>
          <Data name="demanda">
            <value>670.0</value>
          </Data>
        </ExtendedData>
        <Point>
          <coordinates>
            -70.7138656,-33.4759478,0
          </coordinates>
        </Point>
      </Placemark>
      <Placemark>
        <name>punto_483</name>
        <description><![CDATA[latitud: -33.4750586<br>longitud: -70.7010372<br>demanda: 1149]]></description>
        <styleUrl>#icon-1739-0288D1</styleUrl>
        <ExtendedData>
          <Data name="latitud">
            <value>-33.4750586</value>
          </Data>
          <Data name="longitud">
            <value>-70.7010372</value>
          </Data>
          <Data name="demanda">
            <value>1149.0</value>
          </Data>
        </ExtendedData>
        <Point>
          <coordinates>
            -70.7010372,-33.4750586,0
          </coordinates>
        </Point>
      </Placemark>
      <Placemark>
        <name>punto_484</name>
        <description><![CDATA[latitud: -33.4749297<br>longitud: -70.6950025<br>demanda: 33]]></description>
        <styleUrl>#icon-1739-0288D1</styleUrl>
        <ExtendedData>
          <Data name="latitud">
            <value>-33.4749297</value>
          </Data>
          <Data name="longitud">
            <value>-70.6950025</value>
          </Data>
          <Data name="demanda">
            <value>33.0</value>
          </Data>
        </ExtendedData>
        <Point>
          <coordinates>
            -70.6950025,-33.4749297,0
          </coordinates>
        </Point>
      </Placemark>
      <Placemark>
        <name>punto_485</name>
        <description><![CDATA[latitud: -33.4748006<br>longitud: -70.6922842<br>demanda: 140]]></description>
        <styleUrl>#icon-1739-0288D1</styleUrl>
        <ExtendedData>
          <Data name="latitud">
            <value>-33.4748006</value>
          </Data>
          <Data name="longitud">
            <value>-70.6922842</value>
          </Data>
          <Data name="demanda">
            <value>140.0</value>
          </Data>
        </ExtendedData>
        <Point>
          <coordinates>
            -70.6922842,-33.4748006,0
          </coordinates>
        </Point>
      </Placemark>
      <Placemark>
        <name>punto_486</name>
        <description><![CDATA[latitud: -33.4745944<br>longitud: -70.6964794<br>demanda: 54]]></description>
        <styleUrl>#icon-1739-0288D1</styleUrl>
        <ExtendedData>
          <Data name="latitud">
            <value>-33.4745944</value>
          </Data>
          <Data name="longitud">
            <value>-70.6964794</value>
          </Data>
          <Data name="demanda">
            <value>54.0</value>
          </Data>
        </ExtendedData>
        <Point>
          <coordinates>
            -70.6964794,-33.4745944,0
          </coordinates>
        </Point>
      </Placemark>
      <Placemark>
        <name>punto_487</name>
        <description><![CDATA[latitud: -33.4745839<br>longitud: -70.7182728<br>demanda: 122]]></description>
        <styleUrl>#icon-1739-0288D1</styleUrl>
        <ExtendedData>
          <Data name="latitud">
            <value>-33.4745839</value>
          </Data>
          <Data name="longitud">
            <value>-70.7182728</value>
          </Data>
          <Data name="demanda">
            <value>122.0</value>
          </Data>
        </ExtendedData>
        <Point>
          <coordinates>
            -70.7182728,-33.4745839,0
          </coordinates>
        </Point>
      </Placemark>
      <Placemark>
        <name>punto_488</name>
        <description><![CDATA[latitud: -33.4746525<br>longitud: -70.7193003<br>demanda: 155]]></description>
        <styleUrl>#icon-1739-0288D1</styleUrl>
        <ExtendedData>
          <Data name="latitud">
            <value>-33.4746525</value>
          </Data>
          <Data name="longitud">
            <value>-70.7193003</value>
          </Data>
          <Data name="demanda">
            <value>155.0</value>
          </Data>
        </ExtendedData>
        <Point>
          <coordinates>
            -70.7193003,-33.4746525,0
          </coordinates>
        </Point>
      </Placemark>
      <Placemark>
        <name>punto_489</name>
        <description><![CDATA[latitud: -33.4749442<br>longitud: -70.6977531<br>demanda: 176]]></description>
        <styleUrl>#icon-1739-0288D1</styleUrl>
        <ExtendedData>
          <Data name="latitud">
            <value>-33.4749442</value>
          </Data>
          <Data name="longitud">
            <value>-70.6977531</value>
          </Data>
          <Data name="demanda">
            <value>176.0</value>
          </Data>
        </ExtendedData>
        <Point>
          <coordinates>
            -70.6977531,-33.4749442,0
          </coordinates>
        </Point>
      </Placemark>
      <Placemark>
        <name>punto_490</name>
        <description><![CDATA[latitud: -33.4748817<br>longitud: -70.7049083<br>demanda: 218]]></description>
        <styleUrl>#icon-1739-0288D1</styleUrl>
        <ExtendedData>
          <Data name="latitud">
            <value>-33.4748817</value>
          </Data>
          <Data name="longitud">
            <value>-70.7049083</value>
          </Data>
          <Data name="demanda">
            <value>218.0</value>
          </Data>
        </ExtendedData>
        <Point>
          <coordinates>
            -70.7049083,-33.4748817,0
          </coordinates>
        </Point>
      </Placemark>
      <Placemark>
        <name>punto_491</name>
        <description><![CDATA[latitud: -33.4749036<br>longitud: -70.6930258<br>demanda: 47]]></description>
        <styleUrl>#icon-1739-0288D1</styleUrl>
        <ExtendedData>
          <Data name="latitud">
            <value>-33.4749036</value>
          </Data>
          <Data name="longitud">
            <value>-70.6930258</value>
          </Data>
          <Data name="demanda">
            <value>47.0</value>
          </Data>
        </ExtendedData>
        <Point>
          <coordinates>
            -70.6930258,-33.4749036,0
          </coordinates>
        </Point>
      </Placemark>
      <Placemark>
        <name>punto_492</name>
        <description><![CDATA[latitud: -33.4750781<br>longitud: -70.7113272<br>demanda: 290]]></description>
        <styleUrl>#icon-1739-0288D1</styleUrl>
        <ExtendedData>
          <Data name="latitud">
            <value>-33.4750781</value>
          </Data>
          <Data name="longitud">
            <value>-70.7113272</value>
          </Data>
          <Data name="demanda">
            <value>290.0</value>
          </Data>
        </ExtendedData>
        <Point>
          <coordinates>
            -70.7113272,-33.4750781,0
          </coordinates>
        </Point>
      </Placemark>
      <Placemark>
        <name>punto_493</name>
        <description><![CDATA[latitud: -33.4752603<br>longitud: -70.7079139<br>demanda: 197]]></description>
        <styleUrl>#icon-1739-0288D1</styleUrl>
        <ExtendedData>
          <Data name="latitud">
            <value>-33.4752603</value>
          </Data>
          <Data name="longitud">
            <value>-70.7079139</value>
          </Data>
          <Data name="demanda">
            <value>197.0</value>
          </Data>
        </ExtendedData>
        <Point>
          <coordinates>
            -70.7079139,-33.4752603,0
          </coordinates>
        </Point>
      </Placemark>
      <Placemark>
        <name>punto_494</name>
        <description><![CDATA[latitud: -33.47479<br>longitud: -70.7075703<br>demanda: 0]]></description>
        <styleUrl>#icon-1739-0288D1</styleUrl>
        <ExtendedData>
          <Data name="latitud">
            <value>-33.47479</value>
          </Data>
          <Data name="longitud">
            <value>-70.7075703</value>
          </Data>
          <Data name="demanda">
            <value>0.0</value>
          </Data>
        </ExtendedData>
        <Point>
          <coordinates>
            -70.7075703,-33.47479,0
          </coordinates>
        </Point>
      </Placemark>
      <Placemark>
        <name>punto_495</name>
        <description><![CDATA[latitud: -33.4748817<br>longitud: -70.7179439<br>demanda: 157]]></description>
        <styleUrl>#icon-1739-0288D1</styleUrl>
        <ExtendedData>
          <Data name="latitud">
            <value>-33.4748817</value>
          </Data>
          <Data name="longitud">
            <value>-70.7179439</value>
          </Data>
          <Data name="demanda">
            <value>157.0</value>
          </Data>
        </ExtendedData>
        <Point>
          <coordinates>
            -70.7179439,-33.4748817,0
          </coordinates>
        </Point>
      </Placemark>
      <Placemark>
        <name>punto_496</name>
        <description><![CDATA[latitud: -33.4751661<br>longitud: -70.6909611<br>demanda: 112]]></description>
        <styleUrl>#icon-1739-0288D1</styleUrl>
        <ExtendedData>
          <Data name="latitud">
            <value>-33.4751661</value>
          </Data>
          <Data name="longitud">
            <value>-70.6909611</value>
          </Data>
          <Data name="demanda">
            <value>112.0</value>
          </Data>
        </ExtendedData>
        <Point>
          <coordinates>
            -70.6909611,-33.4751661,0
          </coordinates>
        </Point>
      </Placemark>
      <Placemark>
        <name>punto_497</name>
        <description><![CDATA[latitud: -33.4753147<br>longitud: -70.7105186<br>demanda: 356]]></description>
        <styleUrl>#icon-1739-0288D1</styleUrl>
        <ExtendedData>
          <Data name="latitud">
            <value>-33.4753147</value>
          </Data>
          <Data name="longitud">
            <value>-70.7105186</value>
          </Data>
          <Data name="demanda">
            <value>356.0</value>
          </Data>
        </ExtendedData>
        <Point>
          <coordinates>
            -70.7105186,-33.4753147,0
          </coordinates>
        </Point>
      </Placemark>
      <Placemark>
        <name>punto_498</name>
        <description><![CDATA[latitud: -33.4752275<br>longitud: -70.6980572<br>demanda: 213]]></description>
        <styleUrl>#icon-1739-0288D1</styleUrl>
        <ExtendedData>
          <Data name="latitud">
            <value>-33.4752275</value>
          </Data>
          <Data name="longitud">
            <value>-70.6980572</value>
          </Data>
          <Data name="demanda">
            <value>213.0</value>
          </Data>
        </ExtendedData>
        <Point>
          <coordinates>
            -70.6980572,-33.4752275,0
          </coordinates>
        </Point>
      </Placemark>
      <Placemark>
        <name>punto_499</name>
        <description><![CDATA[latitud: -33.4752522<br>longitud: -70.6921128<br>demanda: 133]]></description>
        <styleUrl>#icon-1739-0288D1</styleUrl>
        <ExtendedData>
          <Data name="latitud">
            <value>-33.4752522</value>
          </Data>
          <Data name="longitud">
            <value>-70.6921128</value>
          </Data>
          <Data name="demanda">
            <value>133.0</value>
          </Data>
        </ExtendedData>
        <Point>
          <coordinates>
            -70.6921128,-33.4752522,0
          </coordinates>
        </Point>
      </Placemark>
      <Placemark>
        <name>punto_500</name>
        <description><![CDATA[latitud: -33.4752014<br>longitud: -70.7053617<br>demanda: 228]]></description>
        <styleUrl>#icon-1739-0288D1</styleUrl>
        <ExtendedData>
          <Data name="latitud">
            <value>-33.4752014</value>
          </Data>
          <Data name="longitud">
            <value>-70.7053617</value>
          </Data>
          <Data name="demanda">
            <value>228.0</value>
          </Data>
        </ExtendedData>
        <Point>
          <coordinates>
            -70.7053617,-33.4752014,0
          </coordinates>
        </Point>
      </Placemark>
      <Placemark>
        <name>punto_501</name>
        <description><![CDATA[latitud: -33.4749467<br>longitud: -70.7099328<br>demanda: 309]]></description>
        <styleUrl>#icon-1739-0288D1</styleUrl>
        <ExtendedData>
          <Data name="latitud">
            <value>-33.4749467</value>
          </Data>
          <Data name="longitud">
            <value>-70.7099328</value>
          </Data>
          <Data name="demanda">
            <value>309.0</value>
          </Data>
        </ExtendedData>
        <Point>
          <coordinates>
            -70.7099328,-33.4749467,0
          </coordinates>
        </Point>
      </Placemark>
      <Placemark>
        <name>punto_502</name>
        <description><![CDATA[latitud: -33.4752808<br>longitud: -70.6938031<br>demanda: 230]]></description>
        <styleUrl>#icon-1739-0288D1</styleUrl>
        <ExtendedData>
          <Data name="latitud">
            <value>-33.4752808</value>
          </Data>
          <Data name="longitud">
            <value>-70.6938031</value>
          </Data>
          <Data name="demanda">
            <value>230.0</value>
          </Data>
        </ExtendedData>
        <Point>
          <coordinates>
            -70.6938031,-33.4752808,0
          </coordinates>
        </Point>
      </Placemark>
      <Placemark>
        <name>punto_503</name>
        <description><![CDATA[latitud: -33.4753511<br>longitud: -70.6964817<br>demanda: 185]]></description>
        <styleUrl>#icon-1739-0288D1</styleUrl>
        <ExtendedData>
          <Data name="latitud">
            <value>-33.4753511</value>
          </Data>
          <Data name="longitud">
            <value>-70.6964817</value>
          </Data>
          <Data name="demanda">
            <value>185.0</value>
          </Data>
        </ExtendedData>
        <Point>
          <coordinates>
            -70.6964817,-33.4753511,0
          </coordinates>
        </Point>
      </Placemark>
      <Placemark>
        <name>punto_504</name>
        <description><![CDATA[latitud: -33.4750894<br>longitud: -70.7069864<br>demanda: 305]]></description>
        <styleUrl>#icon-1739-0288D1</styleUrl>
        <ExtendedData>
          <Data name="latitud">
            <value>-33.4750894</value>
          </Data>
          <Data name="longitud">
            <value>-70.7069864</value>
          </Data>
          <Data name="demanda">
            <value>305.0</value>
          </Data>
        </ExtendedData>
        <Point>
          <coordinates>
            -70.7069864,-33.4750894,0
          </coordinates>
        </Point>
      </Placemark>
      <Placemark>
        <name>punto_505</name>
        <description><![CDATA[latitud: -33.4756061<br>longitud: -70.7089022<br>demanda: 274]]></description>
        <styleUrl>#icon-1739-0288D1</styleUrl>
        <ExtendedData>
          <Data name="latitud">
            <value>-33.4756061</value>
          </Data>
          <Data name="longitud">
            <value>-70.7089022</value>
          </Data>
          <Data name="demanda">
            <value>274.0</value>
          </Data>
        </ExtendedData>
        <Point>
          <coordinates>
            -70.7089022,-33.4756061,0
          </coordinates>
        </Point>
      </Placemark>
      <Placemark>
        <name>punto_506</name>
        <description><![CDATA[latitud: -33.4756342<br>longitud: -70.6929217<br>demanda: 112]]></description>
        <styleUrl>#icon-1739-0288D1</styleUrl>
        <ExtendedData>
          <Data name="latitud">
            <value>-33.4756342</value>
          </Data>
          <Data name="longitud">
            <value>-70.6929217</value>
          </Data>
          <Data name="demanda">
            <value>112.0</value>
          </Data>
        </ExtendedData>
        <Point>
          <coordinates>
            -70.6929217,-33.4756342,0
          </coordinates>
        </Point>
      </Placemark>
      <Placemark>
        <name>punto_507</name>
        <description><![CDATA[latitud: -33.4750136<br>longitud: -70.7127525<br>demanda: 115]]></description>
        <styleUrl>#icon-1739-0288D1</styleUrl>
        <ExtendedData>
          <Data name="latitud">
            <value>-33.4750136</value>
          </Data>
          <Data name="longitud">
            <value>-70.7127525</value>
          </Data>
          <Data name="demanda">
            <value>115.0</value>
          </Data>
        </ExtendedData>
        <Point>
          <coordinates>
            -70.7127525,-33.4750136,0
          </coordinates>
        </Point>
      </Placemark>
      <Placemark>
        <name>punto_508</name>
        <description><![CDATA[latitud: -33.4758228<br>longitud: -70.7118742<br>demanda: 255]]></description>
        <styleUrl>#icon-1739-0288D1</styleUrl>
        <ExtendedData>
          <Data name="latitud">
            <value>-33.4758228</value>
          </Data>
          <Data name="longitud">
            <value>-70.7118742</value>
          </Data>
          <Data name="demanda">
            <value>255.0</value>
          </Data>
        </ExtendedData>
        <Point>
          <coordinates>
            -70.7118742,-33.4758228,0
          </coordinates>
        </Point>
      </Placemark>
      <Placemark>
        <name>punto_509</name>
        <description><![CDATA[latitud: -33.4754347<br>longitud: -70.7028669<br>demanda: 141]]></description>
        <styleUrl>#icon-1739-0288D1</styleUrl>
        <ExtendedData>
          <Data name="latitud">
            <value>-33.4754347</value>
          </Data>
          <Data name="longitud">
            <value>-70.7028669</value>
          </Data>
          <Data name="demanda">
            <value>141.0</value>
          </Data>
        </ExtendedData>
        <Point>
          <coordinates>
            -70.7028669,-33.4754347,0
          </coordinates>
        </Point>
      </Placemark>
      <Placemark>
        <name>punto_510</name>
        <description><![CDATA[latitud: -33.4751831<br>longitud: -70.7176214<br>demanda: 140]]></description>
        <styleUrl>#icon-1739-0288D1</styleUrl>
        <ExtendedData>
          <Data name="latitud">
            <value>-33.4751831</value>
          </Data>
          <Data name="longitud">
            <value>-70.7176214</value>
          </Data>
          <Data name="demanda">
            <value>140.0</value>
          </Data>
        </ExtendedData>
        <Point>
          <coordinates>
            -70.7176214,-33.4751831,0
          </coordinates>
        </Point>
      </Placemark>
      <Placemark>
        <name>punto_511</name>
        <description><![CDATA[latitud: -33.4755214<br>longitud: -70.6983456<br>demanda: 256]]></description>
        <styleUrl>#icon-1739-0288D1</styleUrl>
        <ExtendedData>
          <Data name="latitud">
            <value>-33.4755214</value>
          </Data>
          <Data name="longitud">
            <value>-70.6983456</value>
          </Data>
          <Data name="demanda">
            <value>256.0</value>
          </Data>
        </ExtendedData>
        <Point>
          <coordinates>
            -70.6983456,-33.4755214,0
          </coordinates>
        </Point>
      </Placemark>
      <Placemark>
        <name>punto_512</name>
        <description><![CDATA[latitud: -33.4756183<br>longitud: -70.6919394<br>demanda: 201]]></description>
        <styleUrl>#icon-1739-0288D1</styleUrl>
        <ExtendedData>
          <Data name="latitud">
            <value>-33.4756183</value>
          </Data>
          <Data name="longitud">
            <value>-70.6919394</value>
          </Data>
          <Data name="demanda">
            <value>201.0</value>
          </Data>
        </ExtendedData>
        <Point>
          <coordinates>
            -70.6919394,-33.4756183,0
          </coordinates>
        </Point>
      </Placemark>
      <Placemark>
        <name>punto_513</name>
        <description><![CDATA[latitud: -33.4762614<br>longitud: -70.6877925<br>demanda: 122]]></description>
        <styleUrl>#icon-1739-0288D1</styleUrl>
        <ExtendedData>
          <Data name="latitud">
            <value>-33.4762614</value>
          </Data>
          <Data name="longitud">
            <value>-70.6877925</value>
          </Data>
          <Data name="demanda">
            <value>122.0</value>
          </Data>
        </ExtendedData>
        <Point>
          <coordinates>
            -70.6877925,-33.4762614,0
          </coordinates>
        </Point>
      </Placemark>
      <Placemark>
        <name>punto_514</name>
        <description><![CDATA[latitud: -33.4764208<br>longitud: -70.6964475<br>demanda: 405]]></description>
        <styleUrl>#icon-1739-0288D1</styleUrl>
        <ExtendedData>
          <Data name="latitud">
            <value>-33.4764208</value>
          </Data>
          <Data name="longitud">
            <value>-70.6964475</value>
          </Data>
          <Data name="demanda">
            <value>405.0</value>
          </Data>
        </ExtendedData>
        <Point>
          <coordinates>
            -70.6964475,-33.4764208,0
          </coordinates>
        </Point>
      </Placemark>
      <Placemark>
        <name>punto_515</name>
        <description><![CDATA[latitud: -33.4755614<br>longitud: -70.703595<br>demanda: 124]]></description>
        <styleUrl>#icon-1739-0288D1</styleUrl>
        <ExtendedData>
          <Data name="latitud">
            <value>-33.4755614</value>
          </Data>
          <Data name="longitud">
            <value>-70.703595</value>
          </Data>
          <Data name="demanda">
            <value>124.0</value>
          </Data>
        </ExtendedData>
        <Point>
          <coordinates>
            -70.703595,-33.4755614,0
          </coordinates>
        </Point>
      </Placemark>
      <Placemark>
        <name>punto_516</name>
        <description><![CDATA[latitud: -33.4754083<br>longitud: -70.7184847<br>demanda: 157]]></description>
        <styleUrl>#icon-1739-0288D1</styleUrl>
        <ExtendedData>
          <Data name="latitud">
            <value>-33.4754083</value>
          </Data>
          <Data name="longitud">
            <value>-70.7184847</value>
          </Data>
          <Data name="demanda">
            <value>157.0</value>
          </Data>
        </ExtendedData>
        <Point>
          <coordinates>
            -70.7184847,-33.4754083,0
          </coordinates>
        </Point>
      </Placemark>
      <Placemark>
        <name>punto_517</name>
        <description><![CDATA[latitud: -33.4757014<br>longitud: -70.6902231<br>demanda: 197]]></description>
        <styleUrl>#icon-1739-0288D1</styleUrl>
        <ExtendedData>
          <Data name="latitud">
            <value>-33.4757014</value>
          </Data>
          <Data name="longitud">
            <value>-70.6902231</value>
          </Data>
          <Data name="demanda">
            <value>197.0</value>
          </Data>
        </ExtendedData>
        <Point>
          <coordinates>
            -70.6902231,-33.4757014,0
          </coordinates>
        </Point>
      </Placemark>
      <Placemark>
        <name>punto_518</name>
        <description><![CDATA[latitud: -33.4756664<br>longitud: -70.7040861<br>demanda: 99]]></description>
        <styleUrl>#icon-1739-0288D1</styleUrl>
        <ExtendedData>
          <Data name="latitud">
            <value>-33.4756664</value>
          </Data>
          <Data name="longitud">
            <value>-70.7040861</value>
          </Data>
          <Data name="demanda">
            <value>99.0</value>
          </Data>
        </ExtendedData>
        <Point>
          <coordinates>
            -70.7040861,-33.4756664,0
          </coordinates>
        </Point>
      </Placemark>
      <Placemark>
        <name>punto_519</name>
        <description><![CDATA[latitud: -33.4755889<br>longitud: -70.6955867<br>demanda: 31]]></description>
        <styleUrl>#icon-1739-0288D1</styleUrl>
        <ExtendedData>
          <Data name="latitud">
            <value>-33.4755889</value>
          </Data>
          <Data name="longitud">
            <value>-70.6955867</value>
          </Data>
          <Data name="demanda">
            <value>31.0</value>
          </Data>
        </ExtendedData>
        <Point>
          <coordinates>
            -70.6955867,-33.4755889,0
          </coordinates>
        </Point>
      </Placemark>
      <Placemark>
        <name>punto_520</name>
        <description><![CDATA[latitud: -33.4759019<br>longitud: -70.6933361<br>demanda: 211]]></description>
        <styleUrl>#icon-1739-0288D1</styleUrl>
        <ExtendedData>
          <Data name="latitud">
            <value>-33.4759019</value>
          </Data>
          <Data name="longitud">
            <value>-70.6933361</value>
          </Data>
          <Data name="demanda">
            <value>211.0</value>
          </Data>
        </ExtendedData>
        <Point>
          <coordinates>
            -70.6933361,-33.4759019,0
          </coordinates>
        </Point>
      </Placemark>
      <Placemark>
        <name>punto_521</name>
        <description><![CDATA[latitud: -33.4759097<br>longitud: -70.6943636<br>demanda: 234]]></description>
        <styleUrl>#icon-1739-0288D1</styleUrl>
        <ExtendedData>
          <Data name="latitud">
            <value>-33.4759097</value>
          </Data>
          <Data name="longitud">
            <value>-70.6943636</value>
          </Data>
          <Data name="demanda">
            <value>234.0</value>
          </Data>
        </ExtendedData>
        <Point>
          <coordinates>
            -70.6943636,-33.4759097,0
          </coordinates>
        </Point>
      </Placemark>
      <Placemark>
        <name>punto_522</name>
        <description><![CDATA[latitud: -33.4757683<br>longitud: -70.6986586<br>demanda: 228]]></description>
        <styleUrl>#icon-1739-0288D1</styleUrl>
        <ExtendedData>
          <Data name="latitud">
            <value>-33.4757683</value>
          </Data>
          <Data name="longitud">
            <value>-70.6986586</value>
          </Data>
          <Data name="demanda">
            <value>228.0</value>
          </Data>
        </ExtendedData>
        <Point>
          <coordinates>
            -70.6986586,-33.4757683,0
          </coordinates>
        </Point>
      </Placemark>
      <Placemark>
        <name>punto_523</name>
        <description><![CDATA[latitud: -33.4755028<br>longitud: -70.7172883<br>demanda: 94]]></description>
        <styleUrl>#icon-1739-0288D1</styleUrl>
        <ExtendedData>
          <Data name="latitud">
            <value>-33.4755028</value>
          </Data>
          <Data name="longitud">
            <value>-70.7172883</value>
          </Data>
          <Data name="demanda">
            <value>94.0</value>
          </Data>
        </ExtendedData>
        <Point>
          <coordinates>
            -70.7172883,-33.4755028,0
          </coordinates>
        </Point>
      </Placemark>
      <Placemark>
        <name>punto_524</name>
        <description><![CDATA[latitud: -33.475395<br>longitud: -70.7128433<br>demanda: 159]]></description>
        <styleUrl>#icon-1739-0288D1</styleUrl>
        <ExtendedData>
          <Data name="latitud">
            <value>-33.475395</value>
          </Data>
          <Data name="longitud">
            <value>-70.7128433</value>
          </Data>
          <Data name="demanda">
            <value>159.0</value>
          </Data>
        </ExtendedData>
        <Point>
          <coordinates>
            -70.7128433,-33.475395,0
          </coordinates>
        </Point>
      </Placemark>
      <Placemark>
        <name>punto_525</name>
        <description><![CDATA[latitud: -33.4757672<br>longitud: -70.7045617<br>demanda: 124]]></description>
        <styleUrl>#icon-1739-0288D1</styleUrl>
        <ExtendedData>
          <Data name="latitud">
            <value>-33.4757672</value>
          </Data>
          <Data name="longitud">
            <value>-70.7045617</value>
          </Data>
          <Data name="demanda">
            <value>124.0</value>
          </Data>
        </ExtendedData>
        <Point>
          <coordinates>
            -70.7045617,-33.4757672,0
          </coordinates>
        </Point>
      </Placemark>
      <Placemark>
        <name>punto_526</name>
        <description><![CDATA[latitud: -33.4755864<br>longitud: -70.70714<br>demanda: 152]]></description>
        <styleUrl>#icon-1739-0288D1</styleUrl>
        <ExtendedData>
          <Data name="latitud">
            <value>-33.4755864</value>
          </Data>
          <Data name="longitud">
            <value>-70.70714</value>
          </Data>
          <Data name="demanda">
            <value>152.0</value>
          </Data>
        </ExtendedData>
        <Point>
          <coordinates>
            -70.70714,-33.4755864,0
          </coordinates>
        </Point>
      </Placemark>
      <Placemark>
        <name>punto_527</name>
        <description><![CDATA[latitud: -33.4764675<br>longitud: -70.69693<br>demanda: 324]]></description>
        <styleUrl>#icon-1739-0288D1</styleUrl>
        <ExtendedData>
          <Data name="latitud">
            <value>-33.4764675</value>
          </Data>
          <Data name="longitud">
            <value>-70.69693</value>
          </Data>
          <Data name="demanda">
            <value>324.0</value>
          </Data>
        </ExtendedData>
        <Point>
          <coordinates>
            -70.69693,-33.4764675,0
          </coordinates>
        </Point>
      </Placemark>
      <Placemark>
        <name>punto_528</name>
        <description><![CDATA[latitud: -33.4758525<br>longitud: -70.7149447<br>demanda: 181]]></description>
        <styleUrl>#icon-1739-0288D1</styleUrl>
        <ExtendedData>
          <Data name="latitud">
            <value>-33.4758525</value>
          </Data>
          <Data name="longitud">
            <value>-70.7149447</value>
          </Data>
          <Data name="demanda">
            <value>181.0</value>
          </Data>
        </ExtendedData>
        <Point>
          <coordinates>
            -70.7149447,-33.4758525,0
          </coordinates>
        </Point>
      </Placemark>
      <Placemark>
        <name>punto_529</name>
        <description><![CDATA[latitud: -33.4760847<br>longitud: -70.6937331<br>demanda: 188]]></description>
        <styleUrl>#icon-1739-0288D1</styleUrl>
        <ExtendedData>
          <Data name="latitud">
            <value>-33.4760847</value>
          </Data>
          <Data name="longitud">
            <value>-70.6937331</value>
          </Data>
          <Data name="demanda">
            <value>188.0</value>
          </Data>
        </ExtendedData>
        <Point>
          <coordinates>
            -70.6937331,-33.4760847,0
          </coordinates>
        </Point>
      </Placemark>
      <Placemark>
        <name>punto_530</name>
        <description><![CDATA[latitud: -33.4760661<br>longitud: -70.6901378<br>demanda: 106]]></description>
        <styleUrl>#icon-1739-0288D1</styleUrl>
        <ExtendedData>
          <Data name="latitud">
            <value>-33.4760661</value>
          </Data>
          <Data name="longitud">
            <value>-70.6901378</value>
          </Data>
          <Data name="demanda">
            <value>106.0</value>
          </Data>
        </ExtendedData>
        <Point>
          <coordinates>
            -70.6901378,-33.4760661,0
          </coordinates>
        </Point>
      </Placemark>
      <Placemark>
        <name>punto_531</name>
        <description><![CDATA[latitud: -33.4760906<br>longitud: -70.6947619<br>demanda: 201]]></description>
        <styleUrl>#icon-1739-0288D1</styleUrl>
        <ExtendedData>
          <Data name="latitud">
            <value>-33.4760906</value>
          </Data>
          <Data name="longitud">
            <value>-70.6947619</value>
          </Data>
          <Data name="demanda">
            <value>201.0</value>
          </Data>
        </ExtendedData>
        <Point>
          <coordinates>
            -70.6947619,-33.4760906,0
          </coordinates>
        </Point>
      </Placemark>
      <Placemark>
        <name>punto_532</name>
        <description><![CDATA[latitud: -33.4759578<br>longitud: -70.7054383<br>demanda: 120]]></description>
        <styleUrl>#icon-1739-0288D1</styleUrl>
        <ExtendedData>
          <Data name="latitud">
            <value>-33.4759578</value>
          </Data>
          <Data name="longitud">
            <value>-70.7054383</value>
          </Data>
          <Data name="demanda">
            <value>120.0</value>
          </Data>
        </ExtendedData>
        <Point>
          <coordinates>
            -70.7054383,-33.4759578,0
          </coordinates>
        </Point>
      </Placemark>
      <Placemark>
        <name>punto_533</name>
        <description><![CDATA[latitud: -33.4758031<br>longitud: -70.7169575<br>demanda: 159]]></description>
        <styleUrl>#icon-1739-0288D1</styleUrl>
        <ExtendedData>
          <Data name="latitud">
            <value>-33.4758031</value>
          </Data>
          <Data name="longitud">
            <value>-70.7169575</value>
          </Data>
          <Data name="demanda">
            <value>159.0</value>
          </Data>
        </ExtendedData>
        <Point>
          <coordinates>
            -70.7169575,-33.4758031,0
          </coordinates>
        </Point>
      </Placemark>
      <Placemark>
        <name>punto_534</name>
        <description><![CDATA[latitud: -33.4760503<br>longitud: -70.6989083<br>demanda: 206]]></description>
        <styleUrl>#icon-1739-0288D1</styleUrl>
        <ExtendedData>
          <Data name="latitud">
            <value>-33.4760503</value>
          </Data>
          <Data name="longitud">
            <value>-70.6989083</value>
          </Data>
          <Data name="demanda">
            <value>206.0</value>
          </Data>
        </ExtendedData>
        <Point>
          <coordinates>
            -70.6989083,-33.4760503,0
          </coordinates>
        </Point>
      </Placemark>
      <Placemark>
        <name>punto_535</name>
        <description><![CDATA[latitud: -33.4760631<br>longitud: -70.7059189<br>demanda: 160]]></description>
        <styleUrl>#icon-1739-0288D1</styleUrl>
        <ExtendedData>
          <Data name="latitud">
            <value>-33.4760631</value>
          </Data>
          <Data name="longitud">
            <value>-70.7059189</value>
          </Data>
          <Data name="demanda">
            <value>160.0</value>
          </Data>
        </ExtendedData>
        <Point>
          <coordinates>
            -70.7059189,-33.4760631,0
          </coordinates>
        </Point>
      </Placemark>
      <Placemark>
        <name>punto_536</name>
        <description><![CDATA[latitud: -33.4761144<br>longitud: -70.6956092<br>demanda: 110]]></description>
        <styleUrl>#icon-1739-0288D1</styleUrl>
        <ExtendedData>
          <Data name="latitud">
            <value>-33.4761144</value>
          </Data>
          <Data name="longitud">
            <value>-70.6956092</value>
          </Data>
          <Data name="demanda">
            <value>110.0</value>
          </Data>
        </ExtendedData>
        <Point>
          <coordinates>
            -70.6956092,-33.4761144,0
          </coordinates>
        </Point>
      </Placemark>
      <Placemark>
        <name>punto_537</name>
        <description><![CDATA[latitud: -33.4762419<br>longitud: -70.6906831<br>demanda: 162]]></description>
        <styleUrl>#icon-1739-0288D1</styleUrl>
        <ExtendedData>
          <Data name="latitud">
            <value>-33.4762419</value>
          </Data>
          <Data name="longitud">
            <value>-70.6906831</value>
          </Data>
          <Data name="demanda">
            <value>162.0</value>
          </Data>
        </ExtendedData>
        <Point>
          <coordinates>
            -70.6906831,-33.4762419,0
          </coordinates>
        </Point>
      </Placemark>
      <Placemark>
        <name>punto_538</name>
        <description><![CDATA[latitud: -33.4757769<br>longitud: -70.7129322<br>demanda: 96]]></description>
        <styleUrl>#icon-1739-0288D1</styleUrl>
        <ExtendedData>
          <Data name="latitud">
            <value>-33.4757769</value>
          </Data>
          <Data name="longitud">
            <value>-70.7129322</value>
          </Data>
          <Data name="demanda">
            <value>96.0</value>
          </Data>
        </ExtendedData>
        <Point>
          <coordinates>
            -70.7129322,-33.4757769,0
          </coordinates>
        </Point>
      </Placemark>
      <Placemark>
        <name>punto_539</name>
        <description><![CDATA[latitud: -33.4758647<br>longitud: -70.7083144<br>demanda: 108]]></description>
        <styleUrl>#icon-1739-0288D1</styleUrl>
        <ExtendedData>
          <Data name="latitud">
            <value>-33.4758647</value>
          </Data>
          <Data name="longitud">
            <value>-70.7083144</value>
          </Data>
          <Data name="demanda">
            <value>108.0</value>
          </Data>
        </ExtendedData>
        <Point>
          <coordinates>
            -70.7083144,-33.4758647,0
          </coordinates>
        </Point>
      </Placemark>
      <Placemark>
        <name>punto_540</name>
        <description><![CDATA[latitud: -33.4765267<br>longitud: -70.6978517<br>demanda: 31]]></description>
        <styleUrl>#icon-1739-0288D1</styleUrl>
        <ExtendedData>
          <Data name="latitud">
            <value>-33.4765267</value>
          </Data>
          <Data name="longitud">
            <value>-70.6978517</value>
          </Data>
          <Data name="demanda">
            <value>31.0</value>
          </Data>
        </ExtendedData>
        <Point>
          <coordinates>
            -70.6978517,-33.4765267,0
          </coordinates>
        </Point>
      </Placemark>
      <Placemark>
        <name>punto_541</name>
        <description><![CDATA[latitud: -33.4761642<br>longitud: -70.7064006<br>demanda: 119]]></description>
        <styleUrl>#icon-1739-0288D1</styleUrl>
        <ExtendedData>
          <Data name="latitud">
            <value>-33.4761642</value>
          </Data>
          <Data name="longitud">
            <value>-70.7064006</value>
          </Data>
          <Data name="demanda">
            <value>119.0</value>
          </Data>
        </ExtendedData>
        <Point>
          <coordinates>
            -70.7064006,-33.4761642,0
          </coordinates>
        </Point>
      </Placemark>
      <Placemark>
        <name>punto_542</name>
        <description><![CDATA[latitud: -33.47627<br>longitud: -70.7068817<br>demanda: 187]]></description>
        <styleUrl>#icon-1739-0288D1</styleUrl>
        <ExtendedData>
          <Data name="latitud">
            <value>-33.47627</value>
          </Data>
          <Data name="longitud">
            <value>-70.7068817</value>
          </Data>
          <Data name="demanda">
            <value>187.0</value>
          </Data>
        </ExtendedData>
        <Point>
          <coordinates>
            -70.7068817,-33.47627,0
          </coordinates>
        </Point>
      </Placemark>
      <Placemark>
        <name>punto_543</name>
        <description><![CDATA[latitud: -33.4761078<br>longitud: -70.7166264<br>demanda: 120]]></description>
        <styleUrl>#icon-1739-0288D1</styleUrl>
        <ExtendedData>
          <Data name="latitud">
            <value>-33.4761078</value>
          </Data>
          <Data name="longitud">
            <value>-70.7166264</value>
          </Data>
          <Data name="demanda">
            <value>120.0</value>
          </Data>
        </ExtendedData>
        <Point>
          <coordinates>
            -70.7166264,-33.4761078,0
          </coordinates>
        </Point>
      </Placemark>
      <Placemark>
        <name>punto_544</name>
        <description><![CDATA[latitud: -33.4763772<br>longitud: -70.6992203<br>demanda: 208]]></description>
        <styleUrl>#icon-1739-0288D1</styleUrl>
        <ExtendedData>
          <Data name="latitud">
            <value>-33.4763772</value>
          </Data>
          <Data name="longitud">
            <value>-70.6992203</value>
          </Data>
          <Data name="demanda">
            <value>208.0</value>
          </Data>
        </ExtendedData>
        <Point>
          <coordinates>
            -70.6992203,-33.4763772,0
          </coordinates>
        </Point>
      </Placemark>
      <Placemark>
        <name>punto_545</name>
        <description><![CDATA[latitud: -33.4760431<br>longitud: -70.7088197<br>demanda: 0]]></description>
        <styleUrl>#icon-1739-0288D1</styleUrl>
        <ExtendedData>
          <Data name="latitud">
            <value>-33.4760431</value>
          </Data>
          <Data name="longitud">
            <value>-70.7088197</value>
          </Data>
          <Data name="demanda">
            <value>0.0</value>
          </Data>
        </ExtendedData>
        <Point>
          <coordinates>
            -70.7088197,-33.4760431,0
          </coordinates>
        </Point>
      </Placemark>
      <Placemark>
        <name>punto_546</name>
        <description><![CDATA[latitud: -33.4761808<br>longitud: -70.7176556<br>demanda: 157]]></description>
        <styleUrl>#icon-1739-0288D1</styleUrl>
        <ExtendedData>
          <Data name="latitud">
            <value>-33.4761808</value>
          </Data>
          <Data name="longitud">
            <value>-70.7176556</value>
          </Data>
          <Data name="demanda">
            <value>157.0</value>
          </Data>
        </ExtendedData>
        <Point>
          <coordinates>
            -70.7176556,-33.4761808,0
          </coordinates>
        </Point>
      </Placemark>
      <Placemark>
        <name>punto_547</name>
        <description><![CDATA[latitud: -33.4763711<br>longitud: -70.7073686<br>demanda: 164]]></description>
        <styleUrl>#icon-1739-0288D1</styleUrl>
        <ExtendedData>
          <Data name="latitud">
            <value>-33.4763711</value>
          </Data>
          <Data name="longitud">
            <value>-70.7073686</value>
          </Data>
          <Data name="demanda">
            <value>164.0</value>
          </Data>
        </ExtendedData>
        <Point>
          <coordinates>
            -70.7073686,-33.4763711,0
          </coordinates>
        </Point>
      </Placemark>
      <Placemark>
        <name>punto_548</name>
        <description><![CDATA[latitud: -33.4763794<br>longitud: -70.6917481<br>demanda: 110]]></description>
        <styleUrl>#icon-1739-0288D1</styleUrl>
        <ExtendedData>
          <Data name="latitud">
            <value>-33.4763794</value>
          </Data>
          <Data name="longitud">
            <value>-70.6917481</value>
          </Data>
          <Data name="demanda">
            <value>110.0</value>
          </Data>
        </ExtendedData>
        <Point>
          <coordinates>
            -70.6917481,-33.4763794,0
          </coordinates>
        </Point>
      </Placemark>
      <Placemark>
        <name>punto_549</name>
        <description><![CDATA[latitud: -33.4766372<br>longitud: -70.6949239<br>demanda: 180]]></description>
        <styleUrl>#icon-1739-0288D1</styleUrl>
        <ExtendedData>
          <Data name="latitud">
            <value>-33.4766372</value>
          </Data>
          <Data name="longitud">
            <value>-70.6949239</value>
          </Data>
          <Data name="demanda">
            <value>180.0</value>
          </Data>
        </ExtendedData>
        <Point>
          <coordinates>
            -70.6949239,-33.4766372,0
          </coordinates>
        </Point>
      </Placemark>
      <Placemark>
        <name>punto_550</name>
        <description><![CDATA[latitud: -33.4761622<br>longitud: -70.7130189<br>demanda: 105]]></description>
        <styleUrl>#icon-1739-0288D1</styleUrl>
        <ExtendedData>
          <Data name="latitud">
            <value>-33.4761622</value>
          </Data>
          <Data name="longitud">
            <value>-70.7130189</value>
          </Data>
          <Data name="demanda">
            <value>105.0</value>
          </Data>
        </ExtendedData>
        <Point>
          <coordinates>
            -70.7130189,-33.4761622,0
          </coordinates>
        </Point>
      </Placemark>
      <Placemark>
        <name>punto_551</name>
        <description><![CDATA[latitud: -33.4767175<br>longitud: -70.7119686<br>demanda: 258]]></description>
        <styleUrl>#icon-1739-0288D1</styleUrl>
        <ExtendedData>
          <Data name="latitud">
            <value>-33.4767175</value>
          </Data>
          <Data name="longitud">
            <value>-70.7119686</value>
          </Data>
          <Data name="demanda">
            <value>258.0</value>
          </Data>
        </ExtendedData>
        <Point>
          <coordinates>
            -70.7119686,-33.4767175,0
          </coordinates>
        </Point>
      </Placemark>
      <Placemark>
        <name>punto_552</name>
        <description><![CDATA[latitud: -33.4764844<br>longitud: -70.7079136<br>demanda: 162]]></description>
        <styleUrl>#icon-1739-0288D1</styleUrl>
        <ExtendedData>
          <Data name="latitud">
            <value>-33.4764844</value>
          </Data>
          <Data name="longitud">
            <value>-70.7079136</value>
          </Data>
          <Data name="demanda">
            <value>162.0</value>
          </Data>
        </ExtendedData>
        <Point>
          <coordinates>
            -70.7079136,-33.4764844,0
          </coordinates>
        </Point>
      </Placemark>
      <Placemark>
        <name>punto_553</name>
        <description><![CDATA[latitud: -33.4764069<br>longitud: -70.7163019<br>demanda: 167]]></description>
        <styleUrl>#icon-1739-0288D1</styleUrl>
        <ExtendedData>
          <Data name="latitud">
            <value>-33.4764069</value>
          </Data>
          <Data name="longitud">
            <value>-70.7163019</value>
          </Data>
          <Data name="demanda">
            <value>167.0</value>
          </Data>
        </ExtendedData>
        <Point>
          <coordinates>
            -70.7163019,-33.4764069,0
          </coordinates>
        </Point>
      </Placemark>
      <Placemark>
        <name>punto_554</name>
        <description><![CDATA[latitud: -33.4763372<br>longitud: -70.7113789<br>demanda: 242]]></description>
        <styleUrl>#icon-1739-0288D1</styleUrl>
        <ExtendedData>
          <Data name="latitud">
            <value>-33.4763372</value>
          </Data>
          <Data name="longitud">
            <value>-70.7113789</value>
          </Data>
          <Data name="demanda">
            <value>242.0</value>
          </Data>
        </ExtendedData>
        <Point>
          <coordinates>
            -70.7113789,-33.4763372,0
          </coordinates>
        </Point>
      </Placemark>
      <Placemark>
        <name>punto_555</name>
        <description><![CDATA[latitud: -33.4765825<br>longitud: -70.6915489<br>demanda: 98]]></description>
        <styleUrl>#icon-1739-0288D1</styleUrl>
        <ExtendedData>
          <Data name="latitud">
            <value>-33.4765825</value>
          </Data>
          <Data name="longitud">
            <value>-70.6915489</value>
          </Data>
          <Data name="demanda">
            <value>98.0</value>
          </Data>
        </ExtendedData>
        <Point>
          <coordinates>
            -70.6915489,-33.4765825,0
          </coordinates>
        </Point>
      </Placemark>
      <Placemark>
        <name>punto_556</name>
        <description><![CDATA[latitud: -33.4766403<br>longitud: -70.6941367<br>demanda: 171]]></description>
        <styleUrl>#icon-1739-0288D1</styleUrl>
        <ExtendedData>
          <Data name="latitud">
            <value>-33.4766403</value>
          </Data>
          <Data name="longitud">
            <value>-70.6941367</value>
          </Data>
          <Data name="demanda">
            <value>171.0</value>
          </Data>
        </ExtendedData>
        <Point>
          <coordinates>
            -70.6941367,-33.4766403,0
          </coordinates>
        </Point>
      </Placemark>
      <Placemark>
        <name>punto_557</name>
        <description><![CDATA[latitud: -33.4766189<br>longitud: -70.69573<br>demanda: 98]]></description>
        <styleUrl>#icon-1739-0288D1</styleUrl>
        <ExtendedData>
          <Data name="latitud">
            <value>-33.4766189</value>
          </Data>
          <Data name="longitud">
            <value>-70.69573</value>
          </Data>
          <Data name="demanda">
            <value>98.0</value>
          </Data>
        </ExtendedData>
        <Point>
          <coordinates>
            -70.69573,-33.4766189,0
          </coordinates>
        </Point>
      </Placemark>
      <Placemark>
        <name>punto_558</name>
        <description><![CDATA[latitud: -33.4765886<br>longitud: -70.7083986<br>demanda: 136]]></description>
        <styleUrl>#icon-1739-0288D1</styleUrl>
        <ExtendedData>
          <Data name="latitud">
            <value>-33.4765886</value>
          </Data>
          <Data name="longitud">
            <value>-70.7083986</value>
          </Data>
          <Data name="demanda">
            <value>136.0</value>
          </Data>
        </ExtendedData>
        <Point>
          <coordinates>
            -70.7083986,-33.4765886,0
          </coordinates>
        </Point>
      </Placemark>
      <Placemark>
        <name>punto_559</name>
        <description><![CDATA[latitud: -33.4764678<br>longitud: -70.71372<br>demanda: 344]]></description>
        <styleUrl>#icon-1739-0288D1</styleUrl>
        <ExtendedData>
          <Data name="latitud">
            <value>-33.4764678</value>
          </Data>
          <Data name="longitud">
            <value>-70.71372</value>
          </Data>
          <Data name="demanda">
            <value>344.0</value>
          </Data>
        </ExtendedData>
        <Point>
          <coordinates>
            -70.71372,-33.4764678,0
          </coordinates>
        </Point>
      </Placemark>
      <Placemark>
        <name>punto_560</name>
        <description><![CDATA[latitud: -33.4767472<br>longitud: -70.6924586<br>demanda: 152]]></description>
        <styleUrl>#icon-1739-0288D1</styleUrl>
        <ExtendedData>
          <Data name="latitud">
            <value>-33.4767472</value>
          </Data>
          <Data name="longitud">
            <value>-70.6924586</value>
          </Data>
          <Data name="demanda">
            <value>152.0</value>
          </Data>
        </ExtendedData>
        <Point>
          <coordinates>
            -70.6924586,-33.4767472,0
          </coordinates>
        </Point>
      </Placemark>
      <Placemark>
        <name>punto_561</name>
        <description><![CDATA[latitud: -33.4766903<br>longitud: -70.7088778<br>demanda: 162]]></description>
        <styleUrl>#icon-1739-0288D1</styleUrl>
        <ExtendedData>
          <Data name="latitud">
            <value>-33.4766903</value>
          </Data>
          <Data name="longitud">
            <value>-70.7088778</value>
          </Data>
          <Data name="demanda">
            <value>162.0</value>
          </Data>
        </ExtendedData>
        <Point>
          <coordinates>
            -70.7088778,-33.4766903,0
          </coordinates>
        </Point>
      </Placemark>
      <Placemark>
        <name>punto_562</name>
        <description><![CDATA[latitud: -33.4767731<br>longitud: -70.6913614<br>demanda: 103]]></description>
        <styleUrl>#icon-1739-0288D1</styleUrl>
        <ExtendedData>
          <Data name="latitud">
            <value>-33.4767731</value>
          </Data>
          <Data name="longitud">
            <value>-70.6913614</value>
          </Data>
          <Data name="demanda">
            <value>103.0</value>
          </Data>
        </ExtendedData>
        <Point>
          <coordinates>
            -70.6913614,-33.4767731,0
          </coordinates>
        </Point>
      </Placemark>
      <Placemark>
        <name>punto_563</name>
        <description><![CDATA[latitud: -33.4767953<br>longitud: -70.7093561<br>demanda: 178]]></description>
        <styleUrl>#icon-1739-0288D1</styleUrl>
        <ExtendedData>
          <Data name="latitud">
            <value>-33.4767953</value>
          </Data>
          <Data name="longitud">
            <value>-70.7093561</value>
          </Data>
          <Data name="demanda">
            <value>178.0</value>
          </Data>
        </ExtendedData>
        <Point>
          <coordinates>
            -70.7093561,-33.4767953,0
          </coordinates>
        </Point>
      </Placemark>
      <Placemark>
        <name>punto_564</name>
        <description><![CDATA[latitud: -33.4767058<br>longitud: -70.715945<br>demanda: 133]]></description>
        <styleUrl>#icon-1739-0288D1</styleUrl>
        <ExtendedData>
          <Data name="latitud">
            <value>-33.4767058</value>
          </Data>
          <Data name="longitud">
            <value>-70.715945</value>
          </Data>
          <Data name="demanda">
            <value>133.0</value>
          </Data>
        </ExtendedData>
        <Point>
          <coordinates>
            -70.715945,-33.4767058,0
          </coordinates>
        </Point>
      </Placemark>
      <Placemark>
        <name>punto_565</name>
        <description><![CDATA[latitud: -33.4770489<br>longitud: -70.6954861<br>demanda: 70]]></description>
        <styleUrl>#icon-1739-0288D1</styleUrl>
        <ExtendedData>
          <Data name="latitud">
            <value>-33.4770489</value>
          </Data>
          <Data name="longitud">
            <value>-70.6954861</value>
          </Data>
          <Data name="demanda">
            <value>70.0</value>
          </Data>
        </ExtendedData>
        <Point>
          <coordinates>
            -70.6954861,-33.4770489,0
          </coordinates>
        </Point>
      </Placemark>
      <Placemark>
        <name>punto_566</name>
        <description><![CDATA[latitud: -33.4769853<br>longitud: -70.6922114<br>demanda: 119]]></description>
        <styleUrl>#icon-1739-0288D1</styleUrl>
        <ExtendedData>
          <Data name="latitud">
            <value>-33.4769853</value>
          </Data>
          <Data name="longitud">
            <value>-70.6922114</value>
          </Data>
          <Data name="demanda">
            <value>119.0</value>
          </Data>
        </ExtendedData>
        <Point>
          <coordinates>
            -70.6922114,-33.4769853,0
          </coordinates>
        </Point>
      </Placemark>
      <Placemark>
        <name>punto_567</name>
        <description><![CDATA[latitud: -33.4769011<br>longitud: -70.7098311<br>demanda: 202]]></description>
        <styleUrl>#icon-1739-0288D1</styleUrl>
        <ExtendedData>
          <Data name="latitud">
            <value>-33.4769011</value>
          </Data>
          <Data name="longitud">
            <value>-70.7098311</value>
          </Data>
          <Data name="demanda">
            <value>202.0</value>
          </Data>
        </ExtendedData>
        <Point>
          <coordinates>
            -70.7098311,-33.4769011,0
          </coordinates>
        </Point>
      </Placemark>
      <Placemark>
        <name>punto_568</name>
        <description><![CDATA[latitud: -33.4769767<br>longitud: -70.6911658<br>demanda: 138]]></description>
        <styleUrl>#icon-1739-0288D1</styleUrl>
        <ExtendedData>
          <Data name="latitud">
            <value>-33.4769767</value>
          </Data>
          <Data name="longitud">
            <value>-70.6911658</value>
          </Data>
          <Data name="demanda">
            <value>138.0</value>
          </Data>
        </ExtendedData>
        <Point>
          <coordinates>
            -70.6911658,-33.4769767,0
          </coordinates>
        </Point>
      </Placemark>
      <Placemark>
        <name>punto_569</name>
        <description><![CDATA[latitud: -33.4767825<br>longitud: -70.7151817<br>demanda: 70]]></description>
        <styleUrl>#icon-1739-0288D1</styleUrl>
        <ExtendedData>
          <Data name="latitud">
            <value>-33.4767825</value>
          </Data>
          <Data name="longitud">
            <value>-70.7151817</value>
          </Data>
          <Data name="demanda">
            <value>70.0</value>
          </Data>
        </ExtendedData>
        <Point>
          <coordinates>
            -70.7151817,-33.4767825,0
          </coordinates>
        </Point>
      </Placemark>
      <Placemark>
        <name>punto_570</name>
        <description><![CDATA[latitud: -33.4769519<br>longitud: -70.7168275<br>demanda: 185]]></description>
        <styleUrl>#icon-1739-0288D1</styleUrl>
        <ExtendedData>
          <Data name="latitud">
            <value>-33.4769519</value>
          </Data>
          <Data name="longitud">
            <value>-70.7168275</value>
          </Data>
          <Data name="demanda">
            <value>185.0</value>
          </Data>
        </ExtendedData>
        <Point>
          <coordinates>
            -70.7168275,-33.4769519,0
          </coordinates>
        </Point>
      </Placemark>
      <Placemark>
        <name>punto_571</name>
        <description><![CDATA[latitud: -33.4770364<br>longitud: -70.6931697<br>demanda: 94]]></description>
        <styleUrl>#icon-1739-0288D1</styleUrl>
        <ExtendedData>
          <Data name="latitud">
            <value>-33.4770364</value>
          </Data>
          <Data name="longitud">
            <value>-70.6931697</value>
          </Data>
          <Data name="demanda">
            <value>94.0</value>
          </Data>
        </ExtendedData>
        <Point>
          <coordinates>
            -70.6931697,-33.4770364,0
          </coordinates>
        </Point>
      </Placemark>
      <Placemark>
        <name>punto_572</name>
        <description><![CDATA[latitud: -33.4781214<br>longitud: -70.7140433<br>demanda: 1073]]></description>
        <styleUrl>#icon-1739-0288D1</styleUrl>
        <ExtendedData>
          <Data name="latitud">
            <value>-33.4781214</value>
          </Data>
          <Data name="longitud">
            <value>-70.7140433</value>
          </Data>
          <Data name="demanda">
            <value>1073.0</value>
          </Data>
        </ExtendedData>
        <Point>
          <coordinates>
            -70.7140433,-33.4781214,0
          </coordinates>
        </Point>
      </Placemark>
      <Placemark>
        <name>punto_573</name>
        <description><![CDATA[latitud: -33.4771919<br>longitud: -70.6920147<br>demanda: 119]]></description>
        <styleUrl>#icon-1739-0288D1</styleUrl>
        <ExtendedData>
          <Data name="latitud">
            <value>-33.4771919</value>
          </Data>
          <Data name="longitud">
            <value>-70.6920147</value>
          </Data>
          <Data name="demanda">
            <value>119.0</value>
          </Data>
        </ExtendedData>
        <Point>
          <coordinates>
            -70.6920147,-33.4771919,0
          </coordinates>
        </Point>
      </Placemark>
      <Placemark>
        <name>punto_574</name>
        <description><![CDATA[latitud: -33.4772461<br>longitud: -70.7000844<br>demanda: 138]]></description>
        <styleUrl>#icon-1739-0288D1</styleUrl>
        <ExtendedData>
          <Data name="latitud">
            <value>-33.4772461</value>
          </Data>
          <Data name="longitud">
            <value>-70.7000844</value>
          </Data>
          <Data name="demanda">
            <value>138.0</value>
          </Data>
        </ExtendedData>
        <Point>
          <coordinates>
            -70.7000844,-33.4772461,0
          </coordinates>
        </Point>
      </Placemark>
      <Placemark>
        <name>punto_575</name>
        <description><![CDATA[latitud: -33.4772281<br>longitud: -70.6929725<br>demanda: 72]]></description>
        <styleUrl>#icon-1739-0288D1</styleUrl>
        <ExtendedData>
          <Data name="latitud">
            <value>-33.4772281</value>
          </Data>
          <Data name="longitud">
            <value>-70.6929725</value>
          </Data>
          <Data name="demanda">
            <value>72.0</value>
          </Data>
        </ExtendedData>
        <Point>
          <coordinates>
            -70.6929725,-33.4772281,0
          </coordinates>
        </Point>
      </Placemark>
      <Placemark>
        <name>punto_576</name>
        <description><![CDATA[latitud: -33.4774019<br>longitud: -70.6918261<br>demanda: 129]]></description>
        <styleUrl>#icon-1739-0288D1</styleUrl>
        <ExtendedData>
          <Data name="latitud">
            <value>-33.4774019</value>
          </Data>
          <Data name="longitud">
            <value>-70.6918261</value>
          </Data>
          <Data name="demanda">
            <value>129.0</value>
          </Data>
        </ExtendedData>
        <Point>
          <coordinates>
            -70.6918261,-33.4774019,0
          </coordinates>
        </Point>
      </Placemark>
      <Placemark>
        <name>punto_577</name>
        <description><![CDATA[latitud: -33.4773783<br>longitud: -70.6938314<br>demanda: 174]]></description>
        <styleUrl>#icon-1739-0288D1</styleUrl>
        <ExtendedData>
          <Data name="latitud">
            <value>-33.4773783</value>
          </Data>
          <Data name="longitud">
            <value>-70.6938314</value>
          </Data>
          <Data name="demanda">
            <value>174.0</value>
          </Data>
        </ExtendedData>
        <Point>
          <coordinates>
            -70.6938314,-33.4773783,0
          </coordinates>
        </Point>
      </Placemark>
      <Placemark>
        <name>punto_578</name>
        <description><![CDATA[latitud: -33.4774772<br>longitud: -70.6975561<br>demanda: 133]]></description>
        <styleUrl>#icon-1739-0288D1</styleUrl>
        <ExtendedData>
          <Data name="latitud">
            <value>-33.4774772</value>
          </Data>
          <Data name="longitud">
            <value>-70.6975561</value>
          </Data>
          <Data name="demanda">
            <value>133.0</value>
          </Data>
        </ExtendedData>
        <Point>
          <coordinates>
            -70.6975561,-33.4774772,0
          </coordinates>
        </Point>
      </Placemark>
      <Placemark>
        <name>punto_579</name>
        <description><![CDATA[latitud: -33.4774133<br>longitud: -70.6983614<br>demanda: 129]]></description>
        <styleUrl>#icon-1739-0288D1</styleUrl>
        <ExtendedData>
          <Data name="latitud">
            <value>-33.4774133</value>
          </Data>
          <Data name="longitud">
            <value>-70.6983614</value>
          </Data>
          <Data name="demanda">
            <value>129.0</value>
          </Data>
        </ExtendedData>
        <Point>
          <coordinates>
            -70.6983614,-33.4774133,0
          </coordinates>
        </Point>
      </Placemark>
      <Placemark>
        <name>punto_580</name>
        <description><![CDATA[latitud: -33.4774769<br>longitud: -70.7125825<br>demanda: 220]]></description>
        <styleUrl>#icon-1739-0288D1</styleUrl>
        <ExtendedData>
          <Data name="latitud">
            <value>-33.4774769</value>
          </Data>
          <Data name="longitud">
            <value>-70.7125825</value>
          </Data>
          <Data name="demanda">
            <value>220.0</value>
          </Data>
        </ExtendedData>
        <Point>
          <coordinates>
            -70.7125825,-33.4774769,0
          </coordinates>
        </Point>
      </Placemark>
      <Placemark>
        <name>punto_581</name>
        <description><![CDATA[latitud: -33.477405<br>longitud: -70.6928083<br>demanda: 87]]></description>
        <styleUrl>#icon-1739-0288D1</styleUrl>
        <ExtendedData>
          <Data name="latitud">
            <value>-33.477405</value>
          </Data>
          <Data name="longitud">
            <value>-70.6928083</value>
          </Data>
          <Data name="demanda">
            <value>87.0</value>
          </Data>
        </ExtendedData>
        <Point>
          <coordinates>
            -70.6928083,-33.477405,0
          </coordinates>
        </Point>
      </Placemark>
      <Placemark>
        <name>punto_582</name>
        <description><![CDATA[latitud: -33.4775308<br>longitud: -70.7003781<br>demanda: 201]]></description>
        <styleUrl>#icon-1739-0288D1</styleUrl>
        <ExtendedData>
          <Data name="latitud">
            <value>-33.4775308</value>
          </Data>
          <Data name="longitud">
            <value>-70.7003781</value>
          </Data>
          <Data name="demanda">
            <value>201.0</value>
          </Data>
        </ExtendedData>
        <Point>
          <coordinates>
            -70.7003781,-33.4775308,0
          </coordinates>
        </Point>
      </Placemark>
      <Placemark>
        <name>punto_583</name>
        <description><![CDATA[latitud: -33.4774172<br>longitud: -70.6968847<br>demanda: 68]]></description>
        <styleUrl>#icon-1739-0288D1</styleUrl>
        <ExtendedData>
          <Data name="latitud">
            <value>-33.4774172</value>
          </Data>
          <Data name="longitud">
            <value>-70.6968847</value>
          </Data>
          <Data name="demanda">
            <value>68.0</value>
          </Data>
        </ExtendedData>
        <Point>
          <coordinates>
            -70.6968847,-33.4774172,0
          </coordinates>
        </Point>
      </Placemark>
      <Placemark>
        <name>punto_584</name>
        <description><![CDATA[latitud: -33.4773244<br>longitud: -70.7107017<br>demanda: 152]]></description>
        <styleUrl>#icon-1739-0288D1</styleUrl>
        <ExtendedData>
          <Data name="latitud">
            <value>-33.4773244</value>
          </Data>
          <Data name="longitud">
            <value>-70.7107017</value>
          </Data>
          <Data name="demanda">
            <value>152.0</value>
          </Data>
        </ExtendedData>
        <Point>
          <coordinates>
            -70.7107017,-33.4773244,0
          </coordinates>
        </Point>
      </Placemark>
      <Placemark>
        <name>punto_585</name>
        <description><![CDATA[latitud: -33.4774378<br>longitud: -70.7120814<br>demanda: 185]]></description>
        <styleUrl>#icon-1739-0288D1</styleUrl>
        <ExtendedData>
          <Data name="latitud">
            <value>-33.4774378</value>
          </Data>
          <Data name="longitud">
            <value>-70.7120814</value>
          </Data>
          <Data name="demanda">
            <value>185.0</value>
          </Data>
        </ExtendedData>
        <Point>
          <coordinates>
            -70.7120814,-33.4774378,0
          </coordinates>
        </Point>
      </Placemark>
      <Placemark>
        <name>punto_586</name>
        <description><![CDATA[latitud: -33.4772631<br>longitud: -70.7157892<br>demanda: 84]]></description>
        <styleUrl>#icon-1739-0288D1</styleUrl>
        <ExtendedData>
          <Data name="latitud">
            <value>-33.4772631</value>
          </Data>
          <Data name="longitud">
            <value>-70.7157892</value>
          </Data>
          <Data name="demanda">
            <value>84.0</value>
          </Data>
        </ExtendedData>
        <Point>
          <coordinates>
            -70.7157892,-33.4772631,0
          </coordinates>
        </Point>
      </Placemark>
      <Placemark>
        <name>punto_587</name>
        <description><![CDATA[latitud: -33.4776103<br>longitud: -70.6935956<br>demanda: 152]]></description>
        <styleUrl>#icon-1739-0288D1</styleUrl>
        <ExtendedData>
          <Data name="latitud">
            <value>-33.4776103</value>
          </Data>
          <Data name="longitud">
            <value>-70.6935956</value>
          </Data>
          <Data name="demanda">
            <value>152.0</value>
          </Data>
        </ExtendedData>
        <Point>
          <coordinates>
            -70.6935956,-33.4776103,0
          </coordinates>
        </Point>
      </Placemark>
      <Placemark>
        <name>punto_588</name>
        <description><![CDATA[latitud: -33.4773097<br>longitud: -70.7132847<br>demanda: 138]]></description>
        <styleUrl>#icon-1739-0288D1</styleUrl>
        <ExtendedData>
          <Data name="latitud">
            <value>-33.4773097</value>
          </Data>
          <Data name="longitud">
            <value>-70.7132847</value>
          </Data>
          <Data name="demanda">
            <value>138.0</value>
          </Data>
        </ExtendedData>
        <Point>
          <coordinates>
            -70.7132847,-33.4773097,0
          </coordinates>
        </Point>
      </Placemark>
      <Placemark>
        <name>punto_589</name>
        <description><![CDATA[latitud: -33.4775928<br>longitud: -70.6926353<br>demanda: 105]]></description>
        <styleUrl>#icon-1739-0288D1</styleUrl>
        <ExtendedData>
          <Data name="latitud">
            <value>-33.4775928</value>
          </Data>
          <Data name="longitud">
            <value>-70.6926353</value>
          </Data>
          <Data name="demanda">
            <value>105.0</value>
          </Data>
        </ExtendedData>
        <Point>
          <coordinates>
            -70.6926353,-33.4775928,0
          </coordinates>
        </Point>
      </Placemark>
      <Placemark>
        <name>punto_590</name>
        <description><![CDATA[latitud: -33.4774053<br>longitud: -70.7153033<br>demanda: 119]]></description>
        <styleUrl>#icon-1739-0288D1</styleUrl>
        <ExtendedData>
          <Data name="latitud">
            <value>-33.4774053</value>
          </Data>
          <Data name="longitud">
            <value>-70.7153033</value>
          </Data>
          <Data name="demanda">
            <value>119.0</value>
          </Data>
        </ExtendedData>
        <Point>
          <coordinates>
            -70.7153033,-33.4774053,0
          </coordinates>
        </Point>
      </Placemark>
      <Placemark>
        <name>punto_591</name>
        <description><![CDATA[latitud: -33.4779461<br>longitud: -70.69775<br>demanda: 167]]></description>
        <styleUrl>#icon-1739-0288D1</styleUrl>
        <ExtendedData>
          <Data name="latitud">
            <value>-33.4779461</value>
          </Data>
          <Data name="longitud">
            <value>-70.69775</value>
          </Data>
          <Data name="demanda">
            <value>167.0</value>
          </Data>
        </ExtendedData>
        <Point>
          <coordinates>
            -70.69775,-33.4779461,0
          </coordinates>
        </Point>
      </Placemark>
      <Placemark>
        <name>punto_592</name>
        <description><![CDATA[latitud: -33.4778169<br>longitud: -70.69329<br>demanda: 129]]></description>
        <styleUrl>#icon-1739-0288D1</styleUrl>
        <ExtendedData>
          <Data name="latitud">
            <value>-33.4778169</value>
          </Data>
          <Data name="longitud">
            <value>-70.69329</value>
          </Data>
          <Data name="demanda">
            <value>129.0</value>
          </Data>
        </ExtendedData>
        <Point>
          <coordinates>
            -70.69329,-33.4778169,0
          </coordinates>
        </Point>
      </Placemark>
      <Placemark>
        <name>punto_593</name>
        <description><![CDATA[latitud: -33.4778106<br>longitud: -70.7006831<br>demanda: 157]]></description>
        <styleUrl>#icon-1739-0288D1</styleUrl>
        <ExtendedData>
          <Data name="latitud">
            <value>-33.4778106</value>
          </Data>
          <Data name="longitud">
            <value>-70.7006831</value>
          </Data>
          <Data name="demanda">
            <value>157.0</value>
          </Data>
        </ExtendedData>
        <Point>
          <coordinates>
            -70.7006831,-33.4778106,0
          </coordinates>
        </Point>
      </Placemark>
      <Placemark>
        <name>punto_594</name>
        <description><![CDATA[latitud: -33.4780969<br>longitud: -70.6950858<br>demanda: 502]]></description>
        <styleUrl>#icon-1739-0288D1</styleUrl>
        <ExtendedData>
          <Data name="latitud">
            <value>-33.4780969</value>
          </Data>
          <Data name="longitud">
            <value>-70.6950858</value>
          </Data>
          <Data name="demanda">
            <value>502.0</value>
          </Data>
        </ExtendedData>
        <Point>
          <coordinates>
            -70.6950858,-33.4780969,0
          </coordinates>
        </Point>
      </Placemark>
      <Placemark>
        <name>punto_595</name>
        <description><![CDATA[latitud: -33.4779669<br>longitud: -70.6987658<br>demanda: 188]]></description>
        <styleUrl>#icon-1739-0288D1</styleUrl>
        <ExtendedData>
          <Data name="latitud">
            <value>-33.4779669</value>
          </Data>
          <Data name="longitud">
            <value>-70.6987658</value>
          </Data>
          <Data name="demanda">
            <value>188.0</value>
          </Data>
        </ExtendedData>
        <Point>
          <coordinates>
            -70.6987658,-33.4779669,0
          </coordinates>
        </Point>
      </Placemark>
      <Placemark>
        <name>punto_596</name>
        <description><![CDATA[latitud: -33.4777569<br>longitud: -70.71585<br>demanda: 249]]></description>
        <styleUrl>#icon-1739-0288D1</styleUrl>
        <ExtendedData>
          <Data name="latitud">
            <value>-33.4777569</value>
          </Data>
          <Data name="longitud">
            <value>-70.71585</value>
          </Data>
          <Data name="demanda">
            <value>249.0</value>
          </Data>
        </ExtendedData>
        <Point>
          <coordinates>
            -70.71585,-33.4777569,0
          </coordinates>
        </Point>
      </Placemark>
      <Placemark>
        <name>punto_597</name>
        <description><![CDATA[latitud: -33.4779383<br>longitud: -70.6969408<br>demanda: 75]]></description>
        <styleUrl>#icon-1739-0288D1</styleUrl>
        <ExtendedData>
          <Data name="latitud">
            <value>-33.4779383</value>
          </Data>
          <Data name="longitud">
            <value>-70.6969408</value>
          </Data>
          <Data name="demanda">
            <value>75.0</value>
          </Data>
        </ExtendedData>
        <Point>
          <coordinates>
            -70.6969408,-33.4779383,0
          </coordinates>
        </Point>
      </Placemark>
      <Placemark>
        <name>punto_598</name>
        <description><![CDATA[latitud: -33.4781375<br>longitud: -70.6981428<br>demanda: 145]]></description>
        <styleUrl>#icon-1739-0288D1</styleUrl>
        <ExtendedData>
          <Data name="latitud">
            <value>-33.4781375</value>
          </Data>
          <Data name="longitud">
            <value>-70.6981428</value>
          </Data>
          <Data name="demanda">
            <value>145.0</value>
          </Data>
        </ExtendedData>
        <Point>
          <coordinates>
            -70.6981428,-33.4781375,0
          </coordinates>
        </Point>
      </Placemark>
      <Placemark>
        <name>punto_599</name>
        <description><![CDATA[latitud: -33.4781553<br>longitud: -70.6991714<br>demanda: 178]]></description>
        <styleUrl>#icon-1739-0288D1</styleUrl>
        <ExtendedData>
          <Data name="latitud">
            <value>-33.4781553</value>
          </Data>
          <Data name="longitud">
            <value>-70.6991714</value>
          </Data>
          <Data name="demanda">
            <value>178.0</value>
          </Data>
        </ExtendedData>
        <Point>
          <coordinates>
            -70.6991714,-33.4781553,0
          </coordinates>
        </Point>
      </Placemark>
      <Placemark>
        <name>punto_600</name>
        <description><![CDATA[latitud: -33.4781014<br>longitud: -70.7009819<br>demanda: 187]]></description>
        <styleUrl>#icon-1739-0288D1</styleUrl>
        <ExtendedData>
          <Data name="latitud">
            <value>-33.4781014</value>
          </Data>
          <Data name="longitud">
            <value>-70.7009819</value>
          </Data>
          <Data name="demanda">
            <value>187.0</value>
          </Data>
        </ExtendedData>
        <Point>
          <coordinates>
            -70.7009819,-33.4781014,0
          </coordinates>
        </Point>
      </Placemark>
      <Placemark>
        <name>punto_601</name>
        <description><![CDATA[latitud: -33.4785175<br>longitud: -70.6996581<br>demanda: 23]]></description>
        <styleUrl>#icon-1739-0288D1</styleUrl>
        <ExtendedData>
          <Data name="latitud">
            <value>-33.4785175</value>
          </Data>
          <Data name="longitud">
            <value>-70.6996581</value>
          </Data>
          <Data name="demanda">
            <value>23.0</value>
          </Data>
        </ExtendedData>
        <Point>
          <coordinates>
            -70.6996581,-33.4785175,0
          </coordinates>
        </Point>
      </Placemark>
      <Placemark>
        <name>punto_602</name>
        <description><![CDATA[latitud: -33.4783819<br>longitud: -70.7012822<br>demanda: 138]]></description>
        <styleUrl>#icon-1739-0288D1</styleUrl>
        <ExtendedData>
          <Data name="latitud">
            <value>-33.4783819</value>
          </Data>
          <Data name="longitud">
            <value>-70.7012822</value>
          </Data>
          <Data name="demanda">
            <value>138.0</value>
          </Data>
        </ExtendedData>
        <Point>
          <coordinates>
            -70.7012822,-33.4783819,0
          </coordinates>
        </Point>
      </Placemark>
      <Placemark>
        <name>punto_603</name>
        <description><![CDATA[latitud: -33.4786844<br>longitud: -70.7015867<br>demanda: 145]]></description>
        <styleUrl>#icon-1739-0288D1</styleUrl>
        <ExtendedData>
          <Data name="latitud">
            <value>-33.4786844</value>
          </Data>
          <Data name="longitud">
            <value>-70.7015867</value>
          </Data>
          <Data name="demanda">
            <value>145.0</value>
          </Data>
        </ExtendedData>
        <Point>
          <coordinates>
            -70.7015867,-33.4786844,0
          </coordinates>
        </Point>
      </Placemark>
      <Placemark>
        <name>punto_604</name>
        <description><![CDATA[latitud: -33.4783403<br>longitud: -70.7151936<br>demanda: 117]]></description>
        <styleUrl>#icon-1739-0288D1</styleUrl>
        <ExtendedData>
          <Data name="latitud">
            <value>-33.4783403</value>
          </Data>
          <Data name="longitud">
            <value>-70.7151936</value>
          </Data>
          <Data name="demanda">
            <value>117.0</value>
          </Data>
        </ExtendedData>
        <Point>
          <coordinates>
            -70.7151936,-33.4783403,0
          </coordinates>
        </Point>
      </Placemark>
      <Placemark>
        <name>punto_605</name>
        <description><![CDATA[latitud: -33.4786892<br>longitud: -70.6985719<br>demanda: 110]]></description>
        <styleUrl>#icon-1739-0288D1</styleUrl>
        <ExtendedData>
          <Data name="latitud">
            <value>-33.4786892</value>
          </Data>
          <Data name="longitud">
            <value>-70.6985719</value>
          </Data>
          <Data name="demanda">
            <value>110.0</value>
          </Data>
        </ExtendedData>
        <Point>
          <coordinates>
            -70.6985719,-33.4786892,0
          </coordinates>
        </Point>
      </Placemark>
    </Folder>
    <Folder>
      <name>Candidatos</name>
      <Placemark>
        <name>loc_1</name>
        <description><![CDATA[latitud: -33.475037<br>longitud: -70.7170315]]></description>
        <styleUrl>#icon-1739-DB4436</styleUrl>
        <ExtendedData>
          <Data name="latitud">
            <value>-33.475037</value>
          </Data>
          <Data name="longitud">
            <value>-70.7170315</value>
          </Data>
        </ExtendedData>
        <Point>
          <coordinates>
            -70.7170315,-33.475037,0
          </coordinates>
        </Point>
      </Placemark>
      <Placemark>
        <name>loc_2</name>
        <description><![CDATA[latitud: -33.4734798<br>longitud: -70.718673]]></description>
        <styleUrl>#icon-1739-DB4436</styleUrl>
        <ExtendedData>
          <Data name="latitud">
            <value>-33.4734798</value>
          </Data>
          <Data name="longitud">
            <value>-70.718673</value>
          </Data>
        </ExtendedData>
        <Point>
          <coordinates>
            -70.718673,-33.4734798,0
          </coordinates>
        </Point>
      </Placemark>
      <Placemark>
        <name>loc_3</name>
        <description><![CDATA[latitud: -33.4721732<br>longitud: -70.7170101]]></description>
        <styleUrl>#icon-1739-DB4436</styleUrl>
        <ExtendedData>
          <Data name="latitud">
            <value>-33.4721732</value>
          </Data>
          <Data name="longitud">
            <value>-70.7170101</value>
          </Data>
        </ExtendedData>
        <Point>
          <coordinates>
            -70.7170101,-33.4721732,0
          </coordinates>
        </Point>
      </Placemark>
      <Placemark>
        <name>loc_4</name>
        <description><![CDATA[latitud: -33.4737214<br>longitud: -70.7153471]]></description>
        <styleUrl>#icon-1739-DB4436</styleUrl>
        <ExtendedData>
          <Data name="latitud">
            <value>-33.4737214</value>
          </Data>
          <Data name="longitud">
            <value>-70.7153471</value>
          </Data>
        </ExtendedData>
        <Point>
          <coordinates>
            -70.7153471,-33.4737214,0
          </coordinates>
        </Point>
      </Placemark>
      <Placemark>
        <name>loc_5</name>
        <description><![CDATA[latitud: -33.4713767<br>longitud: -70.7178576]]></description>
        <styleUrl>#icon-1739-DB4436</styleUrl>
        <ExtendedData>
          <Data name="latitud">
            <value>-33.4713767</value>
          </Data>
          <Data name="longitud">
            <value>-70.7178576</value>
          </Data>
        </ExtendedData>
        <Point>
          <coordinates>
            -70.7178576,-33.4713767,0
          </coordinates>
        </Point>
      </Placemark>
      <Placemark>
        <name>loc_6</name>
        <description><![CDATA[latitud: -33.4725133<br>longitud: -70.7196494]]></description>
        <styleUrl>#icon-1739-DB4436</styleUrl>
        <ExtendedData>
          <Data name="latitud">
            <value>-33.4725133</value>
          </Data>
          <Data name="longitud">
            <value>-70.7196494</value>
          </Data>
        </ExtendedData>
        <Point>
          <coordinates>
            -70.7196494,-33.4725133,0
          </coordinates>
        </Point>
      </Placemark>
      <Placemark>
        <name>loc_7</name>
        <description><![CDATA[latitud: -33.4763873<br>longitud: -70.7153553]]></description>
        <styleUrl>#icon-1739-DB4436</styleUrl>
        <ExtendedData>
          <Data name="latitud">
            <value>-33.4763873</value>
          </Data>
          <Data name="longitud">
            <value>-70.7153553</value>
          </Data>
        </ExtendedData>
        <Point>
          <coordinates>
            -70.7153553,-33.4763873,0
          </coordinates>
        </Point>
      </Placemark>
      <Placemark>
        <name>loc_8</name>
        <description><![CDATA[latitud: -33.4703415<br>longitud: -70.7160469]]></description>
        <styleUrl>#icon-1739-DB4436</styleUrl>
        <ExtendedData>
          <Data name="latitud">
            <value>-33.4703415</value>
          </Data>
          <Data name="longitud">
            <value>-70.7160469</value>
          </Data>
        </ExtendedData>
        <Point>
          <coordinates>
            -70.7160469,-33.4703415,0
          </coordinates>
        </Point>
      </Placemark>
      <Placemark>
        <name>loc_9</name>
        <description><![CDATA[latitud: -33.4714602<br>longitud: -70.7141908]]></description>
        <styleUrl>#icon-1739-DB4436</styleUrl>
        <ExtendedData>
          <Data name="latitud">
            <value>-33.4714602</value>
          </Data>
          <Data name="longitud">
            <value>-70.7141908</value>
          </Data>
        </ExtendedData>
        <Point>
          <coordinates>
            -70.7141908,-33.4714602,0
          </coordinates>
        </Point>
      </Placemark>
      <Placemark>
        <name>loc_10</name>
        <description><![CDATA[latitud: -33.4698762<br>longitud: -70.7140728]]></description>
        <styleUrl>#icon-1739-DB4436</styleUrl>
        <ExtendedData>
          <Data name="latitud">
            <value>-33.4698762</value>
          </Data>
          <Data name="longitud">
            <value>-70.7140728</value>
          </Data>
        </ExtendedData>
        <Point>
          <coordinates>
            -70.7140728,-33.4698762,0
          </coordinates>
        </Point>
      </Placemark>
      <Placemark>
        <name>loc_11</name>
        <description><![CDATA[latitud: -33.4719525<br>longitud: -70.7116051]]></description>
        <styleUrl>#icon-1739-DB4436</styleUrl>
        <ExtendedData>
          <Data name="latitud">
            <value>-33.4719525</value>
          </Data>
          <Data name="longitud">
            <value>-70.7116051</value>
          </Data>
        </ExtendedData>
        <Point>
          <coordinates>
            -70.7116051,-33.4719525,0
          </coordinates>
        </Point>
      </Placemark>
      <Placemark>
        <name>loc_12</name>
        <description><![CDATA[latitud: -33.4743241<br>longitud: -70.7121416]]></description>
        <styleUrl>#icon-1739-DB4436</styleUrl>
        <ExtendedData>
          <Data name="latitud">
            <value>-33.4743241</value>
          </Data>
          <Data name="longitud">
            <value>-70.7121416</value>
          </Data>
        </ExtendedData>
        <Point>
          <coordinates>
            -70.7121416,-33.4743241,0
          </coordinates>
        </Point>
      </Placemark>
      <Placemark>
        <name>loc_13</name>
        <description><![CDATA[latitud: -33.4738945<br>longitud: -70.7147702]]></description>
        <styleUrl>#icon-1739-DB4436</styleUrl>
        <ExtendedData>
          <Data name="latitud">
            <value>-33.4738945</value>
          </Data>
          <Data name="longitud">
            <value>-70.7147702</value>
          </Data>
        </ExtendedData>
        <Point>
          <coordinates>
            -70.7147702,-33.4738945,0
          </coordinates>
        </Point>
      </Placemark>
      <Placemark>
        <name>loc_14</name>
        <description><![CDATA[latitud: -33.472391<br>longitud: -70.7086333]]></description>
        <styleUrl>#icon-1739-DB4436</styleUrl>
        <ExtendedData>
          <Data name="latitud">
            <value>-33.472391</value>
          </Data>
          <Data name="longitud">
            <value>-70.7086333</value>
          </Data>
        </ExtendedData>
        <Point>
          <coordinates>
            -70.7086333,-33.472391,0
          </coordinates>
        </Point>
      </Placemark>
      <Placemark>
        <name>loc_15</name>
        <description><![CDATA[latitud: -33.4747984<br>longitud: -70.7091482]]></description>
        <styleUrl>#icon-1739-DB4436</styleUrl>
        <ExtendedData>
          <Data name="latitud">
            <value>-33.4747984</value>
          </Data>
          <Data name="longitud">
            <value>-70.7091482</value>
          </Data>
        </ExtendedData>
        <Point>
          <coordinates>
            -70.7091482,-33.4747984,0
          </coordinates>
        </Point>
      </Placemark>
      <Placemark>
        <name>loc_16</name>
        <description><![CDATA[latitud: -33.4768388<br>longitud: -70.7126673]]></description>
        <styleUrl>#icon-1739-DB4436</styleUrl>
        <ExtendedData>
          <Data name="latitud">
            <value>-33.4768388</value>
          </Data>
          <Data name="longitud">
            <value>-70.7126673</value>
          </Data>
        </ExtendedData>
        <Point>
          <coordinates>
            -70.7126673,-33.4768388,0
          </coordinates>
        </Point>
      </Placemark>
      <Placemark>
        <name>loc_17</name>
        <description><![CDATA[latitud: -33.4771272<br>longitud: -70.7108729]]></description>
        <styleUrl>#icon-1739-DB4436</styleUrl>
        <ExtendedData>
          <Data name="latitud">
            <value>-33.4771272</value>
          </Data>
          <Data name="longitud">
            <value>-70.7108729</value>
          </Data>
        </ExtendedData>
        <Point>
          <coordinates>
            -70.7108729,-33.4771272,0
          </coordinates>
        </Point>
      </Placemark>
      <Placemark>
        <name>loc_18</name>
        <description><![CDATA[latitud: -33.4763933<br>longitud: -70.710036]]></description>
        <styleUrl>#icon-1739-DB4436</styleUrl>
        <ExtendedData>
          <Data name="latitud">
            <value>-33.4763933</value>
          </Data>
          <Data name="longitud">
            <value>-70.710036</value>
          </Data>
        </ExtendedData>
        <Point>
          <coordinates>
            -70.710036,-33.4763933,0
          </coordinates>
        </Point>
      </Placemark>
      <Placemark>
        <name>loc_19</name>
        <description><![CDATA[latitud: -33.475042<br>longitud: -70.7033734]]></description>
        <styleUrl>#icon-1739-DB4436</styleUrl>
        <ExtendedData>
          <Data name="latitud">
            <value>-33.475042</value>
          </Data>
          <Data name="longitud">
            <value>-70.7033734</value>
          </Data>
        </ExtendedData>
        <Point>
          <coordinates>
            -70.7033734,-33.475042,0
          </coordinates>
        </Point>
      </Placemark>
      <Placemark>
        <name>loc_20</name>
        <description><![CDATA[latitud: -33.4758328<br>longitud: -70.7067922]]></description>
        <styleUrl>#icon-1739-DB4436</styleUrl>
        <ExtendedData>
          <Data name="latitud">
            <value>-33.4758328</value>
          </Data>
          <Data name="longitud">
            <value>-70.7067922</value>
          </Data>
        </ExtendedData>
        <Point>
          <coordinates>
            -70.7067922,-33.4758328,0
          </coordinates>
        </Point>
      </Placemark>
      <Placemark>
        <name>loc_21</name>
        <description><![CDATA[latitud: -33.4725948<br>longitud: -70.7072068]]></description>
        <styleUrl>#icon-1739-DB4436</styleUrl>
        <ExtendedData>
          <Data name="latitud">
            <value>-33.4725948</value>
          </Data>
          <Data name="longitud">
            <value>-70.7072068</value>
          </Data>
        </ExtendedData>
        <Point>
          <coordinates>
            -70.7072068,-33.4725948,0
          </coordinates>
        </Point>
      </Placemark>
      <Placemark>
        <name>loc_22</name>
        <description><![CDATA[latitud: -33.476877<br>longitud: -70.6988912]]></description>
        <styleUrl>#icon-1739-DB4436</styleUrl>
        <ExtendedData>
          <Data name="latitud">
            <value>-33.476877</value>
          </Data>
          <Data name="longitud">
            <value>-70.6988912</value>
          </Data>
        </ExtendedData>
        <Point>
          <coordinates>
            -70.6988912,-33.476877,0
          </coordinates>
        </Point>
      </Placemark>
      <Placemark>
        <name>loc_23</name>
        <description><![CDATA[latitud: -33.477226<br>longitud: -70.6962305]]></description>
        <styleUrl>#icon-1739-DB4436</styleUrl>
        <ExtendedData>
          <Data name="latitud">
            <value>-33.477226</value>
          </Data>
          <Data name="longitud">
            <value>-70.6962305</value>
          </Data>
        </ExtendedData>
        <Point>
          <coordinates>
            -70.6962305,-33.477226,0
          </coordinates>
        </Point>
      </Placemark>
      <Placemark>
        <name>loc_24</name>
        <description><![CDATA[latitud: -33.4777182<br>longitud: -70.6997495]]></description>
        <styleUrl>#icon-1739-DB4436</styleUrl>
        <ExtendedData>
          <Data name="latitud">
            <value>-33.4777182</value>
          </Data>
          <Data name="longitud">
            <value>-70.6997495</value>
          </Data>
        </ExtendedData>
        <Point>
          <coordinates>
            -70.6997495,-33.4777182,0
          </coordinates>
        </Point>
      </Placemark>
      <Placemark>
        <name>loc_25</name>
        <description><![CDATA[latitud: -33.4753168<br>longitud: -70.6960287]]></description>
        <styleUrl>#icon-1739-DB4436</styleUrl>
        <ExtendedData>
          <Data name="latitud">
            <value>-33.4753168</value>
          </Data>
          <Data name="longitud">
            <value>-70.6960287</value>
          </Data>
        </ExtendedData>
        <Point>
          <coordinates>
            -70.6960287,-33.4753168,0
          </coordinates>
        </Point>
      </Placemark>
      <Placemark>
        <name>loc_26</name>
        <description><![CDATA[latitud: -33.4743015<br>longitud: -70.696011]]></description>
        <styleUrl>#icon-1739-DB4436</styleUrl>
        <ExtendedData>
          <Data name="latitud">
            <value>-33.4743015</value>
          </Data>
          <Data name="longitud">
            <value>-70.696011</value>
          </Data>
        </ExtendedData>
        <Point>
          <coordinates>
            -70.696011,-33.4743015,0
          </coordinates>
        </Point>
      </Placemark>
      <Placemark>
        <name>loc_27</name>
        <description><![CDATA[latitud: -33.476145<br>longitud: -70.6925134]]></description>
        <styleUrl>#icon-1739-DB4436</styleUrl>
        <ExtendedData>
          <Data name="latitud">
            <value>-33.476145</value>
          </Data>
          <Data name="longitud">
            <value>-70.6925134</value>
          </Data>
        </ExtendedData>
        <Point>
          <coordinates>
            -70.6925134,-33.476145,0
          </coordinates>
        </Point>
      </Placemark>
      <Placemark>
        <name>loc_28</name>
        <description><![CDATA[latitud: -33.4774516<br>longitud: -70.6943443]]></description>
        <styleUrl>#icon-1739-DB4436</styleUrl>
        <ExtendedData>
          <Data name="latitud">
            <value>-33.4774516</value>
          </Data>
          <Data name="longitud">
            <value>-70.6943443</value>
          </Data>
        </ExtendedData>
        <Point>
          <coordinates>
            -70.6943443,-33.4774516,0
          </coordinates>
        </Point>
      </Placemark>
      <Placemark>
        <name>loc_29</name>
        <description><![CDATA[latitud: -33.4759839<br>longitud: -70.6912758]]></description>
        <styleUrl>#icon-1739-DB4436</styleUrl>
        <ExtendedData>
          <Data name="latitud">
            <value>-33.4759839</value>
          </Data>
          <Data name="longitud">
            <value>-70.6912758</value>
          </Data>
        </ExtendedData>
        <Point>
          <coordinates>
            -70.6912758,-33.4759839,0
          </coordinates>
        </Point>
      </Placemark>
      <Placemark>
        <name>loc_30</name>
        <description><![CDATA[latitud: -33.4767428<br>longitud: -70.6904889]]></description>
        <styleUrl>#icon-1739-DB4436</styleUrl>
        <ExtendedData>
          <Data name="latitud">
            <value>-33.4767428</value>
          </Data>
          <Data name="longitud">
            <value>-70.6904889</value>
          </Data>
        </ExtendedData>
        <Point>
          <coordinates>
            -70.6904889,-33.4767428,0
          </coordinates>
        </Point>
      </Placemark>
      <Placemark>
        <name>loc_31</name>
        <description><![CDATA[latitud: -33.4746088<br>longitud: -70.6890787]]></description>
        <styleUrl>#icon-1739-DB4436</styleUrl>
        <ExtendedData>
          <Data name="latitud">
            <value>-33.4746088</value>
          </Data>
          <Data name="longitud">
            <value>-70.6890787</value>
          </Data>
        </ExtendedData>
        <Point>
          <coordinates>
            -70.6890787,-33.4746088,0
          </coordinates>
        </Point>
      </Placemark>
      <Placemark>
        <name>loc_32</name>
        <description><![CDATA[latitud: -33.4731871<br>longitud: -70.68997]]></description>
        <styleUrl>#icon-1739-DB4436</styleUrl>
        <ExtendedData>
          <Data name="latitud">
            <value>-33.4731871</value>
          </Data>
          <Data name="longitud">
            <value>-70.68997</value>
          </Data>
        </ExtendedData>
        <Point>
          <coordinates>
            -70.68997,-33.4731871,0
          </coordinates>
        </Point>
      </Placemark>
      <Placemark>
        <name>loc_33</name>
        <description><![CDATA[latitud: -33.4745653<br>longitud: -70.6927273]]></description>
        <styleUrl>#icon-1739-DB4436</styleUrl>
        <ExtendedData>
          <Data name="latitud">
            <value>-33.4745653</value>
          </Data>
          <Data name="longitud">
            <value>-70.6927273</value>
          </Data>
        </ExtendedData>
        <Point>
          <coordinates>
            -70.6927273,-33.4745653,0
          </coordinates>
        </Point>
      </Placemark>
      <Placemark>
        <name>loc_34</name>
        <description><![CDATA[latitud: -33.4738493<br>longitud: -70.6926951]]></description>
        <styleUrl>#icon-1739-DB4436</styleUrl>
        <ExtendedData>
          <Data name="latitud">
            <value>-33.4738493</value>
          </Data>
          <Data name="longitud">
            <value>-70.6926951</value>
          </Data>
        </ExtendedData>
        <Point>
          <coordinates>
            -70.6926951,-33.4738493,0
          </coordinates>
        </Point>
      </Placemark>
      <Placemark>
        <name>loc_35</name>
        <description><![CDATA[latitud: -33.4733661<br>longitud: -70.692738]]></description>
        <styleUrl>#icon-1739-DB4436</styleUrl>
        <ExtendedData>
          <Data name="latitud">
            <value>-33.4733661</value>
          </Data>
          <Data name="longitud">
            <value>-70.692738</value>
          </Data>
        </ExtendedData>
        <Point>
          <coordinates>
            -70.692738,-33.4733661,0
          </coordinates>
        </Point>
      </Placemark>
      <Placemark>
        <name>loc_36</name>
        <description><![CDATA[latitud: -33.4742789<br>longitud: -70.6942722]]></description>
        <styleUrl>#icon-1739-DB4436</styleUrl>
        <ExtendedData>
          <Data name="latitud">
            <value>-33.4742789</value>
          </Data>
          <Data name="longitud">
            <value>-70.6942722</value>
          </Data>
        </ExtendedData>
        <Point>
          <coordinates>
            -70.6942722,-33.4742789,0
          </coordinates>
        </Point>
      </Placemark>
      <Placemark>
        <name>loc_37</name>
        <description><![CDATA[latitud: -33.4738135<br>longitud: -70.6943581]]></description>
        <styleUrl>#icon-1739-DB4436</styleUrl>
        <ExtendedData>
          <Data name="latitud">
            <value>-33.4738135</value>
          </Data>
          <Data name="longitud">
            <value>-70.6943581</value>
          </Data>
        </ExtendedData>
        <Point>
          <coordinates>
            -70.6943581,-33.4738135,0
          </coordinates>
        </Point>
      </Placemark>
      <Placemark>
        <name>loc_38</name>
        <description><![CDATA[latitud: -33.4725517<br>longitud: -70.6961391]]></description>
        <styleUrl>#icon-1739-DB4436</styleUrl>
        <ExtendedData>
          <Data name="latitud">
            <value>-33.4725517</value>
          </Data>
          <Data name="longitud">
            <value>-70.6961391</value>
          </Data>
        </ExtendedData>
        <Point>
          <coordinates>
            -70.6961391,-33.4725517,0
          </coordinates>
        </Point>
      </Placemark>
      <Placemark>
        <name>loc_39</name>
        <description><![CDATA[latitud: -33.4713465<br>longitud: -70.6928522]]></description>
        <styleUrl>#icon-1739-DB4436</styleUrl>
        <ExtendedData>
          <Data name="latitud">
            <value>-33.4713465</value>
          </Data>
          <Data name="longitud">
            <value>-70.6928522</value>
          </Data>
        </ExtendedData>
        <Point>
          <coordinates>
            -70.6928522,-33.4713465,0
          </coordinates>
        </Point>
      </Placemark>
      <Placemark>
        <name>loc_40</name>
        <description><![CDATA[latitud: -33.4698921<br>longitud: -70.6963016]]></description>
        <styleUrl>#icon-1739-DB4436</styleUrl>
        <ExtendedData>
          <Data name="latitud">
            <value>-33.4698921</value>
          </Data>
          <Data name="longitud">
            <value>-70.6963016</value>
          </Data>
        </ExtendedData>
        <Point>
          <coordinates>
            -70.6963016,-33.4698921,0
          </coordinates>
        </Point>
      </Placemark>
      <Placemark>
        <name>loc_41</name>
        <description><![CDATA[latitud: -33.4676636<br>longitud: -70.6963446]]></description>
        <styleUrl>#icon-1739-DB4436</styleUrl>
        <ExtendedData>
          <Data name="latitud">
            <value>-33.4676636</value>
          </Data>
          <Data name="longitud">
            <value>-70.6963446</value>
          </Data>
        </ExtendedData>
        <Point>
          <coordinates>
            -70.6963446,-33.4676636,0
          </coordinates>
        </Point>
      </Placemark>
      <Placemark>
        <name>loc_42</name>
        <description><![CDATA[latitud: -33.4698742<br>longitud: -70.6951858]]></description>
        <styleUrl>#icon-1739-DB4436</styleUrl>
        <ExtendedData>
          <Data name="latitud">
            <value>-33.4698742</value>
          </Data>
          <Data name="longitud">
            <value>-70.6951858</value>
          </Data>
        </ExtendedData>
        <Point>
          <coordinates>
            -70.6951858,-33.4698742,0
          </coordinates>
        </Point>
      </Placemark>
      <Placemark>
        <name>loc_43</name>
        <description><![CDATA[latitud: -33.467583<br>longitud: -70.6947245]]></description>
        <styleUrl>#icon-1739-DB4436</styleUrl>
        <ExtendedData>
          <Data name="latitud">
            <value>-33.467583</value>
          </Data>
          <Data name="longitud">
            <value>-70.6947245</value>
          </Data>
        </ExtendedData>
        <Point>
          <coordinates>
            -70.6947245,-33.467583,0
          </coordinates>
        </Point>
      </Placemark>
      <Placemark>
        <name>loc_44</name>
        <description><![CDATA[latitud: -33.4674309<br>longitud: -70.6930937]]></description>
        <styleUrl>#icon-1739-DB4436</styleUrl>
        <ExtendedData>
          <Data name="latitud">
            <value>-33.4674309</value>
          </Data>
          <Data name="longitud">
            <value>-70.6930937</value>
          </Data>
        </ExtendedData>
        <Point>
          <coordinates>
            -70.6930937,-33.4674309,0
          </coordinates>
        </Point>
      </Placemark>
      <Placemark>
        <name>loc_45</name>
        <description><![CDATA[latitud: -33.4692477<br>longitud: -70.6929006]]></description>
        <styleUrl>#icon-1739-DB4436</styleUrl>
        <ExtendedData>
          <Data name="latitud">
            <value>-33.4692477</value>
          </Data>
          <Data name="longitud">
            <value>-70.6929006</value>
          </Data>
        </ExtendedData>
        <Point>
          <coordinates>
            -70.6929006,-33.4692477,0
          </coordinates>
        </Point>
      </Placemark>
      <Placemark>
        <name>loc_46</name>
        <description><![CDATA[latitud: -33.468478<br>longitud: -70.6913342]]></description>
        <styleUrl>#icon-1739-DB4436</styleUrl>
        <ExtendedData>
          <Data name="latitud">
            <value>-33.468478</value>
          </Data>
          <Data name="longitud">
            <value>-70.6913342</value>
          </Data>
        </ExtendedData>
        <Point>
          <coordinates>
            -70.6913342,-33.468478,0
          </coordinates>
        </Point>
      </Placemark>
      <Placemark>
        <name>loc_47</name>
        <description><![CDATA[latitud: -33.4671892<br>longitud: -70.6913664]]></description>
        <styleUrl>#icon-1739-DB4436</styleUrl>
        <ExtendedData>
          <Data name="latitud">
            <value>-33.4671892</value>
          </Data>
          <Data name="longitud">
            <value>-70.6913664</value>
          </Data>
        </ExtendedData>
        <Point>
          <coordinates>
            -70.6913664,-33.4671892,0
          </coordinates>
        </Point>
      </Placemark>
      <Placemark>
        <name>loc_48</name>
        <description><![CDATA[latitud: -33.4643163<br>longitud: -70.6931814]]></description>
        <styleUrl>#icon-1739-DB4436</styleUrl>
        <ExtendedData>
          <Data name="latitud">
            <value>-33.4643163</value>
          </Data>
          <Data name="longitud">
            <value>-70.6931814</value>
          </Data>
        </ExtendedData>
        <Point>
          <coordinates>
            -70.6931814,-33.4643163,0
          </coordinates>
        </Point>
      </Placemark>
      <Placemark>
        <name>loc_49</name>
        <description><![CDATA[latitud: -33.4718709<br>longitud: -70.7044674]]></description>
        <styleUrl>#icon-1739-DB4436</styleUrl>
        <ExtendedData>
          <Data name="latitud">
            <value>-33.4718709</value>
          </Data>
          <Data name="longitud">
            <value>-70.7044674</value>
          </Data>
        </ExtendedData>
        <Point>
          <coordinates>
            -70.7044674,-33.4718709,0
          </coordinates>
        </Point>
      </Placemark>
      <Placemark>
        <name>loc_50</name>
        <description><![CDATA[latitud: -33.4687287<br>longitud: -70.7047131]]></description>
        <styleUrl>#icon-1739-DB4436</styleUrl>
        <ExtendedData>
          <Data name="latitud">
            <value>-33.4687287</value>
          </Data>
          <Data name="longitud">
            <value>-70.7047131</value>
          </Data>
        </ExtendedData>
        <Point>
          <coordinates>
            -70.7047131,-33.4687287,0
          </coordinates>
        </Point>
      </Placemark>
      <Placemark>
        <name>loc_51</name>
        <description><![CDATA[latitud: -33.4659724<br>longitud: -70.7048352]]></description>
        <styleUrl>#icon-1739-DB4436</styleUrl>
        <ExtendedData>
          <Data name="latitud">
            <value>-33.4659724</value>
          </Data>
          <Data name="longitud">
            <value>-70.7048352</value>
          </Data>
        </ExtendedData>
        <Point>
          <coordinates>
            -70.7048352,-33.4659724,0
          </coordinates>
        </Point>
      </Placemark>
      <Placemark>
        <name>loc_52</name>
        <description><![CDATA[latitud: -33.4690959<br>longitud: -70.7021745]]></description>
        <styleUrl>#icon-1739-DB4436</styleUrl>
        <ExtendedData>
          <Data name="latitud">
            <value>-33.4690959</value>
          </Data>
          <Data name="longitud">
            <value>-70.7021745</value>
          </Data>
        </ExtendedData>
        <Point>
          <coordinates>
            -70.7021745,-33.4690959,0
          </coordinates>
        </Point>
      </Placemark>
      <Placemark>
        <name>loc_53</name>
        <description><![CDATA[latitud: -33.4658829<br>longitud: -70.7032045]]></description>
        <styleUrl>#icon-1739-DB4436</styleUrl>
        <ExtendedData>
          <Data name="latitud">
            <value>-33.4658829</value>
          </Data>
          <Data name="longitud">
            <value>-70.7032045</value>
          </Data>
        </ExtendedData>
        <Point>
          <coordinates>
            -70.7032045,-33.4658829,0
          </coordinates>
        </Point>
      </Placemark>
      <Placemark>
        <name>loc_54</name>
        <description><![CDATA[latitud: -33.4647833<br>longitud: -70.7048855]]></description>
        <styleUrl>#icon-1739-DB4436</styleUrl>
        <ExtendedData>
          <Data name="latitud">
            <value>-33.4647833</value>
          </Data>
          <Data name="longitud">
            <value>-70.7048855</value>
          </Data>
        </ExtendedData>
        <Point>
          <coordinates>
            -70.7048855,-33.4647833,0
          </coordinates>
        </Point>
      </Placemark>
      <Placemark>
        <name>loc_55</name>
        <description><![CDATA[latitud: -33.4642016<br>longitud: -70.7033137]]></description>
        <styleUrl>#icon-1739-DB4436</styleUrl>
        <ExtendedData>
          <Data name="latitud">
            <value>-33.4642016</value>
          </Data>
          <Data name="longitud">
            <value>-70.7033137</value>
          </Data>
        </ExtendedData>
        <Point>
          <coordinates>
            -70.7033137,-33.4642016,0
          </coordinates>
        </Point>
      </Placemark>
      <Placemark>
        <name>loc_56</name>
        <description><![CDATA[latitud: -33.4630749<br>longitud: -70.7006908]]></description>
        <styleUrl>#icon-1739-DB4436</styleUrl>
        <ExtendedData>
          <Data name="latitud">
            <value>-33.4630749</value>
          </Data>
          <Data name="longitud">
            <value>-70.7006908</value>
          </Data>
        </ExtendedData>
        <Point>
          <coordinates>
            -70.7006908,-33.4630749,0
          </coordinates>
        </Point>
      </Placemark>
      <Placemark>
        <name>loc_57</name>
        <description><![CDATA[latitud: -33.4619681<br>longitud: -70.69847]]></description>
        <styleUrl>#icon-1739-DB4436</styleUrl>
        <ExtendedData>
          <Data name="latitud">
            <value>-33.4619681</value>
          </Data>
          <Data name="longitud">
            <value>-70.69847</value>
          </Data>
        </ExtendedData>
        <Point>
          <coordinates>
            -70.69847,-33.4619681,0
          </coordinates>
        </Point>
      </Placemark>
      <Placemark>
        <name>loc_58</name>
        <description><![CDATA[latitud: -33.460545<br>longitud: -70.6960238]]></description>
        <styleUrl>#icon-1739-DB4436</styleUrl>
        <ExtendedData>
          <Data name="latitud">
            <value>-33.460545</value>
          </Data>
          <Data name="longitud">
            <value>-70.6960238</value>
          </Data>
        </ExtendedData>
        <Point>
          <coordinates>
            -70.6960238,-33.460545,0
          </coordinates>
        </Point>
      </Placemark>
      <Placemark>
        <name>loc_59</name>
        <description><![CDATA[latitud: -33.4585225<br>longitud: -70.6964567]]></description>
        <styleUrl>#icon-1739-DB4436</styleUrl>
        <ExtendedData>
          <Data name="latitud">
            <value>-33.4585225</value>
          </Data>
          <Data name="longitud">
            <value>-70.6964567</value>
          </Data>
        </ExtendedData>
        <Point>
          <coordinates>
            -70.6964567,-33.4585225,0
          </coordinates>
        </Point>
      </Placemark>
      <Placemark>
        <name>loc_60</name>
        <description><![CDATA[latitud: -33.4570866<br>longitud: -70.6967855]]></description>
        <styleUrl>#icon-1739-DB4436</styleUrl>
        <ExtendedData>
          <Data name="latitud">
            <value>-33.4570866</value>
          </Data>
          <Data name="longitud">
            <value>-70.6967855</value>
          </Data>
        </ExtendedData>
        <Point>
          <coordinates>
            -70.6967855,-33.4570866,0
          </coordinates>
        </Point>
      </Placemark>
      <Placemark>
        <name>loc_61</name>
        <description><![CDATA[latitud: -33.4586174<br>longitud: -70.6998973]]></description>
        <styleUrl>#icon-1739-DB4436</styleUrl>
        <ExtendedData>
          <Data name="latitud">
            <value>-33.4586174</value>
          </Data>
          <Data name="longitud">
            <value>-70.6998973</value>
          </Data>
        </ExtendedData>
        <Point>
          <coordinates>
            -70.6998973,-33.4586174,0
          </coordinates>
        </Point>
      </Placemark>
      <Placemark>
        <name>loc_62</name>
        <description><![CDATA[latitud: -33.465501<br>longitud: -70.6970803]]></description>
        <styleUrl>#icon-1739-DB4436</styleUrl>
        <ExtendedData>
          <Data name="latitud">
            <value>-33.465501</value>
          </Data>
          <Data name="longitud">
            <value>-70.6970803</value>
          </Data>
        </ExtendedData>
        <Point>
          <coordinates>
            -70.6970803,-33.465501,0
          </coordinates>
        </Point>
      </Placemark>
      <Placemark>
        <name>loc_63</name>
        <description><![CDATA[latitud: -33.4728894<br>longitud: -70.6884096]]></description>
        <styleUrl>#icon-1739-DB4436</styleUrl>
        <ExtendedData>
          <Data name="latitud">
            <value>-33.4728894</value>
          </Data>
          <Data name="longitud">
            <value>-70.6884096</value>
          </Data>
        </ExtendedData>
        <Point>
          <coordinates>
            -70.6884096,-33.4728894,0
          </coordinates>
        </Point>
      </Placemark>
      <Placemark>
        <name>loc_64</name>
        <description><![CDATA[latitud: -33.4713053<br>longitud: -70.6883989]]></description>
        <styleUrl>#icon-1739-DB4436</styleUrl>
        <ExtendedData>
          <Data name="latitud">
            <value>-33.4713053</value>
          </Data>
          <Data name="longitud">
            <value>-70.6883989</value>
          </Data>
        </ExtendedData>
        <Point>
          <coordinates>
            -70.6883989,-33.4713053,0
          </coordinates>
        </Point>
      </Placemark>
      <Placemark>
        <name>loc_65</name>
        <description><![CDATA[latitud: -33.4684326<br>longitud: -70.6883238]]></description>
        <styleUrl>#icon-1739-DB4436</styleUrl>
        <ExtendedData>
          <Data name="latitud">
            <value>-33.4684326</value>
          </Data>
          <Data name="longitud">
            <value>-70.6883238</value>
          </Data>
        </ExtendedData>
        <Point>
          <coordinates>
            -70.6883238,-33.4684326,0
          </coordinates>
        </Point>
      </Placemark>
      <Placemark>
        <name>loc_66</name>
        <description><![CDATA[latitud: -33.4668096<br>longitud: -70.6883727]]></description>
        <styleUrl>#icon-1739-DB4436</styleUrl>
        <ExtendedData>
          <Data name="latitud">
            <value>-33.4668096</value>
          </Data>
          <Data name="longitud">
            <value>-70.6883727</value>
          </Data>
        </ExtendedData>
        <Point>
          <coordinates>
            -70.6883727,-33.4668096,0
          </coordinates>
        </Point>
      </Placemark>
      <Placemark>
        <name>loc_67</name>
        <description><![CDATA[latitud: -33.4641961<br>longitud: -70.6915055]]></description>
        <styleUrl>#icon-1739-DB4436</styleUrl>
        <ExtendedData>
          <Data name="latitud">
            <value>-33.4641961</value>
          </Data>
          <Data name="longitud">
            <value>-70.6915055</value>
          </Data>
        </ExtendedData>
        <Point>
          <coordinates>
            -70.6915055,-33.4641961,0
          </coordinates>
        </Point>
      </Placemark>
      <Placemark>
        <name>loc_68</name>
        <description><![CDATA[latitud: -33.465646<br>longitud: -70.6914197]]></description>
        <styleUrl>#icon-1739-DB4436</styleUrl>
        <ExtendedData>
          <Data name="latitud">
            <value>-33.465646</value>
          </Data>
          <Data name="longitud">
            <value>-70.6914197</value>
          </Data>
        </ExtendedData>
        <Point>
          <coordinates>
            -70.6914197,-33.465646,0
          </coordinates>
        </Point>
      </Placemark>
      <Placemark>
        <name>loc_69</name>
        <description><![CDATA[latitud: -33.4618799<br>longitud: -70.6933054]]></description>
        <styleUrl>#icon-1739-DB4436</styleUrl>
        <ExtendedData>
          <Data name="latitud">
            <value>-33.4618799</value>
          </Data>
          <Data name="longitud">
            <value>-70.6933054</value>
          </Data>
        </ExtendedData>
        <Point>
          <coordinates>
            -70.6933054,-33.4618799,0
          </coordinates>
        </Point>
      </Placemark>
      <Placemark>
        <name>loc_70</name>
        <description><![CDATA[latitud: -33.4595438<br>longitud: -70.6934448]]></description>
        <styleUrl>#icon-1739-DB4436</styleUrl>
        <ExtendedData>
          <Data name="latitud">
            <value>-33.4595438</value>
          </Data>
          <Data name="longitud">
            <value>-70.6934448</value>
          </Data>
        </ExtendedData>
        <Point>
          <coordinates>
            -70.6934448,-33.4595438,0
          </coordinates>
        </Point>
      </Placemark>
      <Placemark>
        <name>loc_71</name>
        <description><![CDATA[latitud: -33.45915<br>longitud: -70.6917926]]></description>
        <styleUrl>#icon-1739-DB4436</styleUrl>
        <ExtendedData>
          <Data name="latitud">
            <value>-33.45915</value>
          </Data>
          <Data name="longitud">
            <value>-70.6917926</value>
          </Data>
        </ExtendedData>
        <Point>
          <coordinates>
            -70.6917926,-33.45915,0
          </coordinates>
        </Point>
      </Placemark>
      <Placemark>
        <name>loc_72</name>
        <description><![CDATA[latitud: -33.459141<br>longitud: -70.6905373]]></description>
        <styleUrl>#icon-1739-DB4436</styleUrl>
        <ExtendedData>
          <Data name="latitud">
            <value>-33.459141</value>
          </Data>
          <Data name="longitud">
            <value>-70.6905373</value>
          </Data>
        </ExtendedData>
        <Point>
          <coordinates>
            -70.6905373,-33.459141,0
          </coordinates>
        </Point>
      </Placemark>
      <Placemark>
        <name>loc_73</name>
        <description><![CDATA[latitud: -33.4590963<br>longitud: -70.6892713]]></description>
        <styleUrl>#icon-1739-DB4436</styleUrl>
        <ExtendedData>
          <Data name="latitud">
            <value>-33.4590963</value>
          </Data>
          <Data name="longitud">
            <value>-70.6892713</value>
          </Data>
        </ExtendedData>
        <Point>
          <coordinates>
            -70.6892713,-33.4590963,0
          </coordinates>
        </Point>
      </Placemark>
      <Placemark>
        <name>loc_74</name>
        <description><![CDATA[latitud: -33.4617188<br>longitud: -70.6904086]]></description>
        <styleUrl>#icon-1739-DB4436</styleUrl>
        <ExtendedData>
          <Data name="latitud">
            <value>-33.4617188</value>
          </Data>
          <Data name="longitud">
            <value>-70.6904086</value>
          </Data>
        </ExtendedData>
        <Point>
          <coordinates>
            -70.6904086,-33.4617188,0
          </coordinates>
        </Point>
      </Placemark>
      <Placemark>
        <name>loc_75</name>
        <description><![CDATA[latitud: -33.4605911<br>longitud: -70.6905051]]></description>
        <styleUrl>#icon-1739-DB4436</styleUrl>
        <ExtendedData>
          <Data name="latitud">
            <value>-33.4605911</value>
          </Data>
          <Data name="longitud">
            <value>-70.6905051</value>
          </Data>
        </ExtendedData>
        <Point>
          <coordinates>
            -70.6905051,-33.4605911,0
          </coordinates>
        </Point>
      </Placemark>
      <Placemark>
        <name>loc_76</name>
        <description><![CDATA[latitud: -33.4606448<br>longitud: -70.6917389]]></description>
        <styleUrl>#icon-1739-DB4436</styleUrl>
        <ExtendedData>
          <Data name="latitud">
            <value>-33.4606448</value>
          </Data>
          <Data name="longitud">
            <value>-70.6917389</value>
          </Data>
        </ExtendedData>
        <Point>
          <coordinates>
            -70.6917389,-33.4606448,0
          </coordinates>
        </Point>
      </Placemark>
      <Placemark>
        <name>loc_77</name>
        <description><![CDATA[latitud: -33.4604478<br>longitud: -70.6888207]]></description>
        <styleUrl>#icon-1739-DB4436</styleUrl>
        <ExtendedData>
          <Data name="latitud">
            <value>-33.4604478</value>
          </Data>
          <Data name="longitud">
            <value>-70.6888207</value>
          </Data>
        </ExtendedData>
        <Point>
          <coordinates>
            -70.6888207,-33.4604478,0
          </coordinates>
        </Point>
      </Placemark>
      <Placemark>
        <name>loc_78</name>
        <description><![CDATA[latitud: -33.461683<br>longitud: -70.6885096]]></description>
        <styleUrl>#icon-1739-DB4436</styleUrl>
        <ExtendedData>
          <Data name="latitud">
            <value>-33.461683</value>
          </Data>
          <Data name="longitud">
            <value>-70.6885096</value>
          </Data>
        </ExtendedData>
        <Point>
          <coordinates>
            -70.6885096,-33.461683,0
          </coordinates>
        </Point>
      </Placemark>
      <Placemark>
        <name>loc_79</name>
        <description><![CDATA[latitud: -33.4626586<br>longitud: -70.6883486]]></description>
        <styleUrl>#icon-1739-DB4436</styleUrl>
        <ExtendedData>
          <Data name="latitud">
            <value>-33.4626586</value>
          </Data>
          <Data name="longitud">
            <value>-70.6883486</value>
          </Data>
        </ExtendedData>
        <Point>
          <coordinates>
            -70.6883486,-33.4626586,0
          </coordinates>
        </Point>
      </Placemark>
      <Placemark>
        <name>loc_80</name>
        <description><![CDATA[latitud: -33.4641355<br>longitud: -70.6882413]]></description>
        <styleUrl>#icon-1739-DB4436</styleUrl>
        <ExtendedData>
          <Data name="latitud">
            <value>-33.4641355</value>
          </Data>
          <Data name="longitud">
            <value>-70.6882413</value>
          </Data>
        </ExtendedData>
        <Point>
          <coordinates>
            -70.6882413,-33.4641355,0
          </coordinates>
        </Point>
      </Placemark>
      <Placemark>
        <name>loc_81</name>
        <description><![CDATA[latitud: -33.4641861<br>longitud: -70.6843279]]></description>
        <styleUrl>#icon-1739-DB4436</styleUrl>
        <ExtendedData>
          <Data name="latitud">
            <value>-33.4641861</value>
          </Data>
          <Data name="longitud">
            <value>-70.6843279</value>
          </Data>
        </ExtendedData>
        <Point>
          <coordinates>
            -70.6843279,-33.4641861,0
          </coordinates>
        </Point>
      </Placemark>
      <Placemark>
        <name>loc_82</name>
        <description><![CDATA[latitud: -33.4640071<br>longitud: -70.6811307]]></description>
        <styleUrl>#icon-1739-DB4436</styleUrl>
        <ExtendedData>
          <Data name="latitud">
            <value>-33.4640071</value>
          </Data>
          <Data name="longitud">
            <value>-70.6811307</value>
          </Data>
        </ExtendedData>
        <Point>
          <coordinates>
            -70.6811307,-33.4640071,0
          </coordinates>
        </Point>
      </Placemark>
      <Placemark>
        <name>loc_83</name>
        <description><![CDATA[latitud: -33.4591022<br>longitud: -70.684006]]></description>
        <styleUrl>#icon-1739-DB4436</styleUrl>
        <ExtendedData>
          <Data name="latitud">
            <value>-33.4591022</value>
          </Data>
          <Data name="longitud">
            <value>-70.684006</value>
          </Data>
        </ExtendedData>
        <Point>
          <coordinates>
            -70.684006,-33.4591022,0
          </coordinates>
        </Point>
      </Placemark>
      <Placemark>
        <name>loc_84</name>
        <description><![CDATA[latitud: -33.4589053<br>longitud: -70.6807659]]></description>
        <styleUrl>#icon-1739-DB4436</styleUrl>
        <ExtendedData>
          <Data name="latitud">
            <value>-33.4589053</value>
          </Data>
          <Data name="longitud">
            <value>-70.6807659</value>
          </Data>
        </ExtendedData>
        <Point>
          <coordinates>
            -70.6807659,-33.4589053,0
          </coordinates>
        </Point>
      </Placemark>
      <Placemark>
        <name>loc_85</name>
        <description><![CDATA[latitud: -33.4614473<br>longitud: -70.6841133]]></description>
        <styleUrl>#icon-1739-DB4436</styleUrl>
        <ExtendedData>
          <Data name="latitud">
            <value>-33.4614473</value>
          </Data>
          <Data name="longitud">
            <value>-70.6841133</value>
          </Data>
        </ExtendedData>
        <Point>
          <coordinates>
            -70.6841133,-33.4614473,0
          </coordinates>
        </Point>
      </Placemark>
      <Placemark>
        <name>loc_86</name>
        <description><![CDATA[latitud: -33.455486<br>longitud: -70.6838773]]></description>
        <styleUrl>#icon-1739-DB4436</styleUrl>
        <ExtendedData>
          <Data name="latitud">
            <value>-33.455486</value>
          </Data>
          <Data name="longitud">
            <value>-70.6838773</value>
          </Data>
        </ExtendedData>
        <Point>
          <coordinates>
            -70.6838773,-33.455486,0
          </coordinates>
        </Point>
      </Placemark>
      <Placemark>
        <name>loc_87</name>
        <description><![CDATA[latitud: -33.4524246<br>longitud: -70.6851218]]></description>
        <styleUrl>#icon-1739-DB4436</styleUrl>
        <ExtendedData>
          <Data name="latitud">
            <value>-33.4524246</value>
          </Data>
          <Data name="longitud">
            <value>-70.6851218</value>
          </Data>
        </ExtendedData>
        <Point>
          <coordinates>
            -70.6851218,-33.4524246,0
          </coordinates>
        </Point>
      </Placemark>
      <Placemark>
        <name>loc_88</name>
        <description><![CDATA[latitud: -33.457867<br>longitud: -70.6892202]]></description>
        <styleUrl>#icon-1739-DB4436</styleUrl>
        <ExtendedData>
          <Data name="latitud">
            <value>-33.457867</value>
          </Data>
          <Data name="longitud">
            <value>-70.6892202</value>
          </Data>
        </ExtendedData>
        <Point>
          <coordinates>
            -70.6892202,-33.457867,0
          </coordinates>
        </Point>
      </Placemark>
      <Placemark>
        <name>loc_89</name>
        <description><![CDATA[latitud: -33.4538747<br>longitud: -70.6905077]]></description>
        <styleUrl>#icon-1739-DB4436</styleUrl>
        <ExtendedData>
          <Data name="latitud">
            <value>-33.4538747</value>
          </Data>
          <Data name="longitud">
            <value>-70.6905077</value>
          </Data>
        </ExtendedData>
        <Point>
          <coordinates>
            -70.6905077,-33.4538747,0
          </coordinates>
        </Point>
      </Placemark>
      <Placemark>
        <name>loc_90</name>
        <description><![CDATA[latitud: -33.4530215<br>longitud: -70.6877536]]></description>
        <styleUrl>#icon-1739-DB4436</styleUrl>
        <ExtendedData>
          <Data name="latitud">
            <value>-33.4530215</value>
          </Data>
          <Data name="longitud">
            <value>-70.6877536</value>
          </Data>
        </ExtendedData>
        <Point>
          <coordinates>
            -70.6877536,-33.4530215,0
          </coordinates>
        </Point>
      </Placemark>
      <Placemark>
        <name>loc_91</name>
        <description><![CDATA[latitud: -33.466832<br>longitud: -70.6844558]]></description>
        <styleUrl>#icon-1739-DB4436</styleUrl>
        <ExtendedData>
          <Data name="latitud">
            <value>-33.466832</value>
          </Data>
          <Data name="longitud">
            <value>-70.6844558</value>
          </Data>
        </ExtendedData>
        <Point>
          <coordinates>
            -70.6844558,-33.466832,0
          </coordinates>
        </Point>
      </Placemark>
      <Placemark>
        <name>loc_92</name>
        <description><![CDATA[latitud: -33.4549007<br>longitud: -70.6888116]]></description>
        <styleUrl>#icon-1739-DB4436</styleUrl>
        <ExtendedData>
          <Data name="latitud">
            <value>-33.4549007</value>
          </Data>
          <Data name="longitud">
            <value>-70.6888116</value>
          </Data>
        </ExtendedData>
        <Point>
          <coordinates>
            -70.6888116,-33.4549007,0
          </coordinates>
        </Point>
      </Placemark>
      <Placemark>
        <name>loc_93</name>
        <description><![CDATA[latitud: -33.461247<br>longitud: -70.6809582]]></description>
        <styleUrl>#icon-1739-DB4436</styleUrl>
        <ExtendedData>
          <Data name="latitud">
            <value>-33.461247</value>
          </Data>
          <Data name="longitud">
            <value>-70.6809582</value>
          </Data>
        </ExtendedData>
        <Point>
          <coordinates>
            -70.6809582,-33.461247,0
          </coordinates>
        </Point>
      </Placemark>
      <Placemark>
        <name>loc_94</name>
        <description><![CDATA[latitud: -33.4541817<br>longitud: -70.6805584]]></description>
        <styleUrl>#icon-1739-DB4436</styleUrl>
        <ExtendedData>
          <Data name="latitud">
            <value>-33.4541817</value>
          </Data>
          <Data name="longitud">
            <value>-70.6805584</value>
          </Data>
        </ExtendedData>
        <Point>
          <coordinates>
            -70.6805584,-33.4541817,0
          </coordinates>
        </Point>
      </Placemark>
      <Placemark>
        <name>loc_95</name>
        <description><![CDATA[latitud: -33.4514526<br>longitud: -70.6803724]]></description>
        <styleUrl>#icon-1739-DB4436</styleUrl>
        <ExtendedData>
          <Data name="latitud">
            <value>-33.4514526</value>
          </Data>
          <Data name="longitud">
            <value>-70.6803724</value>
          </Data>
        </ExtendedData>
        <Point>
          <coordinates>
            -70.6803724,-33.4514526,0
          </coordinates>
        </Point>
      </Placemark>
      <Placemark>
        <name>loc_96</name>
        <description><![CDATA[latitud: -33.4790758<br>longitud: -70.6987879]]></description>
        <styleUrl>#icon-1739-DB4436</styleUrl>
        <ExtendedData>
          <Data name="latitud">
            <value>-33.4790758</value>
          </Data>
          <Data name="longitud">
            <value>-70.6987879</value>
          </Data>
        </ExtendedData>
        <Point>
          <coordinates>
            -70.6987879,-33.4790758,0
          </coordinates>
        </Point>
      </Placemark>
      <Placemark>
        <name>loc_97</name>
        <description><![CDATA[latitud: -33.4791474<br>longitud: -70.7012877]]></description>
        <styleUrl>#icon-1739-DB4436</styleUrl>
        <ExtendedData>
          <Data name="latitud">
            <value>-33.4791474</value>
          </Data>
          <Data name="longitud">
            <value>-70.7012877</value>
          </Data>
        </ExtendedData>
        <Point>
          <coordinates>
            -70.7012877,-33.4791474,0
          </coordinates>
        </Point>
      </Placemark>
      <Placemark>
        <name>loc_98</name>
        <description><![CDATA[latitud: -33.4741706<br>longitud: -70.6995872]]></description>
        <styleUrl>#icon-1739-DB4436</styleUrl>
        <ExtendedData>
          <Data name="latitud">
            <value>-33.4741706</value>
          </Data>
          <Data name="longitud">
            <value>-70.6995872</value>
          </Data>
        </ExtendedData>
        <Point>
          <coordinates>
            -70.6995872,-33.4741706,0
          </coordinates>
        </Point>
      </Placemark>
      <Placemark>
        <name>loc_99</name>
        <description><![CDATA[latitud: -33.4758629<br>longitud: -70.7182465]]></description>
        <styleUrl>#icon-1739-DB4436</styleUrl>
        <ExtendedData>
          <Data name="latitud">
            <value>-33.4758629</value>
          </Data>
          <Data name="longitud">
            <value>-70.7182465</value>
          </Data>
        </ExtendedData>
        <Point>
          <coordinates>
            -70.7182465,-33.4758629,0
          </coordinates>
        </Point>
      </Placemark>
      <Placemark>
        <name>loc_100</name>
        <description><![CDATA[latitud: -33.4743594<br>longitud: -70.7198559]]></description>
        <styleUrl>#icon-1739-DB4436</styleUrl>
        <ExtendedData>
          <Data name="latitud">
            <value>-33.4743594</value>
          </Data>
          <Data name="longitud">
            <value>-70.7198559</value>
          </Data>
        </ExtendedData>
        <Point>
          <coordinates>
            -70.7198559,-33.4743594,0
          </coordinates>
        </Point>
      </Placemark>
      <Placemark>
        <name>loc_101</name>
        <description><![CDATA[latitud: -33.4783328<br>longitud: -70.7141159]]></description>
        <styleUrl>#icon-1739-DB4436</styleUrl>
        <ExtendedData>
          <Data name="latitud">
            <value>-33.4783328</value>
          </Data>
          <Data name="longitud">
            <value>-70.7141159</value>
          </Data>
        </ExtendedData>
        <Point>
          <coordinates>
            -70.7141159,-33.4783328,0
          </coordinates>
        </Point>
      </Placemark>
      <Placemark>
        <name>loc_102</name>
        <description><![CDATA[latitud: -33.4780554<br>longitud: -70.7158647]]></description>
        <styleUrl>#icon-1739-DB4436</styleUrl>
        <ExtendedData>
          <Data name="latitud">
            <value>-33.4780554</value>
          </Data>
          <Data name="longitud">
            <value>-70.7158647</value>
          </Data>
        </ExtendedData>
        <Point>
          <coordinates>
            -70.7158647,-33.4780554,0
          </coordinates>
        </Point>
      </Placemark>
      <Placemark>
        <name>loc_103</name>
        <description><![CDATA[latitud: -33.4780912<br>longitud: -70.7129143]]></description>
        <styleUrl>#icon-1739-DB4436</styleUrl>
        <ExtendedData>
          <Data name="latitud">
            <value>-33.4780912</value>
          </Data>
          <Data name="longitud">
            <value>-70.7129143</value>
          </Data>
        </ExtendedData>
        <Point>
          <coordinates>
            -70.7129143,-33.4780912,0
          </coordinates>
        </Point>
      </Placemark>
      <Placemark>
        <name>loc_104</name>
        <description><![CDATA[latitud: -33.472336<br>longitud: -70.7023863]]></description>
        <styleUrl>#icon-1739-DB4436</styleUrl>
        <ExtendedData>
          <Data name="latitud">
            <value>-33.472336</value>
          </Data>
          <Data name="longitud">
            <value>-70.7023863</value>
          </Data>
        </ExtendedData>
        <Point>
          <coordinates>
            -70.7023863,-33.472336,0
          </coordinates>
        </Point>
      </Placemark>
      <Placemark>
        <name>loc_105</name>
        <description><![CDATA[latitud: -33.4651961<br>longitud: -70.703219]]></description>
        <styleUrl>#icon-1739-DB4436</styleUrl>
        <ExtendedData>
          <Data name="latitud">
            <value>-33.4651961</value>
          </Data>
          <Data name="longitud">
            <value>-70.703219</value>
          </Data>
        </ExtendedData>
        <Point>
          <coordinates>
            -70.703219,-33.4651961,0
          </coordinates>
        </Point>
      </Placemark>
      <Placemark>
        <name>loc_106</name>
        <description><![CDATA[latitud: -33.4630412<br>longitud: -70.6953234]]></description>
        <styleUrl>#icon-1739-DB4436</styleUrl>
        <ExtendedData>
          <Data name="latitud">
            <value>-33.4630412</value>
          </Data>
          <Data name="longitud">
            <value>-70.6953234</value>
          </Data>
        </ExtendedData>
        <Point>
          <coordinates>
            -70.6953234,-33.4630412,0
          </coordinates>
        </Point>
      </Placemark>
      <Placemark>
        <name>loc_107</name>
        <description><![CDATA[latitud: -33.4508779<br>longitud: -70.6884767]]></description>
        <styleUrl>#icon-1739-DB4436</styleUrl>
        <ExtendedData>
          <Data name="latitud">
            <value>-33.4508779</value>
          </Data>
          <Data name="longitud">
            <value>-70.6884767</value>
          </Data>
        </ExtendedData>
        <Point>
          <coordinates>
            -70.6884767,-33.4508779,0
          </coordinates>
        </Point>
      </Placemark>
      <Placemark>
        <name>loc_108</name>
        <description><![CDATA[latitud: -33.450879<br>longitud: -70.685595]]></description>
        <styleUrl>#icon-1739-DB4436</styleUrl>
        <ExtendedData>
          <Data name="latitud">
            <value>-33.450879</value>
          </Data>
          <Data name="longitud">
            <value>-70.685595</value>
          </Data>
        </ExtendedData>
        <Point>
          <coordinates>
            -70.685595,-33.450879,0
          </coordinates>
        </Point>
      </Placemark>
      <Placemark>
        <name>loc_109</name>
        <description><![CDATA[latitud: -33.4545497<br>longitud: -70.6872792]]></description>
        <styleUrl>#icon-1739-DB4436</styleUrl>
        <ExtendedData>
          <Data name="latitud">
            <value>-33.4545497</value>
          </Data>
          <Data name="longitud">
            <value>-70.6872792</value>
          </Data>
        </ExtendedData>
        <Point>
          <coordinates>
            -70.6872792,-33.4545497,0
          </coordinates>
        </Point>
      </Placemark>
      <Placemark>
        <name>loc_110</name>
        <description><![CDATA[latitud: -33.4568054<br>longitud: -70.6864853]]></description>
        <styleUrl>#icon-1739-DB4436</styleUrl>
        <ExtendedData>
          <Data name="latitud">
            <value>-33.4568054</value>
          </Data>
          <Data name="longitud">
            <value>-70.6864853</value>
          </Data>
        </ExtendedData>
        <Point>
          <coordinates>
            -70.6864853,-33.4568054,0
          </coordinates>
        </Point>
      </Placemark>
      <Placemark>
        <name>loc_111</name>
        <description><![CDATA[latitud: -33.4540484<br>longitud: -70.6843824]]></description>
        <styleUrl>#icon-1739-DB4436</styleUrl>
        <ExtendedData>
          <Data name="latitud">
            <value>-33.4540484</value>
          </Data>
          <Data name="longitud">
            <value>-70.6843824</value>
          </Data>
        </ExtendedData>
        <Point>
          <coordinates>
            -70.6843824,-33.4540484,0
          </coordinates>
        </Point>
      </Placemark>
      <Placemark>
        <name>loc_112</name>
        <description><![CDATA[latitud: -33.4571008<br>longitud: -70.6912506]]></description>
        <styleUrl>#icon-1739-DB4436</styleUrl>
        <ExtendedData>
          <Data name="latitud">
            <value>-33.4571008</value>
          </Data>
          <Data name="longitud">
            <value>-70.6912506</value>
          </Data>
        </ExtendedData>
        <Point>
          <coordinates>
            -70.6912506,-33.4571008,0
          </coordinates>
        </Point>
      </Placemark>
      <Placemark>
        <name>loc_113</name>
        <description><![CDATA[latitud: -33.4564205<br>longitud: -70.6941474]]></description>
        <styleUrl>#icon-1739-DB4436</styleUrl>
        <ExtendedData>
          <Data name="latitud">
            <value>-33.4564205</value>
          </Data>
          <Data name="longitud">
            <value>-70.6941474</value>
          </Data>
        </ExtendedData>
        <Point>
          <coordinates>
            -70.6941474,-33.4564205,0
          </coordinates>
        </Point>
      </Placemark>
      <Placemark>
        <name>loc_114</name>
        <description><![CDATA[latitud: -33.4549167<br>longitud: -70.6919802]]></description>
        <styleUrl>#icon-1739-DB4436</styleUrl>
        <ExtendedData>
          <Data name="latitud">
            <value>-33.4549167</value>
          </Data>
          <Data name="longitud">
            <value>-70.6919802</value>
          </Data>
        </ExtendedData>
        <Point>
          <coordinates>
            -70.6919802,-33.4549167,0
          </coordinates>
        </Point>
      </Placemark>
      <Placemark>
        <name>loc_115</name>
        <description><![CDATA[latitud: -33.4733414<br>longitud: -70.7055404]]></description>
        <styleUrl>#icon-1739-DB4436</styleUrl>
        <ExtendedData>
          <Data name="latitud">
            <value>-33.4733414</value>
          </Data>
          <Data name="longitud">
            <value>-70.7055404</value>
          </Data>
        </ExtendedData>
        <Point>
          <coordinates>
            -70.7055404,-33.4733414,0
          </coordinates>
        </Point>
      </Placemark>
      <Placemark>
        <name>loc_116</name>
        <description><![CDATA[latitud: -33.4735294<br>longitud: -70.7038774]]></description>
        <styleUrl>#icon-1739-DB4436</styleUrl>
        <ExtendedData>
          <Data name="latitud">
            <value>-33.4735294</value>
          </Data>
          <Data name="longitud">
            <value>-70.7038774</value>
          </Data>
        </ExtendedData>
        <Point>
          <coordinates>
            -70.7038774,-33.4735294,0
          </coordinates>
        </Point>
      </Placemark>
      <Placemark>
        <name>loc_117</name>
        <description><![CDATA[latitud: -33.4719095<br>longitud: -70.7053366]]></description>
        <styleUrl>#icon-1739-DB4436</styleUrl>
        <ExtendedData>
          <Data name="latitud">
            <value>-33.4719095</value>
          </Data>
          <Data name="longitud">
            <value>-70.7053366</value>
          </Data>
        </ExtendedData>
        <Point>
          <coordinates>
            -70.7053366,-33.4719095,0
          </coordinates>
        </Point>
      </Placemark>
      <Placemark>
        <name>loc_118</name>
        <description><![CDATA[latitud: -33.4744406<br>longitud: -70.6979887]]></description>
        <styleUrl>#icon-1739-DB4436</styleUrl>
        <ExtendedData>
          <Data name="latitud">
            <value>-33.4744406</value>
          </Data>
          <Data name="longitud">
            <value>-70.6979887</value>
          </Data>
        </ExtendedData>
        <Point>
          <coordinates>
            -70.6979887,-33.4744406,0
          </coordinates>
        </Point>
      </Placemark>
      <Placemark>
        <name>loc_119</name>
        <description><![CDATA[latitud: -33.4759651<br>longitud: -70.7029493]]></description>
        <styleUrl>#icon-1739-DB4436</styleUrl>
        <ExtendedData>
          <Data name="latitud">
            <value>-33.4759651</value>
          </Data>
          <Data name="longitud">
            <value>-70.7029493</value>
          </Data>
        </ExtendedData>
        <Point>
          <coordinates>
            -70.7029493,-33.4759651,0
          </coordinates>
        </Point>
      </Placemark>
      <Placemark>
        <name>loc_120</name>
        <description><![CDATA[latitud: -33.478081<br>longitud: -70.693713]]></description>
        <styleUrl>#icon-1739-DB4436</styleUrl>
        <ExtendedData>
          <Data name="latitud">
            <value>-33.478081</value>
          </Data>
          <Data name="longitud">
            <value>-70.693713</value>
          </Data>
        </ExtendedData>
        <Point>
          <coordinates>
            -70.693713,-33.478081,0
          </coordinates>
        </Point>
      </Placemark>
      <Placemark>
        <name>loc_121</name>
        <description><![CDATA[latitud: -33.4515049<br>longitud: -70.6913554]]></description>
        <styleUrl>#icon-1739-DB4436</styleUrl>
        <ExtendedData>
          <Data name="latitud">
            <value>-33.4515049</value>
          </Data>
          <Data name="longitud">
            <value>-70.6913554</value>
          </Data>
        </ExtendedData>
        <Point>
          <coordinates>
            -70.6913554,-33.4515049,0
          </coordinates>
        </Point>
      </Placemark>
      <Placemark>
        <name>Punto 122</name>
        <description><![CDATA[latitud: -33.4769<br>longitud: -70.7079508]]></description>
        <styleUrl>#icon-1739-DB4436</styleUrl>
        <ExtendedData>
          <Data name="latitud">
            <value>-33.4769</value>
          </Data>
          <Data name="longitud">
            <value>-70.7079508</value>
          </Data>
        </ExtendedData>
        <Point>
          <coordinates>
            -70.7079508,-33.4769,0
          </coordinates>
        </Point>
      </Placemark>
    </Folder>
    <Folder>
      <name>Existentes</name>
      <Placemark>
        <name>punto_5</name>
        <description><![CDATA[latitud: -33.4578761<br>longitud: -70.6998511]]></description>
        <styleUrl>#icon-1899-0F9D58</styleUrl>
        <ExtendedData>
          <Data name="latitud">
            <value>-33.4578761</value>
          </Data>
          <Data name="longitud">
            <value>-70.6998511</value>
          </Data>
        </ExtendedData>
        <Point>
          <coordinates>
            -70.6998511,-33.4578761,0
          </coordinates>
        </Point>
      </Placemark>
      <Placemark>
        <name>punto_41</name>
        <description><![CDATA[latitud: -33.4608203<br>longitud: -70.6920756]]></description>
        <styleUrl>#icon-1899-0F9D58</styleUrl>
        <ExtendedData>
          <Data name="latitud">
            <value>-33.4608203</value>
          </Data>
          <Data name="longitud">
            <value>-70.6920756</value>
          </Data>
        </ExtendedData>
        <Point>
          <coordinates>
            -70.6920756,-33.4608203,0
          </coordinates>
        </Point>
      </Placemark>
      <Placemark>
        <name>punto_60</name>
        <description><![CDATA[latitud: -33.4620808<br>longitud: -70.6862194]]></description>
        <styleUrl>#icon-1899-0F9D58</styleUrl>
        <ExtendedData>
          <Data name="latitud">
            <value>-33.4620808</value>
          </Data>
          <Data name="longitud">
            <value>-70.6862194</value>
          </Data>
        </ExtendedData>
        <Point>
          <coordinates>
            -70.6862194,-33.4620808,0
          </coordinates>
        </Point>
      </Placemark>
      <Placemark>
        <name>punto_75</name>
        <description><![CDATA[latitud: -33.4633353<br>longitud: -70.6848775]]></description>
        <styleUrl>#icon-1899-0F9D58</styleUrl>
        <ExtendedData>
          <Data name="latitud">
            <value>-33.4633353</value>
          </Data>
          <Data name="longitud">
            <value>-70.6848775</value>
          </Data>
        </ExtendedData>
        <Point>
          <coordinates>
            -70.6848775,-33.4633353,0
          </coordinates>
        </Point>
      </Placemark>
      <Placemark>
        <name>punto_118</name>
        <description><![CDATA[latitud: -33.4657711<br>longitud: -70.7054244]]></description>
        <styleUrl>#icon-1899-0F9D58</styleUrl>
        <ExtendedData>
          <Data name="latitud">
            <value>-33.4657711</value>
          </Data>
          <Data name="longitud">
            <value>-70.7054244</value>
          </Data>
        </ExtendedData>
        <Point>
          <coordinates>
            -70.7054244,-33.4657711,0
          </coordinates>
        </Point>
      </Placemark>
      <Placemark>
        <name>punto_127</name>
        <description><![CDATA[latitud: -33.4663617<br>longitud: -70.6864708]]></description>
        <styleUrl>#icon-1899-0F9D58</styleUrl>
        <ExtendedData>
          <Data name="latitud">
            <value>-33.4663617</value>
          </Data>
          <Data name="longitud">
            <value>-70.6864708</value>
          </Data>
        </ExtendedData>
        <Point>
          <coordinates>
            -70.6864708,-33.4663617,0
          </coordinates>
        </Point>
      </Placemark>
      <Placemark>
        <name>punto_157</name>
        <description><![CDATA[latitud: -33.468065<br>longitud: -70.6890697]]></description>
        <styleUrl>#icon-1899-0F9D58</styleUrl>
        <ExtendedData>
          <Data name="latitud">
            <value>-33.468065</value>
          </Data>
          <Data name="longitud">
            <value>-70.6890697</value>
          </Data>
        </ExtendedData>
        <Point>
          <coordinates>
            -70.6890697,-33.468065,0
          </coordinates>
        </Point>
      </Placemark>
      <Placemark>
        <name>punto_318</name>
        <description><![CDATA[latitud: -33.461815<br>longitud: -70.6993981]]></description>
        <styleUrl>#icon-1899-0F9D58</styleUrl>
        <ExtendedData>
          <Data name="latitud">
            <value>-33.461815</value>
          </Data>
          <Data name="longitud">
            <value>-70.6993981</value>
          </Data>
        </ExtendedData>
        <Point>
          <coordinates>
            -70.6993981,-33.461815,0
          </coordinates>
        </Point>
      </Placemark>
      <Placemark>
        <name>punto_343</name>
        <description><![CDATA[latitud: -33.4695106<br>longitud: -70.6911967]]></description>
        <styleUrl>#icon-1899-0F9D58</styleUrl>
        <ExtendedData>
          <Data name="latitud">
            <value>-33.4695106</value>
          </Data>
          <Data name="longitud">
            <value>-70.6911967</value>
          </Data>
        </ExtendedData>
        <Point>
          <coordinates>
            -70.6911967,-33.4695106,0
          </coordinates>
        </Point>
      </Placemark>
      <Placemark>
        <name>punto_344</name>
        <description><![CDATA[latitud: -33.4697867<br>longitud: -70.7021128]]></description>
        <styleUrl>#icon-1899-0F9D58</styleUrl>
        <ExtendedData>
          <Data name="latitud">
            <value>-33.4697867</value>
          </Data>
          <Data name="longitud">
            <value>-70.7021128</value>
          </Data>
        </ExtendedData>
        <Point>
          <coordinates>
            -70.7021128,-33.4697867,0
          </coordinates>
        </Point>
      </Placemark>
      <Placemark>
        <name>punto_360</name>
        <description><![CDATA[latitud: -33.4706414<br>longitud: -70.7171697]]></description>
        <styleUrl>#icon-1899-0F9D58</styleUrl>
        <ExtendedData>
          <Data name="latitud">
            <value>-33.4706414</value>
          </Data>
          <Data name="longitud">
            <value>-70.7171697</value>
          </Data>
        </ExtendedData>
        <Point>
          <coordinates>
            -70.7171697,-33.4706414,0
          </coordinates>
        </Point>
      </Placemark>
      <Placemark>
        <name>punto_405</name>
        <description><![CDATA[latitud: -33.4728<br>longitud: -70.7027836]]></description>
        <styleUrl>#icon-1899-0F9D58</styleUrl>
        <ExtendedData>
          <Data name="latitud">
            <value>-33.4728</value>
          </Data>
          <Data name="longitud">
            <value>-70.7027836</value>
          </Data>
        </ExtendedData>
        <Point>
          <coordinates>
            -70.7027836,-33.4728,0
          </coordinates>
        </Point>
      </Placemark>
      <Placemark>
        <name>punto_410</name>
        <description><![CDATA[latitud: -33.4726803<br>longitud: -70.7203428]]></description>
        <styleUrl>#icon-1899-0F9D58</styleUrl>
        <ExtendedData>
          <Data name="latitud">
            <value>-33.4726803</value>
          </Data>
          <Data name="longitud">
            <value>-70.7203428</value>
          </Data>
        </ExtendedData>
        <Point>
          <coordinates>
            -70.7203428,-33.4726803,0
          </coordinates>
        </Point>
      </Placemark>
      <Placemark>
        <name>punto_443</name>
        <description><![CDATA[latitud: -33.4740222<br>longitud: -70.7021914]]></description>
        <styleUrl>#icon-1899-0F9D58</styleUrl>
        <ExtendedData>
          <Data name="latitud">
            <value>-33.4740222</value>
          </Data>
          <Data name="longitud">
            <value>-70.7021914</value>
          </Data>
        </ExtendedData>
        <Point>
          <coordinates>
            -70.7021914,-33.4740222,0
          </coordinates>
        </Point>
      </Placemark>
      <Placemark>
        <name>punto_500</name>
        <description><![CDATA[latitud: -33.4752014<br>longitud: -70.7053617]]></description>
        <styleUrl>#icon-1899-0F9D58</styleUrl>
        <ExtendedData>
          <Data name="latitud">
            <value>-33.4752014</value>
          </Data>
          <Data name="longitud">
            <value>-70.7053617</value>
          </Data>
        </ExtendedData>
        <Point>
          <coordinates>
            -70.7053617,-33.4752014,0
          </coordinates>
        </Point>
      </Placemark>
      <Placemark>
        <name>punto_506</name>
        <description><![CDATA[latitud: -33.4756342<br>longitud: -70.6929217]]></description>
        <styleUrl>#icon-1899-0F9D58</styleUrl>
        <ExtendedData>
          <Data name="latitud">
            <value>-33.4756342</value>
          </Data>
          <Data name="longitud">
            <value>-70.6929217</value>
          </Data>
        </ExtendedData>
        <Point>
          <coordinates>
            -70.6929217,-33.4756342,0
          </coordinates>
        </Point>
      </Placemark>
      <Placemark>
        <name>punto_544</name>
        <description><![CDATA[latitud: -33.4763772<br>longitud: -70.6992203]]></description>
        <styleUrl>#icon-1899-0F9D58</styleUrl>
        <ExtendedData>
          <Data name="latitud">
            <value>-33.4763772</value>
          </Data>
          <Data name="longitud">
            <value>-70.6992203</value>
          </Data>
        </ExtendedData>
        <Point>
          <coordinates>
            -70.6992203,-33.4763772,0
          </coordinates>
        </Point>
      </Placemark>
      <Placemark>
        <name>punto_559</name>
        <description><![CDATA[latitud: -33.4764678<br>longitud: -70.71372]]></description>
        <styleUrl>#icon-1899-0F9D58</styleUrl>
        <ExtendedData>
          <Data name="latitud">
            <value>-33.4764678</value>
          </Data>
          <Data name="longitud">
            <value>-70.71372</value>
          </Data>
        </ExtendedData>
        <Point>
          <coordinates>
            -70.71372,-33.4764678,0
          </coordinates>
        </Point>
      </Placemark>
      <Placemark>
        <name>punto_567</name>
        <description><![CDATA[latitud: -33.4769011<br>longitud: -70.7098311]]></description>
        <styleUrl>#icon-1899-0F9D58</styleUrl>
        <ExtendedData>
          <Data name="latitud">
            <value>-33.4769011</value>
          </Data>
          <Data name="longitud">
            <value>-70.7098311</value>
          </Data>
        </ExtendedData>
        <Point>
          <coordinates>
            -70.7098311,-33.4769011,0
          </coordinates>
        </Point>
      </Placemark>
    </Folder>
    <Folder>
      <name>Capa sin nombre</name>
      <Placemark>
        <name>Zona</name>
        <styleUrl>#poly-558B2F-1201-125-nodesc</styleUrl>
        <Polygon>
          <outerBoundaryIs>
            <LinearRing>
              <tessellate>1</tessellate>
              <coordinates>
                -70.7208173,-33.4727978,0
                -70.7195727,-33.4749098,0
                -70.7123629,-33.4814246,0
                -70.7071273,-33.4809235,0
                -70.700175,-33.4795633,0
                -70.6943692,-33.4782936,0
                -70.6868712,-33.4766996,0
                -70.6866567,-33.4760911,0
                -70.6883304,-33.4716522,0
                -70.6879548,-33.4666582,0
                -70.6839744,-33.4669268,0
                -70.6799189,-33.4666403,0
                -70.6787602,-33.4520326,0
                -70.6796829,-33.451952,0
                -70.6797473,-33.4511195,0
                -70.6810777,-33.4510658,0
                -70.6847343,-33.4507571,0
                -70.6865626,-33.4506027,0
                -70.6885625,-33.4506273,0
                -70.6899804,-33.4509766,0
                -70.6916558,-33.4512901,0
                -70.6905077,-33.4538747,0
                -70.6985442,-33.4557564,0
                -70.6982438,-33.4570453,0
                -70.7003896,-33.4575466,0
                -70.6992738,-33.4605541,0
                -70.7026212,-33.4615924,0
                -70.7012908,-33.4635257,0
                -70.7056896,-33.464904,0
                -70.7063548,-33.4682155,0
                -70.7055394,-33.4693253,0
                -70.7061831,-33.471688,0
                -70.7080714,-33.472404,0
                -70.7133071,-33.471509,0
                -70.7128779,-33.4681797,0
                -70.7208173,-33.4727978,0
              </coordinates>
            </LinearRing>
          </outerBoundaryIs>
        </Polygon>
      </Placemark>
    </Folder>
    <Folder>
      <name>Capa sin nombre</name>
      <Placemark>
        <name>Polígono 1</name>
        <styleUrl>#poly-BDBDBD-1-255-nodesc</styleUrl>
        <Polygon>
          <outerBoundaryIs>
            <LinearRing>
              <tessellate>1</tessellate>
              <coordinates>
                -70.701143,-33.4637842,0
                -70.7021301,-33.4733785,0
                -70.6977956,-33.4738438,0
                -70.6975381,-33.4616361,0
                -70.701143,-33.4637842,0
              </coordinates>
            </LinearRing>
          </outerBoundaryIs>
        </Polygon>
      </Placemark>
    </Folder>
    <Folder>
      <name>Solucion 0.3</name>
      <Placemark>
        <name>Punto 2</name>
        <styleUrl>#icon-1899-FFD600-nodesc</styleUrl>
        <Point>
          <coordinates>
            -70.7170101,-33.4721732,0
          </coordinates>
        </Point>
      </Placemark>
      <Placemark>
        <name>Punto 2</name>
        <styleUrl>#icon-1899-FFD600-nodesc</styleUrl>
        <Point>
          <coordinates>
            -70.7153553,-33.4763873,0
          </coordinates>
        </Point>
      </Placemark>
      <Placemark>
        <name>Punto 3</name>
        <styleUrl>#icon-1899-FFD600-nodesc</styleUrl>
        <Point>
          <coordinates>
            -70.7141908,-33.4714602,0
          </coordinates>
        </Point>
      </Placemark>
      <Placemark>
        <name>Punto 4</name>
        <styleUrl>#icon-1899-FFD600-nodesc</styleUrl>
        <Point>
          <coordinates>
            -70.7091482,-33.4747984,0
          </coordinates>
        </Point>
      </Placemark>
      <Placemark>
        <name>Punto 5</name>
        <styleUrl>#icon-1899-FFD600-nodesc</styleUrl>
        <Point>
          <coordinates>
            -70.6988912,-33.476877,0
          </coordinates>
        </Point>
      </Placemark>
      <Placemark>
        <name>Punto 6</name>
        <styleUrl>#icon-1899-FFD600-nodesc</styleUrl>
        <Point>
          <coordinates>
            -70.6926951,-33.4738493,0
          </coordinates>
        </Point>
      </Placemark>
      <Placemark>
        <name>Punto 7</name>
        <styleUrl>#icon-1899-FFD600-nodesc</styleUrl>
        <Point>
          <coordinates>
            -70.6927273,-33.4745653,0
          </coordinates>
        </Point>
      </Placemark>
      <Placemark>
        <name>Punto 8</name>
        <styleUrl>#icon-1899-FFD600-nodesc</styleUrl>
        <Point>
          <coordinates>
            -70.6951858,-33.4698742,0
          </coordinates>
        </Point>
      </Placemark>
      <Placemark>
        <name>Punto 9</name>
        <styleUrl>#icon-1899-FFD600-nodesc</styleUrl>
        <Point>
          <coordinates>
            -70.6913342,-33.468478,0
          </coordinates>
        </Point>
      </Placemark>
      <Placemark>
        <name>Punto 10</name>
        <styleUrl>#icon-1899-FFD600-nodesc</styleUrl>
        <Point>
          <coordinates>
            -70.7044674,-33.4718709,0
          </coordinates>
        </Point>
      </Placemark>
      <Placemark>
        <name>Punto 11</name>
        <styleUrl>#icon-1899-FFD600-nodesc</styleUrl>
        <Point>
          <coordinates>
            -70.7032045,-33.4658829,0
          </coordinates>
        </Point>
      </Placemark>
      <Placemark>
        <name>Punto 12</name>
        <styleUrl>#icon-1899-FFD600-nodesc</styleUrl>
        <Point>
          <coordinates>
            -70.6964567,-33.4585225,0
          </coordinates>
        </Point>
      </Placemark>
      <Placemark>
        <name>Punto 13</name>
        <styleUrl>#icon-1899-FFD600-nodesc</styleUrl>
        <Point>
          <coordinates>
            -70.6915055,-33.4641961,0
          </coordinates>
        </Point>
      </Placemark>
      <Placemark>
        <name>Punto 14</name>
        <styleUrl>#icon-1899-FFD600-nodesc</styleUrl>
        <Point>
          <coordinates>
            -70.6892713,-33.4590963,0
          </coordinates>
        </Point>
      </Placemark>
      <Placemark>
        <name>Punto 15</name>
        <styleUrl>#icon-1899-FFD600-nodesc</styleUrl>
        <Point>
          <coordinates>
            -70.6883486,-33.4626586,0
          </coordinates>
        </Point>
      </Placemark>
      <Placemark>
        <name>Punto 16</name>
        <styleUrl>#icon-1899-FFD600-nodesc</styleUrl>
        <Point>
          <coordinates>
            -70.6851218,-33.4524246,0
          </coordinates>
        </Point>
      </Placemark>
      <Placemark>
        <name>Punto 17</name>
        <styleUrl>#icon-1899-FFD600-nodesc</styleUrl>
        <Point>
          <coordinates>
            -70.6838773,-33.455486,0
          </coordinates>
        </Point>
      </Placemark>
      <Placemark>
        <name>Punto 18</name>
        <styleUrl>#icon-1899-FFD600-nodesc</styleUrl>
        <Point>
          <coordinates>
            -70.6905077,-33.4538747,0
          </coordinates>
        </Point>
      </Placemark>
      <Placemark>
        <name>Punto 19</name>
        <styleUrl>#icon-1899-FFD600-nodesc</styleUrl>
        <Point>
          <coordinates>
            -70.6912506,-33.4571008,0
          </coordinates>
        </Point>
      </Placemark>
      <Placemark>
        <name>Punto 20</name>
        <styleUrl>#icon-1899-FFD600-nodesc</styleUrl>
        <Point>
          <coordinates>
            -70.7053366,-33.4719095,0
          </coordinates>
        </Point>
      </Placemark>
    </Folder>
  </Document>
</kml>
